Order_ID,Order_Date,Region,Category,Product,Unit_Price_INR,Discount_Percent,Quantity,Customer_Rating,Review_Count,Payment_Method,Delivery_Time,Discounted_Price_INR,Sales_INR,Month,Month_Number
ORD102361,2025-01-01,North,Laptops,ASUS VivoBook,40634.22,29.6,1,3.5,183,UPI,5-7 days,28606.49,28606.49,January,1
ORD100365,2025-01-01,North,Accessories,AmazonBasics Cable,4424.52,8.5,1,4.6,179,Credit Card,3-4 days,4048.44,4048.44,January,1
ORD101577,2025-01-01,North,Laptops,ASUS VivoBook,96372.54,11.0,1,3.7,176,UPI,3-4 days,85771.56,85771.56,January,1
ORD101059,2025-01-01,East,Smartphones,Motorola Edge,60834.35,28.5,1,4.5,172,UPI,3-4 days,43496.56,43496.56,January,1
ORD101040,2025-01-01,West,Smartphones,Samsung Galaxy,48250.9,3.7,1,3.9,201,Net Banking,5-7 days,46465.62,46465.62,January,1
ORD102262,2025-01-01,Central,Headphones,Noise Buds,18447.83,24.5,2,4.0,178,Debit Card,5-7 days,13928.11,27856.22,January,1
ORD101776,2025-01-02,South,Smartphones,Google Pixel,67780.36,15.0,3,4.3,211,Cash on Delivery,5-7 days,57613.31,172839.93,January,1
ORD101419,2025-01-02,South,Smartphones,Samsung Galaxy,15449.47,2.2,1,3.8,167,Credit Card,5-7 days,15109.58,15109.58,January,1
ORD100639,2025-01-02,Central,Smartphones,iPhone,69750.98,25.5,1,4.1,169,Debit Card,5-7 days,51964.48,51964.48,January,1
ORD101971,2025-01-02,Central,Laptops,Lenovo IdeaPad,87948.89,20.4,4,4.4,201,Debit Card,3-4 days,70007.32,280029.28,January,1
ORD102311,2025-01-02,Central,Smartphones,iPhone,44172.84,27.2,1,4.5,189,Cash on Delivery,5-7 days,32157.83,32157.83,January,1
ORD100807,2025-01-02,North,Accessories,Anker Charger,7435.02,13.1,1,4.3,183,Net Banking,3-4 days,6461.03,6461.03,January,1
ORD100478,2025-01-02,East,Headphones,Apple AirPods,18887.04,28.6,1,4.0,172,Net Banking,3-4 days,13485.35,13485.35,January,1
ORD101157,2025-01-02,North,Laptops,Dell Inspiron,94169.53,4.0,2,4.2,192,UPI,3-4 days,90402.75,180805.5,January,1
ORD101868,2025-01-02,East,Laptops,Lenovo IdeaPad,97489.37,12.0,5,4.1,190,Debit Card,5-7 days,85790.65,428953.25,January,1
ORD100569,2025-01-03,East,Accessories,Anker Charger,8023.39,13.3,2,4.6,190,UPI,3-4 days,6956.28,13912.56,January,1
ORD100321,2025-01-03,East,Headphones,Sony WH Series,29124.94,24.9,1,3.8,168,Debit Card,8+ days,21872.83,21872.83,January,1
ORD100114,2025-01-03,West,Monitors,LG UltraGear,29488.84,0.2,1,3.4,189,Net Banking,1-2 days,29429.86,29429.86,January,1
ORD102350,2025-01-03,East,Laptops,HP Pavilion,67063.07,19.0,1,4.7,181,Cash on Delivery,3-4 days,54321.09,54321.09,January,1
ORD102439,2025-01-03,South,Headphones,Noise Buds,15857.52,2.3,1,3.6,195,Net Banking,5-7 days,15492.8,15492.8,January,1
ORD101627,2025-01-03,North,Laptops,Acer Aspire,65271.94,17.7,1,4.5,179,Cash on Delivery,1-2 days,53718.81,53718.81,January,1
ORD101107,2025-01-03,North,Smartphones,Motorola Edge,55745.16,25.2,1,3.6,177,Credit Card,5-7 days,41697.38,41697.38,January,1
ORD101749,2025-01-03,Central,Monitors,Acer Nitro,52280.48,27.2,1,4.6,191,Net Banking,8+ days,38060.19,38060.19,January,1
ORD101158,2025-01-04,West,Accessories,Anker Charger,7858.43,1.7,4,4.0,184,UPI,1-2 days,7724.84,30899.36,January,1
ORD100367,2025-01-04,South,Accessories,HP Keyboard,4417.48,0.7,1,4.3,182,Cash on Delivery,1-2 days,4386.56,4386.56,January,1
ORD100366,2025-01-04,North,Smartphones,Samsung Galaxy,28545.68,26.8,1,3.5,199,Debit Card,1-2 days,20895.44,20895.44,January,1
ORD101106,2025-01-04,West,Laptops,HP Pavilion,82391.01,7.9,2,4.9,201,Cash on Delivery,8+ days,75882.12,151764.24,January,1
ORD102487,2025-01-04,North,Smartphones,iPhone,20405.92,1.2,1,4.2,177,UPI,8+ days,20161.05,20161.05,January,1
ORD101960,2025-01-04,Central,Monitors,LG UltraGear,37974.13,22.8,1,4.2,222,Net Banking,1-2 days,29316.03,29316.03,January,1
ORD100825,2025-01-04,Central,Headphones,Sony WH Series,23900.19,6.9,3,4.2,175,Cash on Delivery,1-2 days,22251.08,66753.24,January,1
ORD102181,2025-01-04,Central,Smartphones,OnePlus Nord,12324.87,3.8,5,3.9,196,Debit Card,3-4 days,11856.52,59282.6,January,1
ORD100545,2025-01-05,East,Headphones,Apple AirPods,26039.7,10.3,1,4.1,204,Net Banking,3-4 days,23357.61,23357.61,January,1
ORD100041,2025-01-05,South,Laptops,Acer Aspire,44969.6,8.5,2,5.0,193,Cash on Delivery,3-4 days,41147.18,82294.36,January,1
ORD100973,2025-01-05,West,Monitors,LG UltraGear,9095.52,16.8,2,4.1,184,Cash on Delivery,5-7 days,7567.47,15134.94,January,1
ORD100145,2025-01-05,Central,Smartphones,iPhone,89510.87,18.7,1,3.7,176,Net Banking,3-4 days,72772.34,72772.34,January,1
ORD100132,2025-01-05,North,Laptops,Dell Inspiron,51328.44,8.4,1,4.3,204,Credit Card,8+ days,47016.85,47016.85,January,1
ORD100278,2025-01-05,North,Headphones,Noise Buds,21876.46,29.0,1,3.5,179,Debit Card,5-7 days,15532.29,15532.29,January,1
ORD100084,2025-01-05,North,Laptops,Acer Aspire,59279.81,9.4,1,4.3,173,Debit Card,3-4 days,53707.51,53707.51,January,1
ORD101223,2025-01-05,West,Smartphones,Samsung Galaxy,40365.15,13.6,1,3.7,188,,1-2 days,34875.49,34875.49,January,1
ORD100647,2025-01-05,West,Headphones,Noise Buds,28620.35,25.1,1,4.7,198,UPI,8+ days,21436.64,21436.64,January,1
ORD101622,2025-01-05,South,Laptops,Lenovo IdeaPad,90528.37,16.4,1,4.0,191,Debit Card,3-4 days,75681.72,75681.72,January,1
ORD100259,2025-01-05,South,Headphones,Sony WH Series,16682.44,19.8,1,3.2,193,UPI,5-7 days,13379.32,13379.32,January,1
ORD100816,2025-01-05,South,Smartphones,OnePlus Nord,33473.01,27.2,5,4.8,194,UPI,3-4 days,24368.35,121841.75,January,1
ORD101019,2025-01-05,West,Accessories,AmazonBasics Cable,3037.87,1.6,3,4.3,163,Cash on Delivery,5-7 days,2989.26,8967.78,January,1
ORD102243,2025-01-06,North,Headphones,Noise Buds,29208.65,5.4,2,4.3,178,Credit Card,3-4 days,27631.38,55262.76,January,1
ORD101635,2025-01-06,South,Accessories,Logitech Mouse,2427.3,14.4,1,3.7,185,Net Banking,5-7 days,2077.77,2077.77,January,1
ORD102387,2025-01-06,South,Smartphones,Motorola Edge,78496.62,1.6,1,4.3,190,Cash on Delivery,3-4 days,77240.67,77240.67,January,1
ORD102017,2025-01-06,East,Smartphones,Samsung Galaxy,17091.54,21.1,2,4.5,188,Credit Card,5-7 days,13485.23,26970.46,January,1
ORD100174,2025-01-06,Central,Laptops,HP Pavilion,69694.52,26.6,1,4.1,190,UPI,5-7 days,51155.78,51155.78,January,1
ORD100460,2025-01-06,Central,Laptops,HP Pavilion,61847.09,1.6,2,4.1,194,Credit Card,5-7 days,60857.54,121715.08,January,1
ORD101468,2025-01-06,West,Smartphones,Motorola Edge,61746.76,28.0,1,4.6,169,Debit Card,1-2 days,44457.67,44457.67,January,1
ORD100580,2025-01-06,North,Smartphones,OnePlus Nord,83446.31,5.3,2,3.9,172,UPI,3-4 days,79023.66,158047.32,January,1
ORD102364,2025-01-06,North,Smartphones,Google Pixel,12405.41,1.4,3,4.4,187,Credit Card,1-2 days,12231.73,36695.19,January,1
ORD101963,2025-01-06,Central,Monitors,LG UltraGear,53640.17,18.4,2,4.1,171,Debit Card,5-7 days,43770.38,87540.76,January,1
ORD100910,2025-01-06,Central,Smartphones,Motorola Edge,43613.9,21.8,3,,175,UPI,3-4 days,34106.07,102318.21,January,1
ORD102140,2025-01-06,Central,Accessories,Logitech Mouse,3910.51,3.2,1,3.4,190,Debit Card,3-4 days,3785.37,3785.37,January,1
ORD100868,2025-01-07,Central,Laptops,Dell Inspiron,88021.72,14.5,2,4.0,170,Debit Card,5-7 days,75258.57,150517.14,January,1
ORD101035,2025-01-07,Central,Laptops,Dell Inspiron,73024.97,10.8,1,3.4,188,Credit Card,3-4 days,65138.27,65138.27,January,1
ORD101827,2025-01-07,West,Laptops,ASUS VivoBook,87339.83,29.8,3,4.6,168,Debit Card,1-2 days,61312.56,183937.68,January,1
ORD100302,2025-01-07,East,Headphones,Sony WH Series,28632.48,12.1,1,3.8,182,Credit Card,3-4 days,25167.95,25167.95,January,1
ORD102251,2025-01-07,South,Laptops,Lenovo IdeaPad,95501.44,22.8,4,3.8,171,Credit Card,1-2 days,73727.11,294908.44,January,1
ORD101233,2025-01-07,East,Laptops,Dell Inspiron,99282.27,7.4,1,4.5,184,Cash on Delivery,3-4 days,91935.38,91935.38,January,1
ORD102196,2025-01-07,North,Smartphones,OnePlus Nord,70544.58,13.5,1,4.8,188,Debit Card,8+ days,61021.06,61021.06,January,1
ORD100484,2025-01-07,West,Headphones,Apple AirPods,25720.49,6.8,4,3.9,196,Debit Card,3-4 days,23971.5,95886.0,January,1
ORD101997,2025-01-07,Central,Accessories,TP-Link Adapter,2489.47,18.0,3,4.6,174,Net Banking,3-4 days,2041.37,6124.11,January,1
ORD100679,2025-01-08,West,Accessories,AmazonBasics Cable,2433.14,21.3,2,4.2,193,Debit Card,5-7 days,1914.88,3829.76,January,1
ORD100069,2025-01-08,East,Laptops,ASUS VivoBook,67113.8,29.8,2,4.0,173,Debit Card,3-4 days,47113.89,94227.78,January,1
ORD102014,2025-01-08,North,Laptops,Acer Aspire,104396.61,15.6,1,4.1,198,Debit Card,5-7 days,88110.74,88110.74,January,1
ORD102209,2025-01-08,East,Smartphones,iPhone,51350.47,3.6,1,3.7,189,Debit Card,5-7 days,49501.85,49501.85,January,1
ORD100211,2025-01-09,East,Headphones,Apple AirPods,26434.34,22.9,3,4.9,176,UPI,3-4 days,20380.88,61142.64,January,1
ORD101843,2025-01-09,East,Smartphones,Motorola Edge,64242.17,24.7,2,3.8,202,Cash on Delivery,5-7 days,48374.35,96748.7,January,1
ORD100633,2025-01-09,North,Smartphones,OnePlus Nord,45396.96,24.4,1,4.2,162,UPI,3-4 days,34320.1,34320.1,January,1
ORD101364,2025-01-09,East,Headphones,JBL Tune,13915.31,16.9,2,3.1,189,Credit Card,5-7 days,11563.62,23127.24,January,1
ORD100363,2025-01-09,East,Smartphones,Google Pixel,43392.63,17.4,1,3.7,175,UPI,1-2 days,35842.31,35842.31,January,1
ORD100956,2025-01-09,Central,Smartphones,Motorola Edge,26610.05,12.3,1,3.8,168,Debit Card,5-7 days,23337.01,23337.01,January,1
ORD100991,2025-01-09,North,Monitors,Acer Nitro,29933.48,25.3,1,3.9,195,Net Banking,5-7 days,22360.31,22360.31,January,1
ORD100802,2025-01-10,North,Laptops,Lenovo IdeaPad,88175.11,21.5,1,4.9,175,UPI,1-2 days,69217.46,69217.46,January,1
ORD102481,2025-01-10,South,Smartphones,iPhone,44535.84,28.5,2,4.0,185,Credit Card,1-2 days,31843.13,63686.26,January,1
ORD101758,2025-01-10,Central,Smartphones,Samsung Galaxy,82506.0,23.1,2,4.3,180,Credit Card,1-2 days,63447.11,126894.22,January,1
ORD101136,2025-01-10,West,Laptops,Acer Aspire,91942.92,26.1,2,3.3,191,Debit Card,8+ days,67945.82,135891.64,January,1
ORD101698,2025-01-10,South,Laptops,Lenovo IdeaPad,36148.29,27.0,4,4.5,207,UPI,5-7 days,26388.25,105553.0,January,1
ORD102405,2025-01-10,West,Headphones,boAt Rockerz,20097.96,30.0,1,3.6,180,Credit Card,3-4 days,14068.57,14068.57,January,1
ORD100994,2025-01-10,West,Headphones,Sony WH Series,19087.86,12.0,1,3.2,198,Credit Card,1-2 days,16797.32,16797.32,January,1
ORD101128,2025-01-11,Central,Smartphones,Samsung Galaxy,81587.17,11.0,5,3.8,187,UPI,5-7 days,72612.58,363062.9,January,1
ORD100531,2025-01-11,Central,Monitors,Dell UltraSharp,20844.03,15.0,2,4.4,199,Cash on Delivery,1-2 days,17717.43,35434.86,January,1
ORD100795,2025-01-11,Central,Laptops,Dell Inspiron,76047.86,17.6,1,3.2,197,Net Banking,5-7 days,62663.44,62663.44,January,1
ORD100292,2025-01-11,West,Laptops,ASUS VivoBook,50921.42,7.9,1,4.3,182,Cash on Delivery,3-4 days,46898.63,46898.63,January,1
ORD101449,2025-01-11,Central,Accessories,AmazonBasics Cable,8230.25,2.9,1,4.2,218,Credit Card,3-4 days,7991.57,7991.57,January,1
ORD101266,2025-01-11,North,Laptops,Acer Aspire,48301.35,27.1,1,2.7,189,UPI,5-7 days,35211.68,35211.68,January,1
ORD101452,2025-01-11,South,Headphones,JBL Tune,29084.41,1.6,1,3.9,185,Credit Card,5-7 days,28619.06,28619.06,January,1
ORD101118,2025-01-11,West,Accessories,Logitech Mouse,5491.73,12.1,2,4.2,198,Credit Card,3-4 days,4827.23,9654.46,January,1
ORD101793,2025-01-12,North,Smartphones,Samsung Galaxy,38265.73,18.6,1,4.1,176,Cash on Delivery,3-4 days,31148.3,31148.3,January,1
ORD101592,2025-01-12,Central,Accessories,Anker Charger,829.18,17.1,4,4.6,171,UPI,3-4 days,687.39,2749.56,January,1
ORD102465,2025-01-12,Central,Headphones,Apple AirPods,26469.33,2.5,4,3.2,176,Cash on Delivery,8+ days,25807.6,103230.4,January,1
ORD100481,2025-01-12,West,Headphones,Noise Buds,17198.32,29.1,1,4.3,187,Debit Card,5-7 days,12193.61,12193.61,January,1
ORD100261,2025-01-12,North,Headphones,Apple AirPods,13530.87,3.1,1,4.3,188,Debit Card,8+ days,13111.41,13111.41,January,1
ORD101186,2025-01-12,Central,Accessories,Anker Charger,2368.34,28.4,1,3.9,192,UPI,1-2 days,1695.73,1695.73,January,1
ORD101993,2025-01-12,South,Headphones,boAt Rockerz,3817.24,27.4,1,4.1,195,Credit Card,5-7 days,2771.32,2771.32,January,1
ORD100433,2025-01-13,Central,Headphones,Sony WH Series,12359.03,14.9,3,4.7,193,Credit Card,1-2 days,10517.53,31552.59,January,1
ORD101558,2025-01-13,West,Smartphones,Motorola Edge,18806.89,8.8,1,3.7,190,UPI,1-2 days,17151.88,17151.88,January,1
ORD101753,2025-01-13,North,Laptops,Lenovo IdeaPad,97665.52,16.1,1,3.7,194,Cash on Delivery,5-7 days,81941.37,81941.37,January,1
ORD102227,2025-01-13,East,Smartphones,OnePlus Nord,74050.56,8.1,1,4.1,184,Cash on Delivery,3-4 days,68052.46,68052.46,January,1
ORD101438,2025-01-13,East,Headphones,Sony WH Series,5059.92,6.1,3,4.0,211,Cash on Delivery,5-7 days,4751.26,14253.78,January,1
ORD101488,2025-01-13,West,Headphones,Apple AirPods,8867.47,29.0,5,4.4,185,Credit Card,8+ days,6295.9,31479.5,January,1
ORD100377,2025-01-14,Central,Monitors,Samsung Monitor,34022.76,0.6,1,4.2,168,Net Banking,1-2 days,33818.62,33818.62,January,1
ORD101068,2025-01-14,East,Laptops,Acer Aspire,106016.01,6.9,3,4.3,171,UPI,5-7 days,98700.91,296102.73,January,1
ORD100453,2025-01-14,Central,Smartphones,Google Pixel,63318.14,17.5,2,5.0,159,Credit Card,3-4 days,52237.47,104474.94,January,1
ORD102403,2025-01-14,East,Smartphones,iPhone,84861.33,29.5,1,4.1,196,Credit Card,8+ days,59827.24,59827.24,January,1
ORD101621,2025-01-14,Central,Smartphones,Motorola Edge,93431.1,12.5,1,3.7,172,Cash on Delivery,5-7 days,81752.21,81752.21,January,1
ORD101242,2025-01-14,East,Monitors,Dell UltraSharp,52262.87,27.0,2,4.5,182,Credit Card,1-2 days,38151.9,76303.8,January,1
ORD101155,2025-01-14,West,Headphones,JBL Tune,28673.38,29.5,1,4.1,204,Cash on Delivery,3-4 days,20214.73,20214.73,January,1
ORD101786,2025-01-14,North,Accessories,HP Keyboard,628.38,6.6,4,4.1,174,Debit Card,3-4 days,586.91,2347.64,January,1
ORD100025,2025-01-14,Central,Smartphones,Google Pixel,62201.67,20.6,1,3.4,191,Cash on Delivery,1-2 days,49388.13,49388.13,January,1
ORD101123,2025-01-15,North,Accessories,AmazonBasics Cable,3198.55,16.5,1,4.0,171,Net Banking,3-4 days,2670.79,2670.79,January,1
ORD100371,2025-01-15,South,Laptops,ASUS VivoBook,89396.53,5.5,5,4.0,163,Cash on Delivery,3-4 days,84479.72,422398.6,January,1
ORD100184,2025-01-15,South,Accessories,TP-Link Adapter,4945.81,8.8,1,4.1,166,Cash on Delivery,5-7 days,4510.58,4510.58,January,1
ORD100229,2025-01-15,Central,Accessories,HP Keyboard,4795.92,9.7,3,3.7,179,Cash on Delivery,5-7 days,4330.72,12992.16,January,1
ORD102336,2025-01-16,East,Smartphones,Samsung Galaxy,73044.71,17.6,2,4.2,183,Cash on Delivery,3-4 days,60188.84,120377.68,January,1
ORD100894,2025-01-16,South,Smartphones,Samsung Galaxy,80205.45,18.3,1,3.5,190,Cash on Delivery,1-2 days,65527.85,65527.85,January,1
ORD100796,2025-01-16,West,Accessories,HP Keyboard,8959.19,18.7,2,4.0,174,UPI,5-7 days,7283.82,14567.64,January,1
ORD102301,2025-01-17,East,Monitors,BenQ Monitor,51877.94,15.0,2,4.4,197,Cash on Delivery,5-7 days,44096.25,88192.5,January,1
ORD100565,2025-01-17,South,Smartphones,Motorola Edge,80722.05,11.5,1,4.3,178,Credit Card,5-7 days,71439.01,71439.01,January,1
ORD101369,2025-01-17,Central,Laptops,Dell Inspiron,35056.08,28.7,1,3.8,184,Debit Card,1-2 days,24994.99,24994.99,January,1
ORD101667,2025-01-17,North,Laptops,Dell Inspiron,41736.66,9.3,4,3.7,191,Net Banking,3-4 days,37855.15,151420.6,January,1
ORD101023,2025-01-17,West,Accessories,HP Keyboard,7551.84,3.1,1,4.0,186,Net Banking,1-2 days,7317.73,7317.73,January,1
ORD102383,2025-01-17,South,Accessories,HP Keyboard,7747.06,9.4,1,4.1,184,Credit Card,1-2 days,7018.84,7018.84,January,1
ORD100274,2025-01-17,North,Accessories,AmazonBasics Cable,3488.97,17.6,2,4.5,190,Net Banking,1-2 days,2874.91,5749.82,January,1
ORD100003,2025-01-17,East,Monitors,BenQ Monitor,37840.55,21.0,1,4.1,171,Net Banking,1-2 days,29894.03,29894.03,January,1
ORD100479,2025-01-17,Central,Accessories,HP Keyboard,3595.33,12.1,2,4.5,197,UPI,8+ days,3160.3,6320.6,January,1
ORD100322,2025-01-18,East,Headphones,boAt Rockerz,22359.61,10.5,3,4.0,155,UPI,5-7 days,20011.85,60035.55,January,1
ORD102393,2025-01-18,Central,Smartphones,iPhone,65821.76,9.2,2,4.1,182,Credit Card,1-2 days,59766.16,119532.32,January,1
ORD100513,2025-01-18,West,Accessories,AmazonBasics Cable,2158.6,13.7,4,3.8,175,Cash on Delivery,5-7 days,1862.87,7451.48,January,1
ORD100520,2025-01-18,North,Laptops,ASUS VivoBook,89084.93,26.2,5,4.4,186,UPI,5-7 days,65744.68,328723.4,January,1
ORD100136,2025-01-18,East,Smartphones,Google Pixel,68161.5,9.6,3,4.2,179,Net Banking,3-4 days,61618.0,184854.0,January,1
ORD100183,2025-01-18,West,Accessories,Logitech Mouse,5535.59,27.5,4,4.1,180,Credit Card,5-7 days,4013.3,16053.2,January,1
ORD101084,2025-01-18,West,Accessories,HP Keyboard,613.22,27.3,4,4.2,169,Credit Card,3-4 days,445.81,1783.24,January,1
ORD102275,2025-01-18,Central,Accessories,TP-Link Adapter,2919.29,18.9,2,3.8,177,UPI,1-2 days,2367.54,4735.08,January,1
ORD101881,2025-01-18,South,Headphones,Apple AirPods,24133.03,10.2,1,3.3,156,Net Banking,1-2 days,21671.46,21671.46,January,1
ORD101062,2025-01-18,West,Accessories,Logitech Mouse,1110.27,22.2,1,4.5,198,Net Banking,5-7 days,863.79,863.79,January,1
ORD100131,2025-01-18,Central,Smartphones,iPhone,91636.19,7.2,4,4.1,161,Credit Card,1-2 days,85038.38,340153.52,January,1
ORD100694,2025-01-18,West,Smartphones,Samsung Galaxy,52605.86,1.7,5,4.2,200,UPI,3-4 days,51711.56,258557.8,January,1
ORD101915,2025-01-19,East,Smartphones,iPhone,67266.19,23.9,3,3.4,170,Credit Card,8+ days,51189.57,153568.71,January,1
ORD101342,2025-01-19,North,Smartphones,iPhone,74295.17,0.3,2,4.4,178,Debit Card,3-4 days,74072.28,148144.56,January,1
ORD102212,2025-01-19,Central,Monitors,Dell UltraSharp,28165.26,6.7,2,4.5,177,Cash on Delivery,1-2 days,26278.19,52556.38,January,1
ORD101761,2025-01-19,West,Smartphones,Motorola Edge,54237.48,9.6,2,4.2,200,Debit Card,5-7 days,49030.68,98061.36,January,1
ORD100087,2025-01-19,North,Monitors,BenQ Monitor,39254.94,15.8,1,3.6,182,Net Banking,1-2 days,33052.66,33052.66,January,1
ORD101103,2025-01-19,Central,Accessories,AmazonBasics Cable,7346.89,0.9,1,4.1,193,Debit Card,3-4 days,7280.77,7280.77,January,1
ORD101755,2025-01-20,Central,Accessories,Logitech Mouse,7863.28,10.2,1,4.8,192,UPI,3-4 days,7061.23,7061.23,January,1
ORD101030,2025-01-20,Central,Monitors,Acer Nitro,15142.57,3.4,2,4.5,198,UPI,3-4 days,14627.72,29255.44,January,1
ORD102423,2025-01-20,North,Monitors,BenQ Monitor,12329.91,29.2,2,5.0,177,Credit Card,5-7 days,8729.58,17459.16,January,1
ORD100140,2025-01-20,North,Accessories,Anker Charger,3424.8,2.1,1,5.0,206,Cash on Delivery,5-7 days,3352.88,3352.88,January,1
ORD102156,2025-01-20,Central,Laptops,Dell Inspiron,74236.85,17.7,1,4.8,182,UPI,1-2 days,61096.93,61096.93,January,1
ORD101069,2025-01-20,East,Smartphones,OnePlus Nord,34839.12,7.2,1,3.9,186,UPI,1-2 days,32330.7,32330.7,January,1
ORD100225,2025-01-21,North,Smartphones,Motorola Edge,74271.65,1.7,1,4.3,181,Cash on Delivery,1-2 days,73009.03,73009.03,January,1
ORD101066,2025-01-21,Central,Monitors,LG UltraGear,30326.62,12.5,1,4.7,172,Net Banking,3-4 days,26535.79,26535.79,January,1
ORD100203,2025-01-21,East,Laptops,HP Pavilion,99655.71,29.0,1,3.8,181,Net Banking,5-7 days,70755.55,70755.55,January,1
ORD101538,2025-01-21,Central,Headphones,Sony WH Series,2796.47,7.7,1,3.4,188,UPI,1-2 days,2581.14,2581.14,January,1
ORD101935,2025-01-21,North,Headphones,boAt Rockerz,2999.42,0.8,1,5.0,185,Debit Card,3-4 days,2975.42,2975.42,January,1
ORD101992,2025-01-21,East,Laptops,Acer Aspire,37284.34,19.8,1,3.7,189,Net Banking,3-4 days,29902.04,29902.04,January,1
ORD100984,2025-01-21,Central,Laptops,Lenovo IdeaPad,104723.72,12.1,2,4.1,168,Net Banking,3-4 days,92052.15,184104.3,January,1
ORD102425,2025-01-21,Central,Smartphones,Google Pixel,85225.51,18.0,1,3.8,187,Cash on Delivery,1-2 days,69884.92,69884.92,January,1
ORD101847,2025-01-21,Central,Laptops,ASUS VivoBook,72763.51,13.6,1,4.2,193,Credit Card,3-4 days,62867.67,62867.67,January,1
ORD100337,2025-01-21,South,Accessories,AmazonBasics Cable,5545.54,21.5,1,4.3,177,Credit Card,3-4 days,4353.25,4353.25,January,1
ORD101967,2025-01-22,West,Laptops,ASUS VivoBook,97754.73,20.6,2,4.0,170,Debit Card,3-4 days,77617.26,155234.52,January,1
ORD102218,2025-01-22,East,Smartphones,Google Pixel,48678.35,3.8,4,3.5,204,Credit Card,3-4 days,46828.57,187314.28,January,1
ORD100139,2025-01-22,East,Smartphones,OnePlus Nord,59959.72,22.1,1,4.3,193,UPI,1-2 days,46708.62,46708.62,January,1
ORD102229,2025-01-22,South,Smartphones,Google Pixel,72169.29,25.0,2,3.9,181,Net Banking,1-2 days,54126.97,108253.94,January,1
ORD100866,2025-01-22,South,Headphones,Noise Buds,25530.17,11.5,1,4.0,181,Credit Card,1-2 days,22594.2,22594.2,January,1
ORD102298,2025-01-23,South,Laptops,HP Pavilion,79820.99,10.7,2,4.0,165,Net Banking,3-4 days,71280.14,142560.28,January,1
ORD100452,2025-01-23,East,Headphones,Apple AirPods,16626.27,0.6,4,3.7,180,Net Banking,5-7 days,16526.51,66106.04,January,1
ORD101880,2025-01-23,East,Headphones,Noise Buds,17004.86,4.7,5,3.9,166,UPI,3-4 days,16205.63,81028.15,January,1
ORD100794,2025-01-23,South,Headphones,Noise Buds,2654.61,10.9,4,4.5,177,Net Banking,5-7 days,2365.26,9461.04,January,1
ORD101206,2025-01-23,South,Monitors,Acer Nitro,47640.87,29.3,2,4.5,185,Credit Card,5-7 days,33682.1,67364.2,January,1
ORD100378,2025-01-23,East,Laptops,Lenovo IdeaPad,52369.93,20.7,3,4.5,193,UPI,3-4 days,41529.35,124588.05,January,1
ORD100282,2025-01-24,West,Smartphones,OnePlus Nord,75153.54,11.2,1,3.6,181,UPI,1-2 days,66736.34,66736.34,January,1
ORD101808,2025-01-24,South,Laptops,HP Pavilion,100361.64,25.3,1,3.4,195,Cash on Delivery,1-2 days,74970.15,74970.15,January,1
ORD100297,2025-01-24,West,Monitors,LG UltraGear,45937.14,3.6,1,4.6,185,UPI,3-4 days,44283.4,44283.4,January,1
ORD101442,2025-01-24,Central,Laptops,ASUS VivoBook,74017.4,16.0,3,4.5,193,Cash on Delivery,3-4 days,62174.62,186523.86,January,1
ORD100536,2025-01-24,East,Accessories,AmazonBasics Cable,7624.56,16.3,1,3.9,169,UPI,5-7 days,6381.76,6381.76,January,1
ORD102270,2025-01-24,West,Smartphones,OnePlus Nord,39635.4,29.1,3,4.9,201,Debit Card,3-4 days,28101.5,84304.5,January,1
ORD101891,2025-01-24,West,Laptops,Lenovo IdeaPad,50391.51,0.8,1,3.9,202,UPI,3-4 days,49988.38,49988.38,January,1
ORD100764,2025-01-24,West,Monitors,Samsung Monitor,20718.44,8.8,5,3.8,193,Credit Card,8+ days,18895.22,94476.1,January,1
ORD101811,2025-01-24,Central,Headphones,JBL Tune,12327.4,19.7,2,4.3,195,Net Banking,1-2 days,9898.9,19797.8,January,1
ORD100115,2025-01-24,South,Headphones,Sony WH Series,3626.55,27.5,3,3.9,197,Debit Card,8+ days,2629.25,7887.75,January,1
ORD102468,2025-01-25,West,Laptops,ASUS VivoBook,62674.07,15.1,1,4.1,177,Debit Card,1-2 days,53210.29,53210.29,January,1
ORD100881,2025-01-25,West,Laptops,Lenovo IdeaPad,79969.79,23.5,2,4.3,201,Net Banking,1-2 days,61176.89,122353.78,January,1
ORD101105,2025-01-25,North,Accessories,AmazonBasics Cable,6254.66,3.2,1,4.0,194,Net Banking,5-7 days,6054.51,6054.51,January,1
ORD101322,2025-01-25,South,Laptops,Lenovo IdeaPad,37160.09,0.8,1,3.8,187,Debit Card,5-7 days,36862.81,36862.81,January,1
ORD100220,2025-01-25,East,Monitors,BenQ Monitor,19786.98,23.4,1,4.2,192,Credit Card,1-2 days,15156.83,15156.83,January,1
ORD100441,2025-01-25,Central,Laptops,ASUS VivoBook,79732.55,18.3,2,4.1,190,UPI,3-4 days,65141.49,130282.98,January,1
ORD101232,2025-01-25,North,Laptops,ASUS VivoBook,51770.95,6.1,2,4.0,207,Net Banking,3-4 days,48612.92,97225.84,January,1
ORD101850,2025-01-26,East,Headphones,boAt Rockerz,18925.0,21.5,2,3.8,183,Debit Card,1-2 days,14856.12,29712.24,January,1
ORD102496,2025-01-26,East,Smartphones,Samsung Galaxy,86911.0,19.3,1,4.4,191,Net Banking,1-2 days,70137.18,70137.18,January,1
ORD100842,2025-01-26,West,Headphones,Noise Buds,4188.18,17.2,2,3.7,210,Credit Card,3-4 days,3467.81,6935.62,January,1
ORD100668,2025-01-26,South,Laptops,Acer Aspire,67148.32,21.6,1,4.2,169,UPI,3-4 days,52644.28,52644.28,January,1
ORD101094,2025-01-26,West,Smartphones,iPhone,23389.85,9.9,3,3.5,168,UPI,5-7 days,21074.25,63222.75,January,1
ORD102228,2025-01-26,North,Headphones,Sony WH Series,29992.85,16.0,3,3.9,179,Cash on Delivery,1-2 days,25193.99,75581.97,January,1
ORD102469,2025-01-26,South,Smartphones,Samsung Galaxy,82933.38,19.1,1,3.6,182,Credit Card,3-4 days,67093.1,67093.1,January,1
ORD101447,2025-01-26,South,Headphones,Apple AirPods,11034.32,18.3,1,4.6,179,Debit Card,3-4 days,9015.04,9015.04,January,1
ORD100979,2025-01-26,West,Smartphones,Motorola Edge,71300.15,22.1,2,3.7,186,UPI,3-4 days,55542.82,111085.64,January,1
ORD101174,2025-01-26,East,Smartphones,Samsung Galaxy,52952.76,10.5,3,4.5,177,Net Banking,1-2 days,47392.72,142178.16,January,1
ORD100355,2025-01-27,Central,Laptops,ASUS VivoBook,104971.75,4.9,1,3.8,191,Credit Card,1-2 days,99828.13,99828.13,January,1
ORD100424,2025-01-27,Central,Smartphones,Samsung Galaxy,77676.6,23.2,1,4.1,175,Debit Card,5-7 days,59655.63,59655.63,January,1
ORD101057,2025-01-27,East,Monitors,Acer Nitro,44322.31,16.0,3,4.0,185,Cash on Delivery,1-2 days,37230.74,111692.22,January,1
ORD101267,2025-01-27,South,Smartphones,Google Pixel,12584.56,20.2,3,3.6,188,Net Banking,5-7 days,10042.48,30127.44,January,1
ORD101624,2025-01-27,Central,Accessories,Logitech Mouse,7687.12,14.9,2,4.1,171,Credit Card,3-4 days,6541.74,13083.48,January,1
ORD101548,2025-01-27,North,Headphones,Sony WH Series,29375.93,6.1,1,4.4,199,UPI,3-4 days,27584.0,27584.0,January,1
ORD100731,2025-01-27,West,Laptops,Acer Aspire,91769.57,24.5,4,4.0,201,UPI,3-4 days,69286.03,277144.12,January,1
ORD101662,2025-01-27,Central,Smartphones,Motorola Edge,21141.81,26.5,2,4.6,200,UPI,3-4 days,15539.23,31078.46,January,1
ORD100410,2025-01-27,East,Laptops,Dell Inspiron,86856.2,6.5,2,4.9,182,Net Banking,3-4 days,81210.55,162421.1,January,1
ORD101109,2025-01-27,West,Headphones,Apple AirPods,20893.1,15.6,2,3.7,190,UPI,1-2 days,17633.78,35267.56,January,1
ORD100339,2025-01-28,West,Smartphones,OnePlus Nord,80553.1,7.0,1,3.5,186,Debit Card,1-2 days,74914.38,74914.38,January,1
ORD102331,2025-01-28,North,Smartphones,Google Pixel,44046.23,6.9,1,4.2,188,Cash on Delivery,1-2 days,41007.04,41007.04,January,1
ORD100170,2025-01-28,East,Headphones,JBL Tune,8562.41,3.4,1,3.5,188,Cash on Delivery,8+ days,8271.29,8271.29,January,1
ORD101502,2025-01-28,East,Smartphones,iPhone,91936.81,19.8,1,3.5,167,Credit Card,3-4 days,73733.32,73733.32,January,1
ORD101230,2025-01-28,Central,Smartphones,iPhone,85624.55,24.1,2,4.2,179,UPI,3-4 days,64989.03,129978.06,January,1
ORD101208,2025-01-28,South,Smartphones,iPhone,19202.99,12.7,5,3.6,178,Debit Card,1-2 days,16764.21,83821.05,January,1
ORD100896,2025-01-28,North,Laptops,Acer Aspire,91047.32,13.4,1,4.6,185,UPI,5-7 days,78846.98,78846.98,January,1
ORD101787,2025-01-28,South,Headphones,Apple AirPods,11650.54,15.7,5,4.5,199,Debit Card,3-4 days,9821.41,49107.05,January,1
ORD100434,2025-01-29,South,Laptops,Dell Inspiron,78756.61,2.8,1,4.6,188,Debit Card,3-4 days,76551.42,76551.42,January,1
ORD102396,2025-01-29,South,Smartphones,Motorola Edge,67803.13,23.1,1,3.9,177,Debit Card,3-4 days,52140.61,52140.61,January,1
ORD100620,2025-01-29,West,Monitors,BenQ Monitor,24909.51,29.2,1,3.7,189,UPI,1-2 days,17635.93,17635.93,January,1
ORD101626,2025-01-29,West,Headphones,boAt Rockerz,1991.15,27.8,1,4.0,168,Debit Card,3-4 days,1437.61,1437.61,January,1
ORD100153,2025-01-29,Central,Laptops,Dell Inspiron,80900.64,10.7,1,4.4,195,Debit Card,1-2 days,72244.27,72244.27,January,1
ORD100283,2025-01-29,East,Smartphones,Google Pixel,15547.39,20.1,1,3.8,181,Net Banking,3-4 days,12422.36,12422.36,January,1
ORD101479,2025-01-29,North,Monitors,Acer Nitro,46684.77,26.1,2,4.4,153,,3-4 days,34500.05,69000.1,January,1
ORD102489,2025-01-30,Central,Headphones,Sony WH Series,8363.29,1.8,1,3.7,199,Cash on Delivery,5-7 days,8212.75,8212.75,January,1
ORD100248,2025-01-30,South,Accessories,HP Keyboard,5579.28,13.4,1,3.7,190,Cash on Delivery,5-7 days,4831.66,4831.66,January,1
ORD101639,2025-01-30,Central,Accessories,AmazonBasics Cable,5188.06,14.6,1,3.6,191,Debit Card,3-4 days,4430.6,4430.6,January,1
ORD101864,2025-01-30,Central,Headphones,Sony WH Series,22306.87,10.7,1,4.3,193,Cash on Delivery,5-7 days,19920.03,19920.03,January,1
ORD101135,2025-01-30,Central,Headphones,Sony WH Series,10007.43,15.0,1,4.1,175,Credit Card,3-4 days,8506.32,8506.32,January,1
ORD100466,2025-01-30,Central,Smartphones,Motorola Edge,89913.31,24.4,1,4.3,164,UPI,8+ days,67974.46,67974.46,January,1
ORD100112,2025-01-30,Central,Laptops,ASUS VivoBook,48284.54,15.8,1,3.9,180,Cash on Delivery,3-4 days,40655.58,40655.58,January,1
ORD102215,2025-01-31,North,Monitors,Acer Nitro,41604.77,4.6,1,4.6,196,Debit Card,1-2 days,39690.95,39690.95,January,1
ORD102343,2025-01-31,Central,Laptops,Lenovo IdeaPad,52544.21,1.5,2,4.8,198,UPI,1-2 days,51756.05,103512.1,January,1
ORD101921,2025-01-31,West,Headphones,boAt Rockerz,8469.17,3.4,1,3.7,182,Credit Card,5-7 days,8181.22,8181.22,January,1
ORD100157,2025-01-31,North,Headphones,Noise Buds,11274.13,13.7,2,3.9,167,Debit Card,8+ days,9729.57,19459.14,January,1
ORD100252,2025-01-31,Central,Smartphones,OnePlus Nord,22116.0,4.4,1,3.9,203,Debit Card,1-2 days,21142.9,21142.9,January,1
ORD101392,2025-01-31,East,Laptops,HP Pavilion,104945.17,23.2,1,4.0,207,Debit Card,3-4 days,80597.89,80597.89,January,1
ORD100843,2025-01-31,West,Laptops,ASUS VivoBook,57156.65,12.1,1,4.0,177,UPI,5-7 days,50240.7,50240.7,January,1
ORD100847,2025-01-31,North,Laptops,HP Pavilion,98888.44,29.5,1,3.7,194,Credit Card,1-2 days,69716.35,69716.35,January,1
ORD101388,2025-01-31,West,Laptops,ASUS VivoBook,38810.19,0.0,1,4.4,183,UPI,1-2 days,38810.19,38810.19,January,1
ORD102180,2025-01-31,East,Smartphones,Samsung Galaxy,14063.34,26.3,1,4.4,180,Credit Card,8+ days,10364.68,10364.68,January,1
ORD102066,2025-01-31,East,Monitors,Samsung Monitor,42074.89,25.6,1,4.6,171,Debit Card,1-2 days,31303.72,31303.72,January,1
ORD100313,2025-01-31,West,Laptops,ASUS VivoBook,43866.68,2.4,4,4.1,187,Net Banking,3-4 days,42813.88,171255.52,January,1
ORD100592,2025-01-31,Central,Headphones,Apple AirPods,9396.49,25.2,1,4.0,190,Credit Card,3-4 days,7028.57,7028.57,January,1
ORD101872,2025-01-31,South,Laptops,HP Pavilion,82531.56,25.5,5,4.2,190,Debit Card,3-4 days,61486.01,307430.05,January,1
ORD100290,2025-01-31,East,Headphones,Sony WH Series,13874.05,13.3,2,4.3,183,Net Banking,3-4 days,12028.8,24057.6,January,1
ORD100737,2025-01-31,East,Smartphones,OnePlus Nord,14524.52,18.1,1,3.9,184,Net Banking,3-4 days,11895.58,11895.58,January,1
ORD100373,2025-02-01,Central,Laptops,Dell Inspiron,41530.34,16.8,2,3.3,187,Credit Card,3-4 days,34553.24,69106.48,February,2
ORD100669,2025-02-01,Central,Laptops,ASUS VivoBook,82137.66,17.1,1,3.4,184,Debit Card,5-7 days,68092.12,68092.12,February,2
ORD100436,2025-02-01,West,Headphones,Sony WH Series,19033.08,29.5,2,4.3,216,Net Banking,1-2 days,13418.32,26836.64,February,2
ORD101989,2025-02-01,South,Smartphones,Motorola Edge,88623.0,22.8,2,3.9,205,Cash on Delivery,5-7 days,68416.96,136833.92,February,2
ORD100624,2025-02-02,North,Smartphones,iPhone,25329.28,22.7,1,3.9,195,Debit Card,5-7 days,19579.53,19579.53,February,2
ORD100177,2025-02-02,West,Headphones,Apple AirPods,13176.81,14.0,1,3.9,183,Cash on Delivery,1-2 days,11332.06,11332.06,February,2
ORD100535,2025-02-02,South,Monitors,BenQ Monitor,48376.05,20.3,1,4.2,176,UPI,5-7 days,38555.71,38555.71,February,2
ORD100770,2025-02-02,East,Monitors,BenQ Monitor,38251.9,7.9,2,4.6,179,Cash on Delivery,8+ days,35230.0,70460.0,February,2
ORD102333,2025-02-02,Central,Headphones,Noise Buds,18550.3,8.9,3,3.8,189,Credit Card,3-4 days,16899.32,50697.96,February,2
ORD102435,2025-02-03,East,Accessories,Logitech Mouse,6592.02,20.2,1,3.9,185,Net Banking,5-7 days,5260.43,5260.43,February,2
ORD101883,2025-02-03,South,Headphones,Noise Buds,28854.28,10.9,1,4.1,194,UPI,8+ days,25709.16,25709.16,February,2
ORD100719,2025-02-04,East,Laptops,HP Pavilion,91274.81,4.9,1,4.2,181,Cash on Delivery,3-4 days,86802.34,86802.34,February,2
ORD101204,2025-02-04,South,Smartphones,Motorola Edge,49546.44,5.0,3,4.0,153,UPI,3-4 days,47069.12,141207.36,February,2
ORD100504,2025-02-04,West,Monitors,BenQ Monitor,17872.05,23.7,1,4.6,179,Net Banking,5-7 days,13636.37,13636.37,February,2
ORD100673,2025-02-04,South,Laptops,Acer Aspire,109813.86,17.5,1,4.2,192,Cash on Delivery,1-2 days,90596.43,90596.43,February,2
ORD101345,2025-02-05,South,Monitors,Acer Nitro,49387.01,19.5,1,4.2,196,Net Banking,8+ days,39756.54,39756.54,February,2
ORD101281,2025-02-05,North,Headphones,boAt Rockerz,7340.27,15.4,1,3.9,192,Cash on Delivery,5-7 days,6209.87,6209.87,February,2
ORD101839,2025-02-05,South,Accessories,Anker Charger,2486.05,13.6,1,3.5,205,Cash on Delivery,3-4 days,2147.95,2147.95,February,2
ORD101237,2025-02-05,East,Accessories,AmazonBasics Cable,2568.61,3.9,1,4.5,168,Net Banking,5-7 days,2468.43,2468.43,February,2
ORD101338,2025-02-05,North,Headphones,Noise Buds,19405.06,15.8,2,4.0,174,Cash on Delivery,3-4 days,16339.06,32678.12,February,2
ORD102418,2025-02-05,West,Laptops,Acer Aspire,91789.18,4.5,3,3.9,187,UPI,1-2 days,87658.67,262976.01,February,2
ORD100998,2025-02-05,West,Laptops,HP Pavilion,67898.68,21.7,1,4.3,190,Debit Card,1-2 days,53164.67,53164.67,February,2
ORD100618,2025-02-05,East,Smartphones,Motorola Edge,44709.48,16.7,1,4.7,204,Credit Card,3-4 days,37243.0,37243.0,February,2
ORD101661,2025-02-06,West,Headphones,Sony WH Series,15574.33,29.6,2,4.6,221,Cash on Delivery,3-4 days,10964.33,21928.66,February,2
ORD100173,2025-02-06,Central,Smartphones,Motorola Edge,25899.16,24.3,2,4.1,193,UPI,3-4 days,19605.66,39211.32,February,2
ORD100812,2025-02-06,East,Monitors,Samsung Monitor,49005.34,1.1,1,4.4,179,Credit Card,3-4 days,48466.28,48466.28,February,2
ORD100732,2025-02-07,Central,Monitors,Dell UltraSharp,40699.57,26.7,3,4.0,179,UPI,1-2 days,29832.78,89498.34,February,2
ORD101282,2025-02-07,North,Headphones,JBL Tune,23713.79,7.2,4,4.3,180,Debit Card,1-2 days,22006.4,88025.6,February,2
ORD101183,2025-02-07,North,Headphones,JBL Tune,14384.78,12.2,1,4.3,168,UPI,3-4 days,12629.84,12629.84,February,2
ORD102203,2025-02-07,Central,Smartphones,Samsung Galaxy,14918.03,24.7,1,4.0,184,Net Banking,5-7 days,11233.28,11233.28,February,2
ORD101501,2025-02-07,South,Smartphones,Google Pixel,12052.08,23.8,2,3.6,176,Credit Card,1-2 days,9183.68,18367.36,February,2
ORD101552,2025-02-07,West,Headphones,Noise Buds,6111.5,6.0,4,3.6,163,Net Banking,1-2 days,5744.81,22979.24,February,2
ORD102046,2025-02-08,Central,Monitors,BenQ Monitor,14367.7,8.3,2,4.3,164,Cash on Delivery,3-4 days,13175.18,26350.36,February,2
ORD100649,2025-02-08,East,Monitors,BenQ Monitor,54346.97,22.9,1,3.7,183,Cash on Delivery,3-4 days,41901.51,41901.51,February,2
ORD102012,2025-02-08,West,Laptops,Acer Aspire,59457.95,16.8,2,4.1,154,Net Banking,8+ days,49469.01,98938.02,February,2
ORD101566,2025-02-08,North,Smartphones,Motorola Edge,72673.86,23.3,2,3.4,183,UPI,1-2 days,55740.85,111481.7,February,2
ORD100664,2025-02-08,North,Laptops,Dell Inspiron,68395.55,15.0,1,4.2,203,Cash on Delivery,3-4 days,58136.22,58136.22,February,2
ORD100180,2025-02-09,East,Laptops,HP Pavilion,70550.47,19.1,1,4.6,200,Credit Card,5-7 days,57075.33,57075.33,February,2
ORD100408,2025-02-09,Central,Laptops,Dell Inspiron,41533.2,26.6,2,4.1,178,Cash on Delivery,1-2 days,30485.37,60970.74,February,2
ORD100934,2025-02-09,South,Headphones,Apple AirPods,1412.89,24.8,1,3.8,180,UPI,3-4 days,1062.49,1062.49,February,2
ORD101641,2025-02-09,West,Headphones,JBL Tune,1656.53,0.2,3,3.8,184,Net Banking,5-7 days,1653.22,4959.66,February,2
ORD100036,2025-02-09,North,Monitors,LG UltraGear,49752.04,13.7,1,3.9,195,Cash on Delivery,5-7 days,42936.01,42936.01,February,2
ORD100348,2025-02-09,South,Laptops,Lenovo IdeaPad,86660.79,3.2,1,4.1,201,UPI,5-7 days,83887.64,83887.64,February,2
ORD100743,2025-02-09,East,Monitors,Dell UltraSharp,46844.33,26.0,4,4.3,190,Cash on Delivery,5-7 days,34664.8,138659.2,February,2
ORD102495,2025-02-09,Central,Smartphones,Google Pixel,15023.31,7.3,1,4.3,160,Cash on Delivery,3-4 days,13926.61,13926.61,February,2
ORD100458,2025-02-10,West,Smartphones,Samsung Galaxy,16463.9,0.2,2,3.9,204,Debit Card,1-2 days,16430.97,32861.94,February,2
ORD101655,2025-02-10,West,Laptops,ASUS VivoBook,35750.78,15.0,1,3.8,207,Debit Card,3-4 days,30388.16,30388.16,February,2
ORD100228,2025-02-10,East,Smartphones,Google Pixel,18736.63,5.1,4,4.6,188,Net Banking,3-4 days,17781.06,71124.24,February,2
ORD100382,2025-02-10,East,Headphones,boAt Rockerz,24594.99,14.1,1,4.1,169,Cash on Delivery,1-2 days,21127.1,21127.1,February,2
ORD102456,2025-02-10,North,Laptops,Lenovo IdeaPad,63425.44,11.9,1,3.9,181,Debit Card,3-4 days,55877.81,55877.81,February,2
ORD100890,2025-02-10,Central,Smartphones,OnePlus Nord,34142.08,20.1,2,3.3,174,UPI,1-2 days,27279.52,54559.04,February,2
ORD102090,2025-02-10,South,Smartphones,Motorola Edge,19200.14,21.1,3,4.2,205,Cash on Delivery,3-4 days,15148.91,45446.73,February,2
ORD101463,2025-02-11,Central,Laptops,Acer Aspire,72697.26,9.5,1,4.4,179,UPI,5-7 days,65791.02,65791.02,February,2
ORD100699,2025-02-11,Central,Laptops,HP Pavilion,52279.0,1.6,1,3.8,197,UPI,1-2 days,51442.54,51442.54,February,2
ORD101469,2025-02-11,South,Accessories,Anker Charger,3745.91,2.6,3,4.4,188,Debit Card,1-2 days,3648.52,10945.56,February,2
ORD101473,2025-02-11,South,Accessories,Anker Charger,8272.38,26.0,2,4.7,188,Net Banking,3-4 days,6121.56,12243.12,February,2
ORD101890,2025-02-11,North,Accessories,Anker Charger,2478.64,5.9,3,3.4,168,UPI,3-4 days,2332.4,6997.2,February,2
ORD100801,2025-02-11,South,Headphones,boAt Rockerz,24920.99,16.2,1,3.9,171,Net Banking,1-2 days,20883.79,20883.79,February,2
ORD100903,2025-02-11,South,Laptops,Acer Aspire,93452.39,9.5,1,4.2,195,Cash on Delivery,5-7 days,84574.41,84574.41,February,2
ORD101648,2025-02-12,North,Monitors,Samsung Monitor,38878.98,0.8,2,4.8,202,Net Banking,1-2 days,38567.95,77135.9,February,2
ORD100659,2025-02-12,West,Headphones,Sony WH Series,19475.23,27.9,1,4.7,171,Debit Card,3-4 days,14041.64,14041.64,February,2
ORD100584,2025-02-12,North,Smartphones,Samsung Galaxy,63229.23,25.2,1,4.3,216,UPI,5-7 days,47295.46,47295.46,February,2
ORD101833,2025-02-12,East,Headphones,Noise Buds,23545.12,27.6,2,4.0,180,Debit Card,1-2 days,17046.67,34093.34,February,2
ORD101780,2025-02-12,North,Monitors,Acer Nitro,41347.19,14.8,1,4.2,167,UPI,3-4 days,35227.81,35227.81,February,2
ORD100977,2025-02-12,Central,Headphones,Noise Buds,6215.71,8.8,1,3.9,183,Debit Card,8+ days,5668.73,5668.73,February,2
ORD101829,2025-02-12,North,Monitors,Samsung Monitor,54969.47,1.8,2,4.6,197,Cash on Delivery,3-4 days,53980.02,107960.04,February,2
ORD100682,2025-02-13,South,Smartphones,OnePlus Nord,15900.38,16.8,3,3.8,187,Credit Card,3-4 days,13229.12,39687.36,February,2
ORD100285,2025-02-13,South,Headphones,Apple AirPods,4617.43,7.7,1,3.6,211,Cash on Delivery,5-7 days,4261.89,4261.89,February,2
ORD101112,2025-02-13,East,Laptops,ASUS VivoBook,100221.23,14.3,1,4.8,187,Cash on Delivery,5-7 days,85889.59,85889.59,February,2
ORD102458,2025-02-13,West,Headphones,Noise Buds,5015.11,11.2,3,3.8,182,Net Banking,1-2 days,4453.42,13360.26,February,2
ORD102119,2025-02-13,South,Laptops,Dell Inspiron,85826.12,28.2,1,3.4,176,Credit Card,5-7 days,61623.15,61623.15,February,2
ORD100862,2025-02-13,North,Smartphones,Motorola Edge,23914.21,15.4,1,4.2,175,UPI,1-2 days,20231.42,20231.42,February,2
ORD101598,2025-02-13,Central,Laptops,HP Pavilion,89647.78,19.3,4,3.7,196,Credit Card,3-4 days,72345.76,289383.04,February,2
ORD100871,2025-02-13,South,Smartphones,iPhone,32264.25,8.3,3,3.9,203,Debit Card,3-4 days,29586.32,88758.96,February,2
ORD101459,2025-02-14,North,Laptops,Dell Inspiron,55515.65,11.8,1,5.0,191,Cash on Delivery,3-4 days,48964.8,48964.8,February,2
ORD100850,2025-02-14,Central,Headphones,Apple AirPods,26996.92,23.3,5,4.4,160,Cash on Delivery,5-7 days,20706.64,103533.2,February,2
ORD100771,2025-02-15,East,Laptops,Lenovo IdeaPad,92440.13,28.6,3,4.4,202,Cash on Delivery,3-4 days,66002.25,198006.75,February,2
ORD102065,2025-02-15,East,Laptops,Lenovo IdeaPad,60476.95,18.8,1,3.6,189,Net Banking,3-4 days,49107.28,49107.28,February,2
ORD100414,2025-02-15,East,Headphones,Apple AirPods,6681.7,25.3,1,4.7,193,UPI,5-7 days,4991.23,4991.23,February,2
ORD100538,2025-02-15,North,Smartphones,OnePlus Nord,23358.15,17.2,4,3.7,178,Cash on Delivery,5-7 days,19340.55,77362.2,February,2
ORD100079,2025-02-15,South,Smartphones,Motorola Edge,55442.8,29.0,3,4.2,190,Cash on Delivery,3-4 days,39364.39,118093.17,February,2
ORD100827,2025-02-15,South,Smartphones,Samsung Galaxy,56333.59,1.0,1,4.2,147,Net Banking,1-2 days,55770.25,55770.25,February,2
ORD102015,2025-02-15,East,Headphones,JBL Tune,26197.44,11.8,1,3.8,184,Net Banking,3-4 days,23106.14,23106.14,February,2
ORD100670,2025-02-15,North,Smartphones,iPhone,29857.92,22.2,1,4.5,191,Debit Card,1-2 days,23229.46,23229.46,February,2
ORD100677,2025-02-15,Central,Laptops,Lenovo IdeaPad,64934.46,26.9,2,3.8,182,Credit Card,1-2 days,47467.09,94934.18,February,2
ORD101806,2025-02-16,Central,Monitors,BenQ Monitor,23509.15,11.6,1,4.4,174,Cash on Delivery,3-4 days,20782.09,20782.09,February,2
ORD100576,2025-02-16,Central,Accessories,HP Keyboard,2883.46,11.2,1,3.3,186,Cash on Delivery,1-2 days,2560.51,2560.51,February,2
ORD101219,2025-02-16,East,Headphones,Apple AirPods,13612.33,0.2,1,3.4,177,Cash on Delivery,3-4 days,13585.11,13585.11,February,2
ORD101054,2025-02-16,East,Monitors,LG UltraGear,32654.44,8.5,1,4.4,193,Credit Card,1-2 days,29878.81,29878.81,February,2
ORD100917,2025-02-16,South,Smartphones,OnePlus Nord,69036.77,29.9,1,4.6,212,UPI,3-4 days,48394.78,48394.78,February,2
ORD102032,2025-02-16,North,Headphones,Noise Buds,9684.58,25.2,1,3.9,184,Credit Card,5-7 days,7244.07,7244.07,February,2
ORD100319,2025-02-16,East,Laptops,ASUS VivoBook,50742.32,4.3,5,4.2,178,Cash on Delivery,3-4 days,48560.4,242802.0,February,2
ORD102235,2025-02-17,East,Headphones,boAt Rockerz,6256.7,22.7,3,3.3,161,Cash on Delivery,3-4 days,4836.43,14509.29,February,2
ORD102281,2025-02-17,South,Smartphones,OnePlus Nord,64112.7,7.8,1,4.2,161,Net Banking,3-4 days,59111.91,59111.91,February,2
ORD102158,2025-02-17,South,Smartphones,OnePlus Nord,15604.97,0.3,1,3.5,177,Cash on Delivery,1-2 days,15558.16,15558.16,February,2
ORD102395,2025-02-17,East,Accessories,Anker Charger,7673.07,19.2,1,4.2,182,Net Banking,1-2 days,6199.84,6199.84,February,2
ORD101016,2025-02-17,North,Accessories,HP Keyboard,5141.15,8.1,1,4.3,216,UPI,3-4 days,4724.72,4724.72,February,2
ORD101007,2025-02-17,North,Headphones,boAt Rockerz,26146.09,23.3,2,3.9,158,Cash on Delivery,1-2 days,20054.05,40108.1,February,2
ORD102028,2025-02-17,Central,Accessories,TP-Link Adapter,7564.22,29.8,3,4.9,163,Credit Card,5-7 days,5310.08,15930.24,February,2
ORD100908,2025-02-18,West,Smartphones,Samsung Galaxy,12224.78,2.9,1,4.4,174,Cash on Delivery,1-2 days,11870.26,11870.26,February,2
ORD102266,2025-02-18,West,Headphones,Apple AirPods,28306.98,18.3,2,3.6,184,Net Banking,1-2 days,23126.8,46253.6,February,2
ORD100859,2025-02-18,West,Headphones,Sony WH Series,6600.13,12.5,1,4.7,184,Cash on Delivery,3-4 days,5775.11,5775.11,February,2
ORD101079,2025-02-18,South,Laptops,Dell Inspiron,58019.83,7.4,2,3.7,185,Debit Card,3-4 days,53726.36,107452.72,February,2
ORD100029,2025-02-18,North,Headphones,Sony WH Series,9653.8,13.4,1,3.9,181,Cash on Delivery,5-7 days,8360.19,8360.19,February,2
ORD100797,2025-02-18,East,Accessories,Anker Charger,2995.85,19.6,1,3.6,194,Net Banking,3-4 days,2408.66,2408.66,February,2
ORD100803,2025-02-18,South,Headphones,JBL Tune,18123.66,16.7,2,5.0,191,UPI,3-4 days,15097.01,30194.02,February,2
ORD100950,2025-02-18,East,Headphones,boAt Rockerz,6466.5,2.5,2,3.4,156,Credit Card,8+ days,6304.84,12609.68,February,2
ORD101188,2025-02-18,East,Laptops,HP Pavilion,50421.61,26.2,1,3.4,165,Cash on Delivery,5-7 days,37211.15,37211.15,February,2
ORD102107,2025-02-18,North,Accessories,Logitech Mouse,3783.74,20.7,1,4.1,172,Net Banking,5-7 days,3000.51,3000.51,February,2
ORD101701,2025-02-19,West,Accessories,TP-Link Adapter,4360.98,21.0,1,4.5,175,Cash on Delivery,3-4 days,3445.17,3445.17,February,2
ORD100301,2025-02-19,Central,Laptops,HP Pavilion,100881.19,18.2,3,4.0,195,Net Banking,3-4 days,82520.81,247562.43,February,2
ORD100364,2025-02-19,Central,Headphones,JBL Tune,16098.05,18.6,2,4.6,175,Net Banking,3-4 days,13103.81,26207.62,February,2
ORD101710,2025-02-19,East,Headphones,Noise Buds,15406.49,4.6,1,4.6,155,Credit Card,5-7 days,14697.79,14697.79,February,2
ORD101384,2025-02-19,North,Smartphones,Samsung Galaxy,89184.65,25.0,1,4.2,191,UPI,3-4 days,66888.49,66888.49,February,2
ORD100993,2025-02-19,North,Smartphones,iPhone,37242.28,15.7,2,3.7,179,Cash on Delivery,1-2 days,31395.24,62790.48,February,2
ORD101656,2025-02-19,South,Accessories,Anker Charger,8882.89,17.8,1,4.6,186,UPI,3-4 days,7301.74,7301.74,February,2
ORD101445,2025-02-19,North,Accessories,HP Keyboard,6887.31,3.0,1,3.4,172,Net Banking,5-7 days,6680.69,6680.69,February,2
ORD101370,2025-02-20,North,Laptops,Acer Aspire,79560.23,23.0,1,4.0,210,Debit Card,1-2 days,61261.38,61261.38,February,2
ORD102210,2025-02-20,South,Accessories,TP-Link Adapter,539.01,3.0,1,4.7,173,Cash on Delivery,3-4 days,522.84,522.84,February,2
ORD101717,2025-02-20,West,Laptops,Acer Aspire,66461.11,3.6,2,3.6,194,Cash on Delivery,1-2 days,64068.51,128137.02,February,2
ORD101913,2025-02-20,South,Accessories,Logitech Mouse,1217.57,6.2,4,3.8,184,Net Banking,5-7 days,1142.08,4568.32,February,2
ORD100236,2025-02-21,West,Monitors,BenQ Monitor,10459.23,29.5,1,3.4,221,Cash on Delivery,3-4 days,7373.76,7373.76,February,2
ORD100854,2025-02-21,East,Accessories,TP-Link Adapter,3690.51,26.1,2,4.0,187,Debit Card,3-4 days,2727.29,5454.58,February,2
ORD100853,2025-02-21,South,Laptops,ASUS VivoBook,37429.19,18.3,1,3.8,179,Net Banking,1-2 days,30579.65,30579.65,February,2
ORD100572,2025-02-21,North,Monitors,LG UltraGear,26612.62,25.5,1,5.0,181,UPI,1-2 days,19826.4,19826.4,February,2
ORD101386,2025-02-21,South,Smartphones,Motorola Edge,27075.41,12.7,2,4.8,201,Debit Card,3-4 days,23636.83,47273.66,February,2
ORD100043,2025-02-21,West,Laptops,Acer Aspire,58980.74,19.0,2,4.1,200,Credit Card,3-4 days,47774.4,95548.8,February,2
ORD101535,2025-02-21,South,Smartphones,Samsung Galaxy,40300.22,16.9,1,4.1,216,UPI,5-7 days,33489.48,33489.48,February,2
ORD101096,2025-02-21,West,Laptops,HP Pavilion,61394.73,9.4,1,4.4,191,UPI,5-7 days,55623.63,55623.63,February,2
ORD100456,2025-02-21,North,Smartphones,iPhone,54410.57,4.2,1,4.0,176,Credit Card,3-4 days,52125.33,52125.33,February,2
ORD101114,2025-02-21,South,Headphones,boAt Rockerz,12753.06,4.0,3,4.3,172,UPI,3-4 days,12242.94,36728.82,February,2
ORD102094,2025-02-21,Central,Headphones,Apple AirPods,16476.22,18.7,1,4.1,185,Cash on Delivery,3-4 days,13395.17,13395.17,February,2
ORD100126,2025-02-22,Central,Smartphones,Motorola Edge,65687.49,26.7,3,4.0,179,Debit Card,5-7 days,48148.93,144446.79,February,2
ORD101211,2025-02-22,East,Smartphones,Motorola Edge,22343.05,15.8,2,4.8,195,Credit Card,3-4 days,18812.85,37625.7,February,2
ORD100932,2025-02-22,West,Monitors,LG UltraGear,43975.1,20.8,3,3.3,193,Debit Card,5-7 days,34828.28,104484.84,February,2
ORD100033,2025-02-22,Central,Laptops,HP Pavilion,88026.15,8.2,4,5.0,177,UPI,3-4 days,80808.01,323232.04,February,2
ORD102101,2025-02-22,North,Accessories,HP Keyboard,6692.75,12.8,1,3.7,158,Debit Card,8+ days,5836.08,5836.08,February,2
ORD101618,2025-02-22,Central,Headphones,Sony WH Series,25664.58,26.6,1,4.3,207,UPI,3-4 days,18837.8,18837.8,February,2
ORD101585,2025-02-23,East,Accessories,Anker Charger,5432.47,18.9,1,3.7,171,Credit Card,3-4 days,4405.73,4405.73,February,2
ORD101484,2025-02-23,North,Laptops,ASUS VivoBook,41284.32,20.7,2,3.4,178,UPI,3-4 days,32738.47,65476.94,February,2
ORD100406,2025-02-23,East,Accessories,TP-Link Adapter,2557.5,22.0,2,4.8,182,Credit Card,1-2 days,1994.85,3989.7,February,2
ORD102186,2025-02-23,North,Accessories,Logitech Mouse,3038.07,21.0,2,4.4,177,Cash on Delivery,5-7 days,2400.08,4800.16,February,2
ORD100697,2025-02-23,East,Smartphones,iPhone,36210.56,4.3,1,4.4,185,Credit Card,5-7 days,34653.51,34653.51,February,2
ORD102025,2025-02-23,Central,Smartphones,Motorola Edge,69798.08,14.7,2,3.7,181,Cash on Delivery,3-4 days,59537.76,119075.52,February,2
ORD100963,2025-02-23,East,Smartphones,Motorola Edge,87508.73,9.3,1,4.1,180,Debit Card,3-4 days,79370.42,79370.42,February,2
ORD101317,2025-02-23,South,Headphones,boAt Rockerz,21790.64,10.1,1,4.1,176,Cash on Delivery,5-7 days,19589.79,19589.79,February,2
ORD100712,2025-02-23,Central,Headphones,Apple AirPods,9330.64,11.6,2,3.5,204,UPI,3-4 days,8248.29,16496.58,February,2
ORD102321,2025-02-23,North,Accessories,HP Keyboard,7332.4,26.5,1,3.7,186,Debit Card,3-4 days,5389.31,5389.31,February,2
ORD101712,2025-02-23,North,Laptops,Acer Aspire,72587.2,15.3,3,3.3,189,Cash on Delivery,1-2 days,61481.36,184444.08,February,2
ORD102160,2025-02-23,East,Monitors,BenQ Monitor,49285.08,5.7,3,4.0,195,Cash on Delivery,1-2 days,46475.83,139427.49,February,2
ORD100928,2025-02-23,West,Headphones,Apple AirPods,26477.53,19.9,1,3.4,173,Credit Card,5-7 days,21208.5,21208.5,February,2
ORD100310,2025-02-23,East,Smartphones,Motorola Edge,66342.2,16.6,1,4.3,165,Debit Card,5-7 days,55329.39,55329.39,February,2
ORD101137,2025-02-23,Central,Accessories,Anker Charger,6387.6,3.8,1,3.8,176,Credit Card,1-2 days,6144.87,6144.87,February,2
ORD100768,2025-02-24,Central,Accessories,TP-Link Adapter,1684.15,20.4,2,4.2,186,Net Banking,1-2 days,1340.58,2681.16,February,2
ORD100899,2025-02-24,North,Laptops,Dell Inspiron,88337.01,3.2,1,4.7,172,UPI,3-4 days,85510.23,85510.23,February,2
ORD102438,2025-02-24,South,Smartphones,iPhone,43133.25,29.7,1,3.7,176,Credit Card,3-4 days,30322.67,30322.67,February,2
ORD100086,2025-02-24,South,Smartphones,iPhone,23882.39,19.9,1,4.6,191,UPI,3-4 days,19129.79,19129.79,February,2
ORD101724,2025-02-24,North,Laptops,HP Pavilion,66136.68,0.9,1,3.8,192,UPI,1-2 days,65541.45,65541.45,February,2
ORD101601,2025-02-24,East,Laptops,Dell Inspiron,43255.53,17.5,1,4.3,166,Credit Card,1-2 days,35685.81,35685.81,February,2
ORD100925,2025-02-25,North,Smartphones,iPhone,52134.64,29.1,1,3.3,184,Credit Card,5-7 days,36963.46,36963.46,February,2
ORD101402,2025-02-25,West,Laptops,Acer Aspire,107165.97,27.2,1,4.2,205,Credit Card,5-7 days,78016.83,78016.83,February,2
ORD102183,2025-02-25,East,Laptops,Lenovo IdeaPad,65480.47,15.4,2,3.1,180,Credit Card,1-2 days,55396.48,110792.96,February,2
ORD100039,2025-02-25,Central,Headphones,Noise Buds,22394.44,13.8,3,4.5,181,Net Banking,5-7 days,19304.01,57912.03,February,2
ORD101284,2025-02-25,North,Laptops,HP Pavilion,54549.62,17.6,2,3.4,182,UPI,3-4 days,44948.89,89897.78,February,2
ORD102274,2025-02-25,North,Headphones,Sony WH Series,8682.08,20.1,1,3.4,184,Net Banking,3-4 days,6936.98,6936.98,February,2
ORD100613,2025-02-25,South,Headphones,JBL Tune,22610.93,25.1,1,4.5,197,Debit Card,3-4 days,16935.59,16935.59,February,2
ORD101124,2025-02-26,Central,Monitors,Acer Nitro,54759.65,21.3,1,3.0,184,Cash on Delivery,5-7 days,43095.84,43095.84,February,2
ORD100018,2025-02-26,Central,Headphones,boAt Rockerz,6307.0,25.9,1,4.4,216,Credit Card,3-4 days,4673.49,4673.49,February,2
ORD102327,2025-02-26,South,Monitors,BenQ Monitor,32345.42,9.7,4,4.6,194,Net Banking,5-7 days,29207.91,116831.64,February,2
ORD100440,2025-02-26,West,Laptops,Acer Aspire,43463.24,25.4,2,4.0,170,UPI,3-4 days,32423.58,64847.16,February,2
ORD101264,2025-02-27,East,Smartphones,Samsung Galaxy,60106.53,23.9,2,4.2,190,Cash on Delivery,5-7 days,45741.07,91482.14,February,2
ORD100162,2025-02-27,West,Headphones,Apple AirPods,26068.36,9.4,4,4.2,175,UPI,1-2 days,23617.93,94471.72,February,2
ORD101143,2025-02-27,East,Headphones,Noise Buds,10482.95,28.1,2,3.9,173,Debit Card,3-4 days,7537.24,15074.48,February,2
ORD101041,2025-02-27,North,Headphones,Apple AirPods,14563.21,13.0,1,4.0,189,Cash on Delivery,3-4 days,12669.99,12669.99,February,2
ORD100439,2025-02-27,East,Headphones,Apple AirPods,7510.83,29.9,5,,199,UPI,3-4 days,5265.09,26325.45,February,2
ORD100419,2025-02-27,West,Headphones,Sony WH Series,10191.13,27.4,2,4.0,179,Debit Card,3-4 days,7398.76,14797.52,February,2
ORD102018,2025-02-27,North,Accessories,AmazonBasics Cable,7288.34,19.0,2,3.3,215,UPI,3-4 days,5903.56,11807.12,February,2
ORD101807,2025-02-27,Central,Headphones,Apple AirPods,20858.86,16.0,2,4.3,180,Cash on Delivery,5-7 days,17521.44,35042.88,February,2
ORD101343,2025-02-27,Central,Accessories,TP-Link Adapter,7590.99,18.8,1,5.0,182,UPI,5-7 days,6163.88,6163.88,February,2
ORD100116,2025-02-28,North,Accessories,HP Keyboard,6985.2,5.9,4,4.3,161,Debit Card,3-4 days,6573.07,26292.28,February,2
ORD101863,2025-02-28,East,Laptops,ASUS VivoBook,101904.41,16.4,2,3.6,184,UPI,1-2 days,85192.09,170384.18,February,2
ORD102088,2025-02-28,South,Headphones,JBL Tune,23719.66,14.8,1,3.9,181,Cash on Delivery,1-2 days,20209.15,20209.15,February,2
ORD101095,2025-02-28,South,Laptops,HP Pavilion,105324.61,22.2,1,4.6,185,Cash on Delivery,5-7 days,81942.55,81942.55,February,2
ORD100125,2025-02-28,South,Laptops,Lenovo IdeaPad,41147.43,18.8,1,4.7,186,Net Banking,1-2 days,33411.71,33411.71,February,2
ORD100262,2025-02-28,North,Accessories,Logitech Mouse,1083.54,26.4,1,4.4,179,Debit Card,5-7 days,797.49,797.49,February,2
ORD101703,2025-02-28,North,Smartphones,OnePlus Nord,43480.52,28.3,2,3.1,191,UPI,3-4 days,31175.53,62351.06,February,2
ORD101100,2025-02-28,Central,Smartphones,iPhone,33103.51,29.7,1,4.3,185,Net Banking,3-4 days,23271.77,23271.77,February,2
ORD101170,2025-03-01,North,Smartphones,Motorola Edge,86291.35,4.1,1,4.6,194,UPI,3-4 days,82753.4,82753.4,March,3
ORD101567,2025-03-01,Central,Headphones,Sony WH Series,3406.73,23.9,1,4.7,175,Debit Card,5-7 days,2592.52,2592.52,March,3
ORD101779,2025-03-01,Central,Smartphones,iPhone,13470.25,22.9,1,4.3,201,Credit Card,1-2 days,10385.56,10385.56,March,3
ORD101164,2025-03-01,Central,Monitors,Dell UltraSharp,51372.62,29.7,1,3.7,163,Net Banking,8+ days,36114.95,36114.95,March,3
ORD100909,2025-03-01,Central,Smartphones,Samsung Galaxy,82545.56,2.8,1,3.8,172,Credit Card,3-4 days,80234.28,80234.28,March,3
ORD101405,2025-03-01,Central,Headphones,boAt Rockerz,15013.2,8.1,1,5.0,189,Net Banking,3-4 days,13797.13,13797.13,March,3
ORD101198,2025-03-01,West,Accessories,Logitech Mouse,3688.98,21.8,1,3.8,216,Debit Card,5-7 days,2884.78,2884.78,March,3
ORD102472,2025-03-01,North,Accessories,HP Keyboard,7091.83,5.1,2,4.6,221,Debit Card,5-7 days,6730.15,13460.3,March,3
ORD100122,2025-03-01,North,Accessories,Logitech Mouse,8130.83,17.1,1,4.2,172,Cash on Delivery,3-4 days,6740.46,6740.46,March,3
ORD102471,2025-03-01,Central,Laptops,Lenovo IdeaPad,61157.09,21.3,3,3.7,160,Cash on Delivery,3-4 days,48130.63,144391.89,March,3
ORD101988,2025-03-02,East,Smartphones,Google Pixel,40956.24,3.6,1,4.1,187,Debit Card,3-4 days,39481.82,39481.82,March,3
ORD101901,2025-03-02,North,Headphones,boAt Rockerz,5154.34,25.2,1,4.0,195,Credit Card,1-2 days,3855.45,3855.45,March,3
ORD102290,2025-03-02,West,Laptops,Lenovo IdeaPad,42482.27,10.4,1,,189,Net Banking,3-4 days,38064.11,38064.11,March,3
ORD101276,2025-03-02,South,Laptops,Dell Inspiron,109136.79,28.7,1,5.0,206,Credit Card,3-4 days,77814.53,77814.53,March,3
ORD100793,2025-03-02,West,Smartphones,Samsung Galaxy,89272.89,13.8,1,3.6,187,Credit Card,5-7 days,76953.23,76953.23,March,3
ORD101011,2025-03-02,Central,Laptops,ASUS VivoBook,67400.79,11.3,3,4.4,171,Cash on Delivery,8+ days,59784.5,179353.5,March,3
ORD101576,2025-03-03,South,Laptops,Acer Aspire,69695.77,2.0,2,5.0,205,Credit Card,5-7 days,68301.85,136603.7,March,3
ORD101563,2025-03-03,East,Monitors,Samsung Monitor,17484.02,0.6,1,4.6,175,Cash on Delivery,3-4 days,17379.12,17379.12,March,3
ORD101889,2025-03-03,West,Monitors,Samsung Monitor,43412.86,12.8,1,4.9,184,Credit Card,1-2 days,37856.01,37856.01,March,3
ORD100638,2025-03-03,North,Smartphones,OnePlus Nord,29350.07,4.7,1,3.6,179,UPI,5-7 days,27970.62,27970.62,March,3
ORD101550,2025-03-04,East,Headphones,JBL Tune,4260.46,13.3,1,4.9,181,UPI,3-4 days,3693.82,3693.82,March,3
ORD102273,2025-03-04,South,Smartphones,OnePlus Nord,69133.68,13.3,2,4.3,181,Debit Card,3-4 days,59938.9,119877.8,March,3
ORD101416,2025-03-04,South,Accessories,AmazonBasics Cable,8105.09,10.0,2,3.5,184,UPI,1-2 days,7294.58,14589.16,March,3
ORD101784,2025-03-04,North,Headphones,Noise Buds,17489.38,22.6,1,4.3,159,Debit Card,5-7 days,13536.78,13536.78,March,3
ORD102150,2025-03-04,East,Monitors,Acer Nitro,38732.8,13.2,3,3.7,184,Debit Card,5-7 days,33620.07,100860.21,March,3
ORD100374,2025-03-04,West,Headphones,Noise Buds,7021.9,22.2,3,3.5,182,Net Banking,5-7 days,5463.04,16389.12,March,3
ORD100594,2025-03-05,West,Smartphones,Samsung Galaxy,82399.06,1.2,1,4.6,193,UPI,3-4 days,81410.27,81410.27,March,3
ORD100769,2025-03-05,North,Smartphones,iPhone,91797.41,11.8,1,5.0,199,UPI,3-4 days,80965.32,80965.32,March,3
ORD100127,2025-03-05,West,Monitors,Dell UltraSharp,37749.07,15.2,5,4.2,190,Credit Card,1-2 days,32011.21,160056.05,March,3
ORD101959,2025-03-05,West,Headphones,JBL Tune,22153.82,7.9,1,4.5,202,Credit Card,3-4 days,20403.67,20403.67,March,3
ORD101477,2025-03-05,North,Monitors,Acer Nitro,18668.83,4.2,1,4.1,215,Debit Card,5-7 days,17884.74,17884.74,March,3
ORD101306,2025-03-05,Central,Accessories,HP Keyboard,5250.32,21.1,1,4.1,169,Cash on Delivery,3-4 days,4142.5,4142.5,March,3
ORD101692,2025-03-05,Central,Smartphones,OnePlus Nord,32212.85,25.0,1,3.5,161,Debit Card,3-4 days,24159.64,24159.64,March,3
ORD101126,2025-03-05,West,Headphones,Apple AirPods,13893.28,9.2,1,3.8,170,UPI,8+ days,12615.1,12615.1,March,3
ORD100216,2025-03-05,West,Laptops,Acer Aspire,53163.1,20.9,1,4.0,183,Net Banking,5-7 days,42052.01,42052.01,March,3
ORD101979,2025-03-05,South,Accessories,TP-Link Adapter,9648.1,1.4,2,4.7,175,UPI,3-4 days,9513.03,19026.06,March,3
ORD101537,2025-03-05,East,Laptops,ASUS VivoBook,60395.84,8.6,1,4.4,186,UPI,3-4 days,55201.8,55201.8,March,3
ORD101812,2025-03-05,West,Monitors,Acer Nitro,21293.9,0.2,4,5.0,215,Cash on Delivery,1-2 days,21251.31,85005.24,March,3
ORD102137,2025-03-05,East,Laptops,Acer Aspire,39918.43,9.5,1,4.0,186,Debit Card,3-4 days,36126.18,36126.18,March,3
ORD100105,2025-03-05,East,Accessories,HP Keyboard,3617.52,23.0,3,4.3,178,Debit Card,3-4 days,2785.49,8356.47,March,3
ORD100873,2025-03-06,East,Headphones,Apple AirPods,27863.83,21.2,4,4.5,168,UPI,3-4 days,21956.7,87826.8,March,3
ORD100972,2025-03-06,West,Accessories,Logitech Mouse,5908.33,18.3,2,4.1,198,Debit Card,1-2 days,4827.11,9654.22,March,3
ORD101499,2025-03-06,South,Smartphones,Samsung Galaxy,33636.04,4.9,3,4.2,170,UPI,1-2 days,31987.87,95963.61,March,3
ORD102491,2025-03-06,South,Smartphones,Motorola Edge,25841.43,4.3,3,4.4,219,UPI,3-4 days,24730.25,74190.75,March,3
ORD100048,2025-03-06,East,Headphones,JBL Tune,1909.0,27.7,1,3.9,172,Net Banking,1-2 days,1380.21,1380.21,March,3
ORD102040,2025-03-06,West,Smartphones,iPhone,61272.83,28.3,1,4.9,189,UPI,3-4 days,43932.62,43932.62,March,3
ORD101821,2025-03-06,East,Laptops,Acer Aspire,85401.48,16.8,1,3.9,171,UPI,5-7 days,71054.03,71054.03,March,3
ORD100562,2025-03-06,Central,Laptops,Lenovo IdeaPad,98425.05,20.3,2,4.1,175,UPI,3-4 days,78444.76,156889.52,March,3
ORD101579,2025-03-06,North,Headphones,JBL Tune,6486.65,0.0,5,4.0,189,Debit Card,1-2 days,6486.65,32433.25,March,3
ORD102054,2025-03-06,Central,Accessories,Anker Charger,9760.31,25.1,3,3.9,205,Net Banking,1-2 days,7310.47,21931.41,March,3
ORD101301,2025-03-06,East,Laptops,Acer Aspire,39738.73,10.2,1,4.0,173,Net Banking,3-4 days,35685.38,35685.38,March,3
ORD101774,2025-03-07,North,Accessories,Logitech Mouse,7134.21,9.7,1,4.2,182,UPI,5-7 days,6442.19,6442.19,March,3
ORD100516,2025-03-07,North,Laptops,Lenovo IdeaPad,102376.65,5.9,1,4.6,180,Net Banking,5-7 days,96336.43,96336.43,March,3
ORD101581,2025-03-07,West,Laptops,HP Pavilion,67166.33,22.6,1,4.0,181,Debit Card,3-4 days,51986.74,51986.74,March,3
ORD101160,2025-03-07,South,Laptops,Acer Aspire,81591.99,8.8,1,4.2,197,Debit Card,3-4 days,74411.89,74411.89,March,3
ORD102060,2025-03-07,West,Headphones,JBL Tune,20268.82,22.4,1,3.8,180,Net Banking,3-4 days,15728.6,15728.6,March,3
ORD101857,2025-03-07,North,Monitors,BenQ Monitor,52597.4,27.4,2,4.3,187,Debit Card,5-7 days,38185.71,76371.42,March,3
ORD101352,2025-03-07,South,Headphones,Sony WH Series,3196.06,18.2,5,4.4,187,Debit Card,1-2 days,2614.38,13071.9,March,3
ORD101396,2025-03-08,North,Monitors,Dell UltraSharp,48337.61,9.5,1,4.5,185,Net Banking,3-4 days,43745.54,43745.54,March,3
ORD102264,2025-03-08,North,Smartphones,Google Pixel,45202.46,25.2,1,3.8,179,,1-2 days,33811.44,33811.44,March,3
ORD101323,2025-03-08,Central,Accessories,AmazonBasics Cable,6615.34,0.4,2,3.6,169,Cash on Delivery,3-4 days,6588.88,13177.76,March,3
ORD100329,2025-03-08,North,Smartphones,Samsung Galaxy,54175.76,16.7,1,3.3,177,Debit Card,5-7 days,45128.41,45128.41,March,3
ORD100952,2025-03-09,South,Headphones,Noise Buds,19506.2,0.6,2,3.6,173,Cash on Delivery,1-2 days,19389.16,38778.32,March,3
ORD101802,2025-03-09,Central,Monitors,Acer Nitro,12529.28,29.0,2,4.4,176,Net Banking,3-4 days,8895.79,17791.58,March,3
ORD101358,2025-03-09,North,Smartphones,Google Pixel,16391.32,4.8,4,4.4,182,Cash on Delivery,3-4 days,15604.54,62418.16,March,3
ORD101750,2025-03-09,East,Laptops,Lenovo IdeaPad,85314.87,25.4,2,4.6,194,Cash on Delivery,1-2 days,63644.89,127289.78,March,3
ORD101605,2025-03-09,North,Laptops,ASUS VivoBook,80213.48,24.0,2,4.1,170,Debit Card,3-4 days,60962.24,121924.48,March,3
ORD100137,2025-03-09,South,Smartphones,Google Pixel,64791.93,21.9,4,3.7,186,Cash on Delivery,3-4 days,50602.5,202410.0,March,3
ORD100227,2025-03-09,South,Accessories,Logitech Mouse,6434.31,16.1,2,4.0,184,Credit Card,3-4 days,5398.39,10796.78,March,3
ORD101351,2025-03-09,North,Accessories,AmazonBasics Cable,4681.71,20.7,5,4.6,191,Credit Card,3-4 days,3712.6,18563.0,March,3
ORD101119,2025-03-09,South,Smartphones,Google Pixel,21087.75,26.3,1,,188,Cash on Delivery,8+ days,15541.67,15541.67,March,3
ORD100808,2025-03-09,West,Accessories,TP-Link Adapter,3898.67,11.8,2,3.9,209,Debit Card,3-4 days,3438.63,6877.26,March,3
ORD102378,2025-03-09,Central,Monitors,BenQ Monitor,33351.97,15.8,3,3.8,191,Net Banking,3-4 days,28082.36,84247.08,March,3
ORD100931,2025-03-09,Central,Laptops,HP Pavilion,55335.67,2.4,1,4.6,194,Cash on Delivery,5-7 days,54007.61,54007.61,March,3
ORD101075,2025-03-09,North,Accessories,TP-Link Adapter,6787.2,27.4,1,3.1,173,UPI,3-4 days,4927.51,4927.51,March,3
ORD100551,2025-03-10,Central,Headphones,boAt Rockerz,3017.46,18.7,1,3.9,216,Net Banking,3-4 days,2453.19,2453.19,March,3
ORD100042,2025-03-10,West,Smartphones,Motorola Edge,64994.57,13.1,1,3.8,221,Net Banking,5-7 days,56480.28,56480.28,March,3
ORD101723,2025-03-10,Central,Smartphones,OnePlus Nord,53524.11,22.0,2,4.9,195,Cash on Delivery,5-7 days,41748.81,83497.62,March,3
ORD102371,2025-03-10,Central,Headphones,Apple AirPods,14938.99,21.6,1,4.4,199,UPI,1-2 days,11712.17,11712.17,March,3
ORD101904,2025-03-10,South,Laptops,Acer Aspire,42717.88,21.6,1,4.6,200,Debit Card,5-7 days,33490.82,33490.82,March,3
ORD100035,2025-03-10,South,Accessories,Anker Charger,8173.32,26.6,2,3.4,186,Debit Card,5-7 days,5999.22,11998.44,March,3
ORD102410,2025-03-11,East,Smartphones,iPhone,66288.44,27.7,2,4.7,199,Net Banking,8+ days,47926.54,95853.08,March,3
ORD100350,2025-03-11,North,Headphones,JBL Tune,8164.94,15.6,1,5.0,183,UPI,3-4 days,6891.21,6891.21,March,3
ORD102202,2025-03-11,East,Laptops,ASUS VivoBook,90930.03,8.7,1,3.7,191,Net Banking,1-2 days,83019.12,83019.12,March,3
ORD101695,2025-03-11,South,Smartphones,OnePlus Nord,34239.25,1.9,1,4.8,205,Net Banking,1-2 days,33588.7,33588.7,March,3
ORD100405,2025-03-11,East,Smartphones,OnePlus Nord,53433.51,15.8,2,3.8,181,Credit Card,1-2 days,44991.02,89982.04,March,3
ORD102030,2025-03-11,South,Headphones,JBL Tune,10337.92,9.2,2,3.2,201,UPI,3-4 days,9386.83,18773.66,March,3
ORD100571,2025-03-11,North,Smartphones,Samsung Galaxy,47271.14,1.4,1,4.2,184,Credit Card,3-4 days,46609.34,46609.34,March,3
ORD102381,2025-03-11,North,Monitors,LG UltraGear,48506.71,25.2,1,3.8,181,Credit Card,5-7 days,36283.02,36283.02,March,3
ORD101555,2025-03-12,Central,Laptops,Lenovo IdeaPad,86718.73,8.0,1,3.5,176,Cash on Delivery,5-7 days,79781.23,79781.23,March,3
ORD101604,2025-03-12,North,Smartphones,Google Pixel,83819.45,25.0,3,4.3,182,Credit Card,5-7 days,62864.59,188593.77,March,3
ORD100883,2025-03-12,West,Laptops,Acer Aspire,73546.66,14.4,2,4.3,170,Credit Card,5-7 days,62955.94,125911.88,March,3
ORD102120,2025-03-12,West,Accessories,TP-Link Adapter,2653.98,16.0,3,4.9,187,Cash on Delivery,3-4 days,2229.34,6688.02,March,3
ORD102087,2025-03-12,East,Laptops,Acer Aspire,102470.04,13.0,1,4.7,173,Cash on Delivery,5-7 days,89148.93,89148.93,March,3
ORD100876,2025-03-12,East,Laptops,ASUS VivoBook,44855.93,29.5,1,4.7,175,Credit Card,5-7 days,31623.43,31623.43,March,3
ORD101283,2025-03-13,South,Headphones,Apple AirPods,7068.16,3.7,2,4.1,168,Debit Card,3-4 days,6806.64,13613.28,March,3
ORD101086,2025-03-13,West,Smartphones,OnePlus Nord,71406.08,12.8,4,4.2,169,UPI,1-2 days,62266.1,249064.4,March,3
ORD101410,2025-03-13,Central,Accessories,Anker Charger,5337.0,21.4,1,4.4,180,Credit Card,3-4 days,4194.88,4194.88,March,3
ORD101192,2025-03-13,West,Headphones,Noise Buds,20898.48,26.9,1,3.9,188,Debit Card,1-2 days,15276.79,15276.79,March,3
ORD101434,2025-03-13,North,Headphones,Apple AirPods,4702.23,27.4,4,4.2,201,UPI,5-7 days,3413.82,13655.28,March,3
ORD100561,2025-03-13,Central,Headphones,Apple AirPods,14356.35,21.6,1,3.7,183,Credit Card,1-2 days,11255.38,11255.38,March,3
ORD100201,2025-03-13,Central,Headphones,Sony WH Series,17637.93,13.2,1,4.4,190,Net Banking,3-4 days,15309.72,15309.72,March,3
ORD101706,2025-03-13,South,Laptops,Dell Inspiron,106692.74,20.0,3,4.3,194,Credit Card,1-2 days,85354.19,256062.57,March,3
ORD100521,2025-03-13,East,Headphones,Noise Buds,6493.0,23.2,1,4.1,181,UPI,5-7 days,4986.62,4986.62,March,3
ORD102052,2025-03-13,West,Smartphones,Google Pixel,26062.06,3.2,1,4.0,181,Credit Card,5-7 days,25228.07,25228.07,March,3
ORD101259,2025-03-13,West,Laptops,Dell Inspiron,105156.86,5.4,1,4.9,168,Cash on Delivery,3-4 days,99478.39,99478.39,March,3
ORD100730,2025-03-14,East,Laptops,HP Pavilion,70659.77,13.4,1,4.6,179,Net Banking,3-4 days,61191.36,61191.36,March,3
ORD101801,2025-03-14,North,Accessories,TP-Link Adapter,3919.93,9.0,1,4.8,166,Net Banking,1-2 days,3567.14,3567.14,March,3
ORD100713,2025-03-14,Central,Smartphones,Google Pixel,60579.64,10.2,1,4.0,215,Debit Card,3-4 days,54400.52,54400.52,March,3
ORD100875,2025-03-14,Central,Laptops,Lenovo IdeaPad,64157.63,26.9,1,3.6,183,Credit Card,1-2 days,46899.23,46899.23,March,3
ORD102368,2025-03-14,West,Headphones,JBL Tune,15106.22,10.2,2,4.2,162,UPI,1-2 days,13565.39,27130.78,March,3
ORD100987,2025-03-14,North,Headphones,Sony WH Series,2718.33,2.8,2,4.6,177,Debit Card,1-2 days,2642.22,5284.44,March,3
ORD101516,2025-03-14,Central,Laptops,Dell Inspiron,92236.25,8.6,2,3.4,200,Net Banking,1-2 days,84303.93,168607.86,March,3
ORD100022,2025-03-15,Central,Laptops,HP Pavilion,78423.32,0.5,2,4.1,192,UPI,8+ days,78031.2,156062.4,March,3
ORD101574,2025-03-15,East,Accessories,Anker Charger,9212.23,0.3,1,3.2,179,Debit Card,3-4 days,9184.59,9184.59,March,3
ORD102318,2025-03-15,West,Smartphones,Motorola Edge,35973.67,20.9,1,4.0,181,Cash on Delivery,5-7 days,28455.17,28455.17,March,3
ORD101172,2025-03-15,West,Accessories,HP Keyboard,3832.39,3.6,1,3.9,181,Net Banking,3-4 days,3694.42,3694.42,March,3
ORD101368,2025-03-16,South,Accessories,TP-Link Adapter,9092.3,14.1,2,3.7,190,Cash on Delivery,1-2 days,7810.29,15620.58,March,3
ORD101697,2025-03-16,South,Laptops,Dell Inspiron,77430.65,7.8,1,4.1,177,Net Banking,5-7 days,71391.06,71391.06,March,3
ORD100652,2025-03-16,East,Headphones,Sony WH Series,10355.65,29.2,1,3.5,174,Credit Card,3-4 days,7331.8,7331.8,March,3
ORD100888,2025-03-16,East,Laptops,Acer Aspire,47047.52,2.6,1,3.6,175,UPI,3-4 days,45824.28,45824.28,March,3
ORD100577,2025-03-16,North,Laptops,Acer Aspire,42542.2,6.9,1,3.3,167,Credit Card,3-4 days,39606.79,39606.79,March,3
ORD101044,2025-03-16,South,Headphones,Noise Buds,20041.55,4.6,5,4.3,193,Net Banking,5-7 days,19119.64,95598.2,March,3
ORD102231,2025-03-17,West,Monitors,Samsung Monitor,32842.66,21.5,1,4.0,194,Debit Card,5-7 days,25781.49,25781.49,March,3
ORD102475,2025-03-17,Central,Headphones,boAt Rockerz,12849.34,17.5,4,3.8,160,Debit Card,5-7 days,10600.71,42402.84,March,3
ORD101287,2025-03-17,Central,Laptops,Acer Aspire,66419.69,22.7,1,4.2,194,Cash on Delivery,5-7 days,51342.42,51342.42,March,3
ORD101145,2025-03-17,South,Smartphones,iPhone,17875.69,0.6,2,4.1,202,Credit Card,5-7 days,17768.44,35536.88,March,3
ORD101472,2025-03-17,North,Monitors,Acer Nitro,41830.49,28.2,1,4.0,181,Cash on Delivery,3-4 days,30034.29,30034.29,March,3
ORD102026,2025-03-17,West,Smartphones,Motorola Edge,67774.02,15.5,1,3.8,207,Cash on Delivery,1-2 days,57269.05,57269.05,March,3
ORD100986,2025-03-17,West,Smartphones,Samsung Galaxy,66155.5,24.6,3,3.7,172,Debit Card,3-4 days,49881.25,149643.75,March,3
ORD100443,2025-03-17,Central,Smartphones,iPhone,14230.02,27.0,1,4.0,180,UPI,5-7 days,10387.91,10387.91,March,3
ORD100685,2025-03-17,East,Accessories,TP-Link Adapter,2770.64,10.2,2,4.6,164,Debit Card,1-2 days,2488.03,4976.06,March,3
ORD100195,2025-03-17,North,Smartphones,Samsung Galaxy,73948.12,3.1,1,4.0,172,Net Banking,1-2 days,71655.73,71655.73,March,3
ORD101350,2025-03-17,North,Laptops,Acer Aspire,61379.01,14.3,2,3.3,163,Credit Card,3-4 days,52601.81,105203.62,March,3
ORD100729,2025-03-18,Central,Laptops,ASUS VivoBook,57120.94,3.9,4,4.4,176,Cash on Delivery,8+ days,54893.22,219572.88,March,3
ORD101955,2025-03-18,West,Accessories,Logitech Mouse,7660.8,20.8,1,5.0,182,Debit Card,3-4 days,6067.35,6067.35,March,3
ORD102277,2025-03-18,North,Monitors,Samsung Monitor,17644.59,16.2,2,5.0,172,Net Banking,1-2 days,14786.17,29572.34,March,3
ORD102341,2025-03-18,East,Monitors,Samsung Monitor,49150.19,16.4,2,3.9,195,Net Banking,1-2 days,41089.56,82179.12,March,3
ORD100475,2025-03-18,Central,Headphones,JBL Tune,6338.38,18.1,1,3.3,178,Cash on Delivery,3-4 days,5191.13,5191.13,March,3
ORD101184,2025-03-18,East,Accessories,Logitech Mouse,2960.14,23.1,1,3.9,180,UPI,3-4 days,2276.35,2276.35,March,3
ORD102431,2025-03-19,West,Headphones,boAt Rockerz,27360.92,8.5,1,4.6,207,UPI,8+ days,25035.24,25035.24,March,3
ORD100997,2025-03-19,East,Accessories,Anker Charger,6469.87,8.2,3,4.8,198,UPI,3-4 days,5939.34,17818.02,March,3
ORD101957,2025-03-19,West,Headphones,boAt Rockerz,16754.28,20.6,2,3.8,184,Credit Card,3-4 days,13302.9,26605.8,March,3
ORD101791,2025-03-19,South,Laptops,Dell Inspiron,71288.75,2.6,1,3.9,216,Net Banking,3-4 days,69435.24,69435.24,March,3
ORD100722,2025-03-19,East,Laptops,HP Pavilion,99262.65,24.2,1,3.9,160,Credit Card,3-4 days,75241.09,75241.09,March,3
ORD101263,2025-03-19,Central,Smartphones,OnePlus Nord,15834.31,24.3,1,3.8,162,Credit Card,5-7 days,11986.57,11986.57,March,3
ORD101600,2025-03-19,West,Accessories,TP-Link Adapter,2419.77,25.3,4,4.5,197,Net Banking,3-4 days,1807.57,7230.28,March,3
ORD102305,2025-03-19,South,Accessories,HP Keyboard,1069.29,29.3,1,4.4,230,Credit Card,5-7 days,755.99,755.99,March,3
ORD100778,2025-03-20,East,Monitors,Samsung Monitor,30024.74,5.6,1,4.4,163,Net Banking,5-7 days,28343.35,28343.35,March,3
ORD100394,2025-03-20,South,Monitors,Dell UltraSharp,22867.3,20.6,1,3.5,187,Net Banking,1-2 days,18156.64,18156.64,March,3
ORD102056,2025-03-20,West,Headphones,Noise Buds,2928.24,15.7,4,4.0,205,Net Banking,5-7 days,2468.51,9874.04,March,3
ORD101578,2025-03-20,North,Headphones,JBL Tune,20879.8,12.1,1,4.3,192,UPI,3-4 days,18353.34,18353.34,March,3
ORD100335,2025-03-20,North,Laptops,Acer Aspire,82494.74,20.4,3,4.3,201,Credit Card,5-7 days,65665.81,196997.43,March,3
ORD101882,2025-03-20,South,Accessories,HP Keyboard,6039.14,0.6,3,4.0,174,Debit Card,3-4 days,6002.91,18008.73,March,3
ORD100471,2025-03-20,Central,Laptops,Acer Aspire,58205.96,20.8,4,3.8,173,Debit Card,1-2 days,46099.12,184396.48,March,3
ORD101152,2025-03-20,Central,Monitors,Acer Nitro,9881.72,7.2,1,4.0,185,Net Banking,5-7 days,9170.24,9170.24,March,3
ORD100858,2025-03-20,North,Smartphones,Samsung Galaxy,70555.67,11.7,3,4.2,193,Cash on Delivery,5-7 days,62300.66,186901.98,March,3
ORD100621,2025-03-21,Central,Laptops,Dell Inspiron,37641.14,1.4,4,4.2,170,Cash on Delivery,1-2 days,37114.16,148456.64,March,3
ORD101303,2025-03-21,West,Laptops,Acer Aspire,108780.13,21.4,3,3.7,180,UPI,1-2 days,85501.18,256503.54,March,3
ORD101235,2025-03-21,South,Headphones,boAt Rockerz,14112.38,3.1,1,3.9,157,Debit Card,5-7 days,13674.9,13674.9,March,3
ORD101728,2025-03-21,Central,Accessories,HP Keyboard,1368.55,27.9,1,4.0,180,UPI,1-2 days,986.72,986.72,March,3
ORD101485,2025-03-21,West,Smartphones,OnePlus Nord,65374.06,23.6,1,4.3,178,Net Banking,1-2 days,49945.78,49945.78,March,3
ORD100529,2025-03-21,West,Laptops,ASUS VivoBook,89600.92,3.2,3,3.9,160,Debit Card,8+ days,86733.69,260201.07,March,3
ORD102216,2025-03-21,North,Smartphones,Samsung Galaxy,26764.02,18.8,3,4.0,185,Debit Card,1-2 days,21732.38,65197.14,March,3
ORD102286,2025-03-21,East,Smartphones,OnePlus Nord,91506.7,14.8,1,3.8,191,Credit Card,1-2 days,77963.71,77963.71,March,3
ORD100304,2025-03-22,Central,Headphones,Sony WH Series,14029.04,24.4,5,3.4,180,UPI,1-2 days,10605.95,53029.75,March,3
ORD101148,2025-03-22,East,Headphones,JBL Tune,20577.55,29.6,1,3.5,190,Cash on Delivery,3-4 days,14486.6,14486.6,March,3
ORD102185,2025-03-22,East,Headphones,boAt Rockerz,24196.35,4.9,1,4.0,181,Cash on Delivery,3-4 days,23010.73,23010.73,March,3
ORD100325,2025-03-22,West,Accessories,HP Keyboard,1600.32,3.7,3,4.4,208,UPI,3-4 days,1541.11,4623.33,March,3
ORD101427,2025-03-23,South,Laptops,Acer Aspire,109848.31,9.3,3,3.9,170,Cash on Delivery,5-7 days,99632.42,298897.26,March,3
ORD102480,2025-03-23,East,Monitors,BenQ Monitor,39422.11,2.9,3,4.1,171,Credit Card,3-4 days,38278.87,114836.61,March,3
ORD102179,2025-03-23,South,Headphones,boAt Rockerz,9970.27,12.4,2,4.3,200,UPI,5-7 days,8733.96,17467.92,March,3
ORD100709,2025-03-23,East,Smartphones,Google Pixel,40132.42,24.2,1,4.3,206,Credit Card,3-4 days,30420.37,30420.37,March,3
ORD100104,2025-03-23,West,Smartphones,iPhone,82826.32,2.5,2,3.2,200,Cash on Delivery,1-2 days,80755.66,161511.32,March,3
ORD100293,2025-03-23,East,Monitors,Samsung Monitor,14315.69,0.2,1,4.3,179,UPI,3-4 days,14287.06,14287.06,March,3
ORD101251,2025-03-23,Central,Monitors,Dell UltraSharp,25078.05,14.8,2,4.2,181,Net Banking,5-7 days,21366.5,42733.0,March,3
ORD100749,2025-03-23,East,Accessories,Logitech Mouse,6343.11,10.2,3,3.7,184,Cash on Delivery,3-4 days,5696.11,17088.33,March,3
ORD100388,2025-03-23,East,Laptops,Dell Inspiron,53016.46,2.1,2,4.0,193,Debit Card,5-7 days,51903.11,103806.22,March,3
ORD101224,2025-03-23,South,Accessories,AmazonBasics Cable,2242.52,20.5,2,4.2,190,Debit Card,3-4 days,1782.8,3565.6,March,3
ORD100646,2025-03-24,Central,Accessories,TP-Link Adapter,2457.05,21.8,1,3.4,172,UPI,8+ days,1921.41,1921.41,March,3
ORD101171,2025-03-24,North,Headphones,Noise Buds,17729.16,20.9,1,4.7,163,Cash on Delivery,3-4 days,14023.77,14023.77,March,3
ORD101571,2025-03-24,West,Headphones,JBL Tune,9439.39,22.1,2,3.6,175,UPI,5-7 days,7353.28,14706.56,March,3
ORD101896,2025-03-24,North,Monitors,Samsung Monitor,44646.71,29.2,2,4.6,202,Credit Card,3-4 days,31609.87,63219.74,March,3
ORD100150,2025-03-24,Central,Smartphones,Motorola Edge,23785.52,24.5,1,,170,UPI,5-7 days,17958.07,17958.07,March,3
ORD100828,2025-03-24,Central,Smartphones,OnePlus Nord,69132.09,27.4,1,3.3,179,UPI,1-2 days,50189.9,50189.9,March,3
ORD100309,2025-03-24,North,Monitors,Acer Nitro,47171.78,17.3,1,3.6,188,UPI,3-4 days,39011.06,39011.06,March,3
ORD101961,2025-03-24,West,Laptops,HP Pavilion,61984.21,23.2,1,4.1,174,Cash on Delivery,5-7 days,47603.87,47603.87,March,3
ORD102462,2025-03-25,West,Accessories,AmazonBasics Cable,3850.57,0.2,2,4.8,184,Cash on Delivery,3-4 days,3842.87,7685.74,March,3
ORD100023,2025-03-26,West,Smartphones,OnePlus Nord,13212.55,28.0,1,4.1,211,Debit Card,1-2 days,9513.04,9513.04,March,3
ORD101214,2025-03-26,North,Monitors,LG UltraGear,19041.94,13.3,3,4.6,189,Credit Card,3-4 days,16509.36,49528.08,March,3
ORD101722,2025-03-26,North,Laptops,Acer Aspire,89690.82,7.0,1,4.0,189,Credit Card,5-7 days,83412.46,83412.46,March,3
ORD101507,2025-03-26,East,Headphones,Apple AirPods,4134.48,11.8,1,4.4,208,Credit Card,8+ days,3646.61,3646.61,March,3
ORD101244,2025-03-26,East,Monitors,Acer Nitro,20009.29,9.6,1,3.6,175,UPI,5-7 days,18088.4,18088.4,March,3
ORD101725,2025-03-26,Central,Headphones,boAt Rockerz,6073.05,18.5,1,4.1,186,UPI,3-4 days,4949.54,4949.54,March,3
ORD100915,2025-03-26,North,Headphones,Sony WH Series,9214.11,3.4,2,3.9,179,Net Banking,1-2 days,8900.83,17801.66,March,3
ORD100362,2025-03-26,West,Headphones,Sony WH Series,14808.44,25.2,4,4.7,195,UPI,3-4 days,11076.71,44306.84,March,3
ORD100543,2025-03-26,Central,Laptops,Lenovo IdeaPad,89352.22,8.8,2,4.3,170,Cash on Delivery,3-4 days,81489.22,162978.44,March,3
ORD101900,2025-03-26,East,Monitors,Samsung Monitor,49822.32,25.9,2,4.2,178,Debit Card,3-4 days,36918.34,73836.68,March,3
ORD100336,2025-03-26,South,Laptops,HP Pavilion,68771.19,5.3,1,3.9,195,Credit Card,3-4 days,65126.32,65126.32,March,3
ORD102152,2025-03-27,Central,Laptops,Lenovo IdeaPad,38123.3,23.1,5,4.9,182,UPI,3-4 days,29316.82,146584.1,March,3
ORD100579,2025-03-27,North,Smartphones,Samsung Galaxy,63187.15,9.1,1,3.7,161,Cash on Delivery,1-2 days,57437.12,57437.12,March,3
ORD101594,2025-03-27,West,Laptops,Acer Aspire,103602.09,11.8,1,3.6,181,Credit Card,3-4 days,91377.04,91377.04,March,3
ORD100438,2025-03-27,Central,Monitors,BenQ Monitor,39438.38,9.6,3,3.4,189,Debit Card,3-4 days,35652.3,106956.9,March,3
ORD100734,2025-03-27,North,Headphones,JBL Tune,29908.1,17.0,2,4.5,190,Net Banking,1-2 days,24823.72,49647.44,March,3
ORD102253,2025-03-27,Central,Headphones,Noise Buds,18578.04,2.3,1,3.6,188,Debit Card,3-4 days,18150.75,18150.75,March,3
ORD100841,2025-03-28,North,Laptops,Dell Inspiron,55374.81,0.4,1,3.7,166,UPI,1-2 days,55153.31,55153.31,March,3
ORD100693,2025-03-28,North,Smartphones,iPhone,61223.66,17.5,3,4.2,214,UPI,3-4 days,50509.52,151528.56,March,3
ORD100346,2025-03-28,South,Headphones,JBL Tune,19032.04,25.7,1,4.1,172,Debit Card,5-7 days,14140.81,14140.81,March,3
ORD102076,2025-03-28,East,Accessories,Anker Charger,776.68,27.3,1,4.6,195,Debit Card,3-4 days,564.65,564.65,March,3
ORD102342,2025-03-28,Central,Laptops,Dell Inspiron,96092.39,21.3,1,4.7,196,UPI,1-2 days,75624.71,75624.71,March,3
ORD100826,2025-03-28,North,Accessories,AmazonBasics Cable,728.39,26.0,1,3.0,183,UPI,1-2 days,539.01,539.01,March,3
ORD100164,2025-03-28,West,Headphones,Sony WH Series,29354.59,14.3,4,3.8,185,Credit Card,5-7 days,25156.88,100627.52,March,3
ORD100101,2025-03-28,South,Laptops,Acer Aspire,55527.38,14.8,1,3.8,180,Net Banking,5-7 days,47309.33,47309.33,March,3
ORD102446,2025-03-29,East,Smartphones,Motorola Edge,86934.83,21.6,1,4.9,166,Credit Card,3-4 days,68156.91,68156.91,March,3
ORD101741,2025-03-29,South,Monitors,BenQ Monitor,32905.51,24.2,2,4.3,196,UPI,3-4 days,24942.38,49884.76,March,3
ORD100753,2025-03-29,North,Headphones,Sony WH Series,29229.91,27.7,1,4.7,168,Net Banking,1-2 days,21133.22,21133.22,March,3
ORD100839,2025-03-29,North,Headphones,boAt Rockerz,25536.35,12.3,2,4.3,193,Net Banking,3-4 days,22395.38,44790.76,March,3
ORD100645,2025-03-29,West,Laptops,Lenovo IdeaPad,98545.21,0.9,2,5.0,188,UPI,3-4 days,97658.3,195316.6,March,3
ORD101700,2025-03-29,West,Headphones,boAt Rockerz,11614.29,20.5,1,3.6,186,Cash on Delivery,3-4 days,9233.36,9233.36,March,3
ORD102252,2025-03-29,Central,Accessories,HP Keyboard,973.71,6.7,1,4.0,201,Credit Card,3-4 days,908.47,908.47,March,3
ORD101956,2025-03-29,Central,Accessories,TP-Link Adapter,6409.09,19.4,5,4.2,185,Debit Card,1-2 days,5165.73,25828.65,March,3
ORD102297,2025-03-29,West,Laptops,Lenovo IdeaPad,105181.19,28.4,2,4.6,180,Debit Card,8+ days,75309.73,150619.46,March,3
ORD100088,2025-03-29,Central,Headphones,JBL Tune,19677.17,29.1,1,3.8,171,Net Banking,3-4 days,13951.11,13951.11,March,3
ORD102057,2025-03-29,East,Smartphones,OnePlus Nord,43227.04,1.4,2,4.3,165,Debit Card,3-4 days,42621.86,85243.72,March,3
ORD101146,2025-03-30,Central,Accessories,AmazonBasics Cable,6773.69,24.2,1,4.0,155,UPI,1-2 days,5134.46,5134.46,March,3
ORD100757,2025-03-30,South,Headphones,boAt Rockerz,12024.55,22.5,2,4.1,203,Debit Card,8+ days,9319.03,18638.06,March,3
ORD102293,2025-03-30,East,Laptops,ASUS VivoBook,95565.22,27.1,2,3.9,188,Net Banking,5-7 days,69667.05,139334.1,March,3
ORD100317,2025-03-30,West,Smartphones,Samsung Galaxy,27434.81,5.9,1,5.0,187,Cash on Delivery,5-7 days,25816.16,25816.16,March,3
ORD100330,2025-03-30,North,Smartphones,iPhone,63480.03,19.4,3,4.6,174,Cash on Delivery,3-4 days,51164.9,153494.7,March,3
ORD102162,2025-03-30,East,Headphones,Sony WH Series,1708.18,5.4,2,3.8,201,UPI,5-7 days,1615.94,3231.88,March,3
ORD100603,2025-03-30,West,Laptops,Dell Inspiron,47893.44,10.4,1,3.7,173,UPI,3-4 days,42912.52,42912.52,March,3
ORD101311,2025-03-30,East,Laptops,HP Pavilion,82619.73,12.9,1,4.0,171,UPI,5-7 days,71961.78,71961.78,March,3
ORD101946,2025-03-30,Central,Smartphones,OnePlus Nord,41598.54,15.9,1,4.3,214,Credit Card,5-7 days,34984.37,34984.37,March,3
ORD100178,2025-03-30,North,Smartphones,Samsung Galaxy,17239.78,8.0,1,4.8,186,Credit Card,3-4 days,15860.6,15860.6,March,3
ORD100964,2025-03-30,Central,Smartphones,Motorola Edge,82698.6,14.5,2,4.4,187,Net Banking,3-4 days,70707.3,141414.6,March,3
ORD102467,2025-03-31,West,Smartphones,Motorola Edge,78801.12,13.0,1,4.3,195,UPI,3-4 days,68556.97,68556.97,March,3
ORD101024,2025-03-31,West,Accessories,AmazonBasics Cable,6609.49,22.3,1,4.0,183,Debit Card,5-7 days,5135.57,5135.57,March,3
ORD101043,2025-03-31,Central,Smartphones,OnePlus Nord,62040.11,28.1,1,4.0,201,Net Banking,3-4 days,44606.84,44606.84,March,3
ORD101412,2025-03-31,East,Laptops,Acer Aspire,65517.38,8.0,2,4.2,176,Cash on Delivery,1-2 days,60275.99,120551.98,March,3
ORD100430,2025-03-31,East,Laptops,Acer Aspire,68446.67,26.8,4,4.2,166,UPI,3-4 days,50102.96,200411.84,March,3
ORD101162,2025-03-31,West,Laptops,HP Pavilion,71268.09,6.7,1,4.2,178,Net Banking,3-4 days,66493.13,66493.13,March,3
ORD100247,2025-03-31,North,Smartphones,Google Pixel,34167.23,13.4,2,4.1,185,Credit Card,5-7 days,29588.82,59177.64,March,3
ORD101391,2025-03-31,West,Laptops,Acer Aspire,105018.53,29.9,3,4.3,189,Credit Card,3-4 days,73617.99,220853.97,March,3
ORD100311,2025-03-31,North,Smartphones,Motorola Edge,46129.94,5.7,2,4.7,190,Cash on Delivery,5-7 days,43500.53,87001.06,March,3
ORD101560,2025-03-31,South,Accessories,TP-Link Adapter,6887.44,4.8,1,3.0,188,UPI,1-2 days,6556.84,6556.84,March,3
ORD102363,2025-03-31,North,Smartphones,iPhone,82919.77,18.4,1,4.0,175,Credit Card,1-2 days,67662.53,67662.53,March,3
ORD100368,2025-03-31,North,Accessories,Anker Charger,1186.63,10.5,2,4.2,190,Net Banking,1-2 days,1062.03,2124.06,March,3
ORD100596,2025-04-01,East,Smartphones,iPhone,36073.65,1.5,2,3.8,172,UPI,1-2 days,35532.55,71065.1,April,4
ORD100612,2025-04-01,Central,Monitors,BenQ Monitor,50686.74,26.6,1,4.3,217,Net Banking,1-2 days,37204.07,37204.07,April,4
ORD101063,2025-04-01,Central,Monitors,Dell UltraSharp,36264.02,26.8,2,4.5,194,Cash on Delivery,8+ days,26545.26,53090.52,April,4
ORD100578,2025-04-01,West,Accessories,Logitech Mouse,4235.98,22.0,1,3.9,208,Credit Card,1-2 days,3304.06,3304.06,April,4
ORD102246,2025-04-01,East,Headphones,Noise Buds,16179.32,17.0,2,3.7,179,Credit Card,1-2 days,13428.84,26857.68,April,4
ORD101920,2025-04-02,West,Smartphones,OnePlus Nord,71233.12,28.9,1,4.4,194,,5-7 days,50646.75,50646.75,April,4
ORD100779,2025-04-02,North,Monitors,Acer Nitro,22351.73,8.1,2,4.0,178,UPI,3-4 days,20541.24,41082.48,April,4
ORD102232,2025-04-02,North,Laptops,ASUS VivoBook,79051.08,26.3,2,4.2,189,Credit Card,3-4 days,58260.65,116521.3,April,4
ORD101820,2025-04-03,East,Smartphones,Google Pixel,20733.22,9.0,3,4.0,183,UPI,3-4 days,18867.23,56601.69,April,4
ORD100508,2025-04-03,South,Monitors,Samsung Monitor,13663.47,12.8,1,4.3,223,Net Banking,5-7 days,11914.55,11914.55,April,4
ORD100625,2025-04-03,East,Headphones,Apple AirPods,16675.41,19.2,3,4.9,190,Credit Card,1-2 days,13473.73,40421.19,April,4
ORD100268,2025-04-03,West,Headphones,Apple AirPods,22437.41,16.6,1,3.7,168,Cash on Delivery,3-4 days,18712.8,18712.8,April,4
ORD100655,2025-04-03,West,Smartphones,Samsung Galaxy,37050.18,28.0,2,4.2,198,Credit Card,5-7 days,26676.13,53352.26,April,4
ORD101897,2025-04-03,North,Headphones,JBL Tune,22375.24,18.1,2,4.1,163,UPI,3-4 days,18325.32,36650.64,April,4
ORD101781,2025-04-03,Central,Laptops,Dell Inspiron,36627.51,10.2,1,4.6,163,Net Banking,5-7 days,32891.5,32891.5,April,4
ORD100575,2025-04-04,North,Accessories,Logitech Mouse,9465.89,24.3,1,4.3,186,Net Banking,1-2 days,7165.68,7165.68,April,4
ORD100454,2025-04-04,South,Accessories,HP Keyboard,6966.39,21.0,3,4.4,199,Credit Card,5-7 days,5503.45,16510.35,April,4
ORD101536,2025-04-04,East,Laptops,Dell Inspiron,95409.97,10.7,1,4.5,165,Cash on Delivery,3-4 days,85201.1,85201.1,April,4
ORD101454,2025-04-04,West,Headphones,Sony WH Series,28297.24,21.6,1,3.4,181,UPI,3-4 days,22185.04,22185.04,April,4
ORD100965,2025-04-05,Central,Smartphones,OnePlus Nord,16363.68,9.7,1,3.4,181,Cash on Delivery,3-4 days,14776.4,14776.4,April,4
ORD101895,2025-04-05,Central,Headphones,Noise Buds,26714.56,4.3,2,4.4,165,Credit Card,1-2 days,25565.83,51131.66,April,4
ORD100061,2025-04-05,North,Smartphones,Motorola Edge,43037.61,12.2,1,4.9,144,Debit Card,3-4 days,37787.02,37787.02,April,4
ORD100067,2025-04-05,North,Laptops,HP Pavilion,48684.35,8.5,1,4.2,192,Cash on Delivery,3-4 days,44546.18,44546.18,April,4
ORD102041,2025-04-06,Central,Accessories,AmazonBasics Cable,6274.7,24.4,1,4.2,169,Debit Card,5-7 days,4743.67,4743.67,April,4
ORD101534,2025-04-06,Central,Smartphones,iPhone,78139.51,29.8,2,3.7,167,Debit Card,3-4 days,54853.94,109707.88,April,4
ORD102064,2025-04-06,Central,Smartphones,Samsung Galaxy,48324.64,22.0,1,4.1,189,Cash on Delivery,5-7 days,37693.22,37693.22,April,4
ORD102187,2025-04-06,Central,Accessories,AmazonBasics Cable,2823.13,27.8,1,4.1,167,Debit Card,3-4 days,2038.3,2038.3,April,4
ORD100761,2025-04-06,Central,Laptops,HP Pavilion,59692.3,8.6,1,4.4,185,Cash on Delivery,1-2 days,54558.76,54558.76,April,4
ORD100780,2025-04-06,East,Headphones,Apple AirPods,17383.74,24.0,3,4.6,187,Credit Card,3-4 days,13211.64,39634.92,April,4
ORD102001,2025-04-07,North,Smartphones,Google Pixel,51151.0,3.4,1,3.5,175,Debit Card,5-7 days,49411.87,49411.87,April,4
ORD100836,2025-04-07,West,Smartphones,Google Pixel,16623.67,12.2,2,3.9,178,Cash on Delivery,5-7 days,14595.58,29191.16,April,4
ORD101932,2025-04-07,Central,Headphones,JBL Tune,2146.27,22.9,1,3.4,193,Debit Card,5-7 days,1654.77,1654.77,April,4
ORD101246,2025-04-07,North,Headphones,JBL Tune,14853.4,18.1,1,4.4,180,Debit Card,5-7 days,12164.93,12164.93,April,4
ORD101032,2025-04-07,Central,Headphones,Apple AirPods,24848.9,27.3,1,4.2,156,Cash on Delivery,3-4 days,18065.15,18065.15,April,4
ORD101395,2025-04-07,Central,Smartphones,Google Pixel,14342.99,26.6,1,3.9,170,UPI,5-7 days,10527.75,10527.75,April,4
ORD101852,2025-04-08,Central,Monitors,BenQ Monitor,36893.76,3.0,1,3.7,177,Credit Card,5-7 days,35786.95,35786.95,April,4
ORD100417,2025-04-08,South,Smartphones,OnePlus Nord,36836.26,0.2,1,4.4,175,Cash on Delivery,3-4 days,36762.59,36762.59,April,4
ORD101816,2025-04-08,Central,Accessories,Anker Charger,4437.12,8.8,1,4.7,142,Net Banking,1-2 days,4046.65,4046.65,April,4
ORD102063,2025-04-08,South,Monitors,BenQ Monitor,32083.74,13.2,2,3.9,193,Cash on Delivery,5-7 days,27848.69,55697.38,April,4
ORD101309,2025-04-08,East,Smartphones,Google Pixel,36889.56,3.3,4,4.0,159,UPI,5-7 days,35672.2,142688.8,April,4
ORD100142,2025-04-08,South,Smartphones,iPhone,77824.23,15.0,1,4.6,197,UPI,8+ days,66150.6,66150.6,April,4
ORD100071,2025-04-08,North,Monitors,Samsung Monitor,42401.12,22.7,1,4.7,197,Cash on Delivery,1-2 days,32776.07,32776.07,April,4
ORD101363,2025-04-08,Central,Headphones,Noise Buds,15812.83,24.9,1,4.4,185,UPI,5-7 days,11875.44,11875.44,April,4
ORD101983,2025-04-08,South,Smartphones,OnePlus Nord,14985.16,25.6,3,3.7,174,Cash on Delivery,3-4 days,11148.96,33446.88,April,4
ORD100045,2025-04-08,Central,Smartphones,Samsung Galaxy,23423.27,10.1,1,3.2,187,Credit Card,1-2 days,21057.52,21057.52,April,4
ORD100819,2025-04-09,West,Laptops,Acer Aspire,81891.21,12.3,1,3.6,182,Credit Card,1-2 days,71818.59,71818.59,April,4
ORD102436,2025-04-09,East,Smartphones,iPhone,46332.5,24.8,1,3.6,179,UPI,3-4 days,34842.04,34842.04,April,4
ORD100245,2025-04-09,North,Laptops,ASUS VivoBook,64898.19,2.4,3,3.7,165,Net Banking,1-2 days,63340.63,190021.89,April,4
ORD100462,2025-04-09,West,Headphones,Sony WH Series,12365.62,2.4,1,4.2,198,Credit Card,3-4 days,12068.85,12068.85,April,4
ORD101495,2025-04-09,South,Headphones,Noise Buds,26153.79,12.4,1,4.3,181,UPI,3-4 days,22910.72,22910.72,April,4
ORD100303,2025-04-10,North,Headphones,boAt Rockerz,22930.66,6.2,5,3.5,186,Debit Card,3-4 days,21508.96,107544.8,April,4
ORD101928,2025-04-10,Central,Smartphones,OnePlus Nord,35917.66,16.7,1,3.9,193,Credit Card,3-4 days,29919.41,29919.41,April,4
ORD101742,2025-04-10,West,Monitors,Acer Nitro,17766.5,7.6,1,3.9,182,Cash on Delivery,5-7 days,16416.25,16416.25,April,4
ORD101617,2025-04-10,East,Accessories,TP-Link Adapter,1564.11,15.1,2,3.6,205,Credit Card,5-7 days,1327.93,2655.86,April,4
ORD101465,2025-04-10,South,Accessories,AmazonBasics Cable,7162.95,4.1,3,4.1,187,Credit Card,1-2 days,6869.27,20607.81,April,4
ORD101020,2025-04-10,South,Laptops,ASUS VivoBook,103299.87,13.7,3,3.7,190,UPI,3-4 days,89147.79,267443.37,April,4
ORD101588,2025-04-10,Central,Smartphones,OnePlus Nord,22266.34,4.6,3,3.9,192,Credit Card,3-4 days,21242.09,63726.27,April,4
ORD100315,2025-04-10,South,Monitors,Acer Nitro,45483.91,23.5,1,4.8,185,Net Banking,5-7 days,34795.19,34795.19,April,4
ORD101546,2025-04-10,North,Smartphones,Google Pixel,55804.25,14.6,1,4.9,178,Debit Card,3-4 days,47656.83,47656.83,April,4
ORD102344,2025-04-10,East,Smartphones,Samsung Galaxy,28652.46,2.1,5,3.9,192,Cash on Delivery,1-2 days,28050.76,140253.8,April,4
ORD100063,2025-04-11,West,Monitors,Acer Nitro,15963.07,8.9,1,4.4,192,UPI,5-7 days,14542.36,14542.36,April,4
ORD100076,2025-04-11,North,Monitors,Acer Nitro,38259.15,25.2,1,4.4,208,Net Banking,3-4 days,28617.84,28617.84,April,4
ORD100653,2025-04-11,Central,Headphones,Sony WH Series,1452.78,29.6,1,3.3,208,UPI,8+ days,1022.76,1022.76,April,4
ORD100754,2025-04-12,West,Smartphones,Google Pixel,28716.72,6.9,1,4.5,190,Net Banking,3-4 days,26735.27,26735.27,April,4
ORD102161,2025-04-12,West,Headphones,JBL Tune,22867.56,5.0,1,3.8,173,Debit Card,5-7 days,21724.18,21724.18,April,4
ORD101349,2025-04-12,North,Accessories,Logitech Mouse,2189.9,1.9,1,4.5,204,UPI,3-4 days,2148.29,2148.29,April,4
ORD100785,2025-04-12,North,Laptops,HP Pavilion,109001.57,29.7,1,4.7,185,Net Banking,1-2 days,76628.1,76628.1,April,4
ORD100902,2025-04-12,West,Laptops,Lenovo IdeaPad,73556.14,1.1,2,4.1,179,Debit Card,3-4 days,72747.02,145494.04,April,4
ORD101451,2025-04-12,Central,Smartphones,Samsung Galaxy,56988.25,1.7,1,4.0,195,UPI,1-2 days,56019.45,56019.45,April,4
ORD101393,2025-04-12,West,Laptops,HP Pavilion,44392.25,22.8,1,3.0,164,Net Banking,1-2 days,34270.82,34270.82,April,4
ORD101185,2025-04-12,East,Laptops,ASUS VivoBook,100905.99,13.1,3,3.9,143,Net Banking,5-7 days,87687.31,263061.93,April,4
ORD100593,2025-04-12,North,Laptops,Acer Aspire,73790.71,14.2,2,4.6,186,Debit Card,5-7 days,63312.43,126624.86,April,4
ORD101763,2025-04-13,North,Laptops,ASUS VivoBook,63796.03,13.1,2,4.6,182,Net Banking,3-4 days,55438.75,110877.5,April,4
ORD101734,2025-04-13,Central,Smartphones,iPhone,44256.37,10.8,3,3.8,194,UPI,3-4 days,39476.68,118430.04,April,4
ORD101435,2025-04-13,Central,Laptops,Acer Aspire,82481.38,22.2,4,3.7,191,Debit Card,3-4 days,64170.51,256682.04,April,4
ORD102100,2025-04-13,Central,Smartphones,OnePlus Nord,55533.55,11.9,3,4.4,189,Cash on Delivery,5-7 days,48925.06,146775.18,April,4
ORD101589,2025-04-13,South,Smartphones,Motorola Edge,60411.92,11.1,1,3.3,173,Cash on Delivery,3-4 days,53706.2,53706.2,April,4
ORD100068,2025-04-13,Central,Monitors,Dell UltraSharp,53399.64,1.1,2,4.3,175,Credit Card,3-4 days,52812.24,105624.48,April,4
ORD101995,2025-04-13,North,Monitors,Samsung Monitor,38005.58,23.1,1,4.2,173,UPI,5-7 days,29226.29,29226.29,April,4
ORD102296,2025-04-13,Central,Laptops,Lenovo IdeaPad,75160.29,23.6,1,3.8,183,UPI,5-7 days,57422.46,57422.46,April,4
ORD102008,2025-04-13,East,Monitors,Acer Nitro,25535.37,3.8,4,4.1,171,Net Banking,3-4 days,24565.03,98260.12,April,4
ORD101930,2025-04-14,West,Laptops,Dell Inspiron,38719.51,12.0,1,3.9,189,Debit Card,3-4 days,34073.17,34073.17,April,4
ORD100080,2025-04-14,West,Laptops,Lenovo IdeaPad,104113.5,9.6,1,3.2,178,Debit Card,5-7 days,94118.6,94118.6,April,4
ORD102413,2025-04-14,Central,Smartphones,Google Pixel,16437.07,30.0,1,3.6,178,Cash on Delivery,1-2 days,11505.95,11505.95,April,4
ORD101527,2025-04-14,South,Smartphones,Google Pixel,18551.18,25.4,2,3.8,217,Cash on Delivery,3-4 days,13839.18,27678.36,April,4
ORD101498,2025-04-14,South,Smartphones,Samsung Galaxy,79646.27,10.7,1,4.2,178,Cash on Delivery,3-4 days,71124.12,71124.12,April,4
ORD101255,2025-04-15,North,Headphones,JBL Tune,9827.22,4.9,2,4.8,193,Cash on Delivery,3-4 days,9345.69,18691.38,April,4
ORD102340,2025-04-15,East,Smartphones,Samsung Galaxy,30770.58,3.4,3,4.1,160,Cash on Delivery,3-4 days,29724.38,89173.14,April,4
ORD100143,2025-04-15,East,Smartphones,Samsung Galaxy,93443.05,13.2,2,4.3,172,Credit Card,3-4 days,81108.57,162217.14,April,4
ORD101899,2025-04-15,West,Smartphones,OnePlus Nord,34361.68,3.3,1,5.0,172,UPI,3-4 days,33227.74,33227.74,April,4
ORD101568,2025-04-15,South,Laptops,HP Pavilion,84802.48,16.1,2,4.2,186,Debit Card,5-7 days,71149.28,142298.56,April,4
ORD101573,2025-04-15,Central,Monitors,Dell UltraSharp,52484.12,19.7,1,4.4,159,Cash on Delivery,5-7 days,42144.75,42144.75,April,4
ORD102062,2025-04-15,East,Smartphones,OnePlus Nord,84524.96,22.4,1,4.2,168,Credit Card,3-4 days,65591.37,65591.37,April,4
ORD101539,2025-04-16,South,Laptops,Acer Aspire,76564.07,19.9,1,4.5,171,Cash on Delivery,3-4 days,61327.82,61327.82,April,4
ORD100530,2025-04-16,East,Accessories,TP-Link Adapter,8224.9,17.2,3,4.2,170,Credit Card,3-4 days,6810.22,20430.66,April,4
ORD100990,2025-04-16,Central,Monitors,LG UltraGear,22705.93,20.2,3,4.4,188,Net Banking,5-7 days,18119.33,54357.99,April,4
ORD101279,2025-04-16,West,Laptops,ASUS VivoBook,90076.25,0.6,2,3.4,182,Debit Card,5-7 days,89535.79,179071.58,April,4
ORD102348,2025-04-16,Central,Smartphones,Samsung Galaxy,24640.09,18.5,2,4.1,192,Debit Card,3-4 days,20081.67,40163.34,April,4
ORD101884,2025-04-17,North,Monitors,Samsung Monitor,39375.45,15.9,3,3.6,195,UPI,3-4 days,33114.75,99344.25,April,4
ORD101098,2025-04-17,South,Laptops,Lenovo IdeaPad,85374.52,17.8,4,4.4,161,UPI,3-4 days,70177.86,280711.44,April,4
ORD102130,2025-04-17,North,Smartphones,Google Pixel,28434.25,5.6,1,3.6,185,Debit Card,5-7 days,26841.93,26841.93,April,4
ORD102112,2025-04-17,South,Laptops,Dell Inspiron,104734.38,20.4,1,4.7,203,Cash on Delivery,5-7 days,83368.57,83368.57,April,4
ORD101591,2025-04-18,North,Headphones,Noise Buds,10460.15,12.7,3,4.2,173,Cash on Delivery,5-7 days,9131.71,27395.13,April,4
ORD102199,2025-04-18,Central,Headphones,Apple AirPods,18229.47,19.0,1,3.5,191,Cash on Delivery,1-2 days,14765.87,14765.87,April,4
ORD101302,2025-04-18,Central,Accessories,TP-Link Adapter,6305.84,16.3,1,4.6,169,Cash on Delivery,3-4 days,5277.99,5277.99,April,4
ORD101025,2025-04-18,South,Accessories,Anker Charger,3499.56,24.2,2,3.6,196,UPI,3-4 days,2652.67,5305.34,April,4
ORD100376,2025-04-18,West,Smartphones,Motorola Edge,29185.74,3.9,2,3.6,169,Debit Card,5-7 days,28047.5,56095.0,April,4
ORD101789,2025-04-18,Central,Laptops,HP Pavilion,98645.49,20.0,3,5.0,189,Debit Card,5-7 days,78916.39,236749.17,April,4
ORD101274,2025-04-19,West,Laptops,Acer Aspire,92751.59,25.1,1,4.4,186,UPI,3-4 days,69470.94,69470.94,April,4
ORD102323,2025-04-19,West,Headphones,Apple AirPods,16016.23,11.5,1,3.9,192,Credit Card,3-4 days,14174.36,14174.36,April,4
ORD102089,2025-04-19,South,Monitors,BenQ Monitor,17986.51,8.0,3,4.1,172,Cash on Delivery,5-7 days,16547.59,49642.77,April,4
ORD102051,2025-04-19,West,Smartphones,Samsung Galaxy,49545.3,15.4,2,2.9,188,UPI,8+ days,41915.32,83830.64,April,4
ORD100658,2025-04-19,North,Smartphones,iPhone,45451.6,8.0,1,3.8,183,Cash on Delivery,8+ days,41815.47,41815.47,April,4
ORD100403,2025-04-20,South,Smartphones,iPhone,16524.49,4.5,2,3.9,224,Net Banking,1-2 days,15780.89,31561.78,April,4
ORD102171,2025-04-20,West,Headphones,Sony WH Series,13159.53,16.6,1,3.8,176,UPI,1-2 days,10975.05,10975.05,April,4
ORD101730,2025-04-20,East,Headphones,JBL Tune,26885.95,22.4,5,3.0,187,Cash on Delivery,1-2 days,20863.5,104317.5,April,4
ORD101859,2025-04-21,South,Monitors,BenQ Monitor,13887.3,24.5,1,3.6,179,Credit Card,5-7 days,10484.91,10484.91,April,4
ORD102108,2025-04-21,South,Accessories,TP-Link Adapter,7561.3,28.2,1,4.3,161,Cash on Delivery,1-2 days,5429.01,5429.01,April,4
ORD100379,2025-04-21,South,Monitors,Acer Nitro,48050.5,9.0,2,4.0,202,,5-7 days,43725.96,87451.92,April,4
ORD100834,2025-04-21,West,Laptops,Dell Inspiron,101196.16,4.1,1,3.9,170,Net Banking,3-4 days,97047.12,97047.12,April,4
ORD100270,2025-04-21,South,Smartphones,Samsung Galaxy,81719.81,28.9,2,4.4,196,Credit Card,3-4 days,58102.78,116205.56,April,4
ORD101937,2025-04-22,North,Smartphones,Samsung Galaxy,31122.79,6.4,1,4.9,188,Debit Card,3-4 days,29130.93,29130.93,April,4
ORD101453,2025-04-22,West,Accessories,TP-Link Adapter,1904.6,27.2,4,3.8,200,UPI,1-2 days,1386.55,5546.2,April,4
ORD100960,2025-04-22,Central,Monitors,BenQ Monitor,48661.73,18.5,2,4.5,159,Debit Card,3-4 days,39659.31,79318.62,April,4
ORD100199,2025-04-22,South,Accessories,AmazonBasics Cable,515.62,16.5,3,4.1,183,Net Banking,3-4 days,430.54,1291.62,April,4
ORD102307,2025-04-22,West,Laptops,HP Pavilion,44332.57,5.3,1,3.6,203,Credit Card,1-2 days,41982.94,41982.94,April,4
ORD100281,2025-04-22,East,Accessories,HP Keyboard,697.2,8.8,5,4.2,187,Net Banking,1-2 days,635.85,3179.25,April,4
ORD100235,2025-04-22,Central,Laptops,ASUS VivoBook,85369.08,7.6,1,4.2,190,Debit Card,1-2 days,78881.03,78881.03,April,4
ORD101325,2025-04-22,West,Accessories,HP Keyboard,4771.93,1.4,1,4.0,173,Credit Card,3-4 days,4705.12,4705.12,April,4
ORD101680,2025-04-22,North,Headphones,boAt Rockerz,1236.52,10.5,2,4.0,205,Credit Card,5-7 days,1106.69,2213.38,April,4
ORD100626,2025-04-22,Central,Smartphones,iPhone,27932.3,3.6,3,3.5,197,Debit Card,5-7 days,26926.74,80780.22,April,4
ORD102009,2025-04-23,South,Laptops,Acer Aspire,99377.71,1.2,1,4.1,174,Debit Card,3-4 days,98185.18,98185.18,April,4
ORD101735,2025-04-23,Central,Laptops,Lenovo IdeaPad,37791.63,6.4,2,4.5,193,Debit Card,3-4 days,35372.97,70745.94,April,4
ORD101239,2025-04-23,West,Accessories,AmazonBasics Cable,5947.6,6.3,1,4.4,208,Cash on Delivery,3-4 days,5572.9,5572.9,April,4
ORD100995,2025-04-23,South,Smartphones,Motorola Edge,37049.4,9.0,1,4.4,180,Debit Card,3-4 days,33714.95,33714.95,April,4
ORD101181,2025-04-24,West,Accessories,HP Keyboard,1026.73,27.9,1,3.6,177,UPI,3-4 days,740.27,740.27,April,4
ORD100138,2025-04-24,Central,Headphones,Apple AirPods,12771.64,8.6,4,4.5,199,Cash on Delivery,5-7 days,11673.28,46693.12,April,4
ORD102317,2025-04-24,West,Smartphones,Motorola Edge,67647.07,17.7,3,4.5,171,Cash on Delivery,5-7 days,55673.54,167020.62,April,4
ORD100763,2025-04-24,East,Smartphones,OnePlus Nord,49369.61,8.6,2,3.9,173,Debit Card,1-2 days,45123.82,90247.64,April,4
ORD102023,2025-04-25,North,Accessories,TP-Link Adapter,5430.71,12.5,1,4.2,189,UPI,3-4 days,4751.87,4751.87,April,4
ORD100239,2025-04-25,North,Headphones,Apple AirPods,24472.35,23.6,4,3.9,204,UPI,1-2 days,18696.88,74787.52,April,4
ORD100824,2025-04-25,Central,Smartphones,Google Pixel,90216.83,25.3,5,4.2,168,Net Banking,5-7 days,67391.97,336959.85,April,4
ORD100057,2025-04-25,South,Laptops,Acer Aspire,81527.84,26.2,1,3.5,184,Cash on Delivery,5-7 days,60167.55,60167.55,April,4
ORD101815,2025-04-26,North,Laptops,Acer Aspire,44427.94,9.3,1,3.9,199,UPI,5-7 days,40296.14,40296.14,April,4
ORD101177,2025-04-26,West,Monitors,BenQ Monitor,16609.33,20.7,2,4.4,186,UPI,1-2 days,13171.2,26342.4,April,4
ORD102367,2025-04-26,North,Laptops,Dell Inspiron,98148.76,19.9,1,4.4,182,,1-2 days,78617.16,78617.16,April,4
ORD100256,2025-04-27,South,Headphones,Noise Buds,29766.41,12.9,1,4.8,193,Cash on Delivery,3-4 days,25926.54,25926.54,April,4
ORD101013,2025-04-27,East,Accessories,Logitech Mouse,2593.11,26.2,1,3.8,174,Credit Card,5-7 days,1913.72,1913.72,April,4
ORD100090,2025-04-27,North,Smartphones,Samsung Galaxy,77401.52,6.4,1,4.7,155,Net Banking,3-4 days,72447.82,72447.82,April,4
ORD100835,2025-04-27,South,Smartphones,iPhone,20049.24,17.1,2,4.5,193,Cash on Delivery,8+ days,16620.82,33241.64,April,4
ORD102314,2025-04-27,South,Headphones,Noise Buds,11663.69,11.1,2,4.0,186,Credit Card,5-7 days,10369.02,20738.04,April,4
ORD100083,2025-04-28,West,Smartphones,Motorola Edge,77989.82,5.7,1,3.5,197,UPI,3-4 days,73544.4,73544.4,April,4
ORD101950,2025-04-28,South,Smartphones,Motorola Edge,30233.62,20.4,3,4.4,186,UPI,5-7 days,24065.96,72197.88,April,4
ORD100152,2025-04-28,South,Laptops,ASUS VivoBook,45443.51,24.2,2,3.1,184,Credit Card,3-4 days,34446.18,68892.36,April,4
ORD102419,2025-04-28,East,Laptops,HP Pavilion,57923.64,13.7,4,3.8,191,Debit Card,3-4 days,49988.1,199952.4,April,4
ORD101382,2025-04-28,East,Smartphones,Motorola Edge,49890.23,25.4,3,3.7,170,Credit Card,5-7 days,37218.11,111654.33,April,4
ORD100631,2025-04-28,Central,Headphones,Apple AirPods,14918.08,26.7,1,4.3,195,Net Banking,3-4 days,10934.95,10934.95,April,4
ORD101001,2025-04-28,North,Laptops,Dell Inspiron,92358.22,10.1,5,4.3,188,Credit Card,5-7 days,83030.04,415150.2,April,4
ORD100656,2025-04-29,South,Laptops,ASUS VivoBook,37804.77,15.7,2,,180,Net Banking,3-4 days,31869.42,63738.84,April,4
ORD101156,2025-04-29,Central,Monitors,BenQ Monitor,18656.23,5.9,2,3.0,190,Cash on Delivery,5-7 days,17555.51,35111.02,April,4
ORD101053,2025-04-29,West,Accessories,TP-Link Adapter,8853.58,9.9,1,3.6,172,Credit Card,3-4 days,7977.08,7977.08,April,4
ORD100992,2025-04-29,West,Headphones,Apple AirPods,5910.35,12.0,2,3.6,203,Cash on Delivery,8+ days,5201.11,10402.22,April,4
ORD102145,2025-04-29,East,Smartphones,Google Pixel,18046.16,8.3,1,4.2,193,Credit Card,5-7 days,16548.33,16548.33,April,4
ORD100106,2025-04-29,West,Smartphones,Google Pixel,16463.1,2.1,1,4.3,215,UPI,5-7 days,16117.37,16117.37,April,4
ORD101225,2025-04-29,North,Smartphones,OnePlus Nord,12567.78,10.8,1,4.5,175,Debit Card,1-2 days,11210.46,11210.46,April,4
ORD100800,2025-04-29,North,Accessories,Anker Charger,9545.37,28.6,3,4.7,172,Credit Card,1-2 days,6815.39,20446.17,April,4
ORD100129,2025-04-29,Central,Laptops,Lenovo IdeaPad,58035.92,9.2,1,4.5,190,UPI,3-4 days,52696.62,52696.62,April,4
ORD102263,2025-04-30,Central,Accessories,HP Keyboard,3106.91,28.0,2,4.6,174,Debit Card,3-4 days,2236.98,4473.96,April,4
ORD100974,2025-04-30,North,Laptops,Dell Inspiron,54553.16,28.8,1,4.2,199,Cash on Delivery,3-4 days,38841.85,38841.85,April,4
ORD101743,2025-04-30,North,Monitors,LG UltraGear,30253.81,7.5,1,3.8,217,Debit Card,8+ days,27984.77,27984.77,April,4
ORD100024,2025-04-30,South,Smartphones,Motorola Edge,41911.17,2.3,1,4.9,167,UPI,5-7 days,40947.21,40947.21,April,4
ORD102279,2025-05-01,West,Headphones,Apple AirPods,4042.13,0.8,2,4.0,175,Cash on Delivery,1-2 days,4009.79,8019.58,May,5
ORD102077,2025-05-01,East,Laptops,ASUS VivoBook,92683.08,24.4,2,3.7,196,Cash on Delivery,3-4 days,70068.41,140136.82,May,5
ORD101129,2025-05-01,East,Smartphones,iPhone,71396.52,7.2,1,3.9,190,Credit Card,1-2 days,66255.97,66255.97,May,5
ORD101842,2025-05-01,East,Smartphones,Motorola Edge,56952.54,23.5,1,4.5,179,Net Banking,3-4 days,43568.69,43568.69,May,5
ORD102352,2025-05-01,South,Accessories,TP-Link Adapter,3694.93,2.4,1,4.3,211,Cash on Delivery,3-4 days,3606.25,3606.25,May,5
ORD100128,2025-05-01,South,Accessories,Anker Charger,6564.33,2.3,1,4.4,172,Cash on Delivery,5-7 days,6413.35,6413.35,May,5
ORD101676,2025-05-01,Central,Smartphones,Motorola Edge,88412.14,1.9,2,4.0,181,Cash on Delivery,3-4 days,86732.31,173464.62,May,5
ORD100246,2025-05-01,North,Accessories,Logitech Mouse,8697.76,1.5,1,3.6,187,UPI,1-2 days,8567.29,8567.29,May,5
ORD100205,2025-05-01,West,Headphones,Apple AirPods,17150.12,25.8,1,3.6,176,Cash on Delivery,5-7 days,12725.39,12725.39,May,5
ORD101121,2025-05-01,West,Accessories,AmazonBasics Cable,9984.03,12.1,1,3.5,187,Cash on Delivery,1-2 days,8775.96,8775.96,May,5
ORD102306,2025-05-02,West,Smartphones,iPhone,54960.76,25.3,1,4.0,180,UPI,5-7 days,41055.69,41055.69,May,5
ORD101277,2025-05-02,Central,Smartphones,OnePlus Nord,40577.57,20.9,1,4.9,165,Cash on Delivery,1-2 days,32096.86,32096.86,May,5
ORD102335,2025-05-02,Central,Laptops,HP Pavilion,73112.66,15.4,1,3.5,153,Credit Card,3-4 days,61853.31,61853.31,May,5
ORD101072,2025-05-02,West,Laptops,Acer Aspire,60367.32,16.8,2,3.2,198,Cash on Delivery,8+ days,50225.61,100451.22,May,5
ORD102020,2025-05-02,Central,Headphones,Apple AirPods,29151.97,4.1,1,4.3,156,Net Banking,3-4 days,27956.74,27956.74,May,5
ORD100401,2025-05-03,Central,Laptops,ASUS VivoBook,78734.59,5.6,1,3.8,179,Credit Card,1-2 days,74325.45,74325.45,May,5
ORD100165,2025-05-03,South,Laptops,ASUS VivoBook,78697.15,14.1,1,3.7,161,,1-2 days,67600.85,67600.85,May,5
ORD100318,2025-05-03,South,Laptops,ASUS VivoBook,106311.4,28.8,1,3.6,195,UPI,5-7 days,75693.72,75693.72,May,5
ORD100345,2025-05-03,East,Smartphones,Motorola Edge,88883.59,4.6,2,4.0,186,UPI,3-4 days,84794.94,169589.88,May,5
ORD100951,2025-05-04,West,Headphones,JBL Tune,7893.24,7.8,3,3.7,169,Net Banking,5-7 days,7277.57,21832.71,May,5
ORD100949,2025-05-04,Central,Accessories,HP Keyboard,6622.61,7.0,1,4.3,168,Credit Card,1-2 days,6159.03,6159.03,May,5
ORD101216,2025-05-04,Central,Laptops,HP Pavilion,36325.25,27.3,2,4.1,168,Cash on Delivery,1-2 days,26408.46,52816.92,May,5
ORD102085,2025-05-04,North,Headphones,JBL Tune,8641.71,27.9,2,3.5,196,Net Banking,3-4 days,6230.67,12461.34,May,5
ORD101924,2025-05-04,Central,Smartphones,Google Pixel,23952.27,8.0,2,3.6,165,Credit Card,1-2 days,22036.09,44072.18,May,5
ORD101694,2025-05-04,West,Laptops,Acer Aspire,42862.68,25.4,1,3.7,200,Debit Card,8+ days,31975.56,31975.56,May,5
ORD102492,2025-05-04,West,Laptops,Acer Aspire,80499.61,9.1,1,4.5,186,Cash on Delivery,5-7 days,73174.15,73174.15,May,5
ORD101668,2025-05-05,North,Accessories,Logitech Mouse,2939.89,18.2,2,3.9,191,Net Banking,3-4 days,2404.83,4809.66,May,5
ORD101227,2025-05-05,West,Smartphones,OnePlus Nord,68909.1,1.2,1,4.8,184,Cash on Delivery,3-4 days,68082.19,68082.19,May,5
ORD101425,2025-05-05,South,Accessories,Anker Charger,3344.85,7.8,3,3.7,202,Debit Card,3-4 days,3083.95,9251.85,May,5
ORD101132,2025-05-05,Central,Smartphones,OnePlus Nord,69221.62,26.9,3,4.3,170,Net Banking,5-7 days,50601.0,151803.0,May,5
ORD102197,2025-05-05,East,Smartphones,Google Pixel,32222.0,7.4,1,4.2,186,Cash on Delivery,3-4 days,29837.57,29837.57,May,5
ORD101625,2025-05-05,Central,Laptops,HP Pavilion,42143.67,9.2,1,3.5,184,Debit Card,5-7 days,38266.45,38266.45,May,5
ORD100008,2025-05-05,South,Accessories,Logitech Mouse,3610.5,0.1,1,3.8,172,Credit Card,1-2 days,3606.89,3606.89,May,5
ORD101265,2025-05-05,North,Laptops,Lenovo IdeaPad,103445.38,3.8,2,3.9,186,UPI,5-7 days,99514.46,199028.92,May,5
ORD102121,2025-05-05,West,Monitors,LG UltraGear,36691.14,17.9,1,4.6,214,Cash on Delivery,5-7 days,30123.43,30123.43,May,5
ORD101615,2025-05-05,Central,Smartphones,Motorola Edge,64983.06,16.7,1,4.7,186,Credit Card,3-4 days,54130.89,54130.89,May,5
ORD100958,2025-05-05,West,Laptops,Acer Aspire,68313.8,8.1,4,3.5,183,Cash on Delivery,5-7 days,62780.38,251121.52,May,5
ORD101610,2025-05-05,Central,Headphones,Noise Buds,6980.53,7.2,3,4.3,188,Debit Card,8+ days,6477.93,19433.79,May,5
ORD102248,2025-05-06,West,Monitors,BenQ Monitor,21157.79,9.5,4,3.4,158,Credit Card,3-4 days,19147.8,76591.2,May,5
ORD100418,2025-05-06,North,Smartphones,Google Pixel,47761.24,1.1,3,4.6,180,Credit Card,3-4 days,47235.87,141707.61,May,5
ORD102037,2025-05-06,Central,Laptops,Acer Aspire,35120.09,21.3,1,4.1,176,Net Banking,3-4 days,27639.51,27639.51,May,5
ORD101985,2025-05-06,Central,Laptops,ASUS VivoBook,56507.52,16.0,1,4.0,189,Debit Card,5-7 days,47466.32,47466.32,May,5
ORD100844,2025-05-06,Central,Accessories,HP Keyboard,1360.31,11.2,1,4.2,143,UPI,3-4 days,1207.96,1207.96,May,5
ORD102195,2025-05-06,West,Laptops,ASUS VivoBook,46547.24,9.5,2,4.3,190,Net Banking,5-7 days,42125.25,84250.5,May,5
ORD101505,2025-05-06,East,Smartphones,iPhone,18563.31,20.9,3,3.5,206,Net Banking,5-7 days,14683.58,44050.74,May,5
ORD101570,2025-05-07,North,Smartphones,Samsung Galaxy,52610.18,4.4,2,4.6,178,Credit Card,3-4 days,50295.33,100590.66,May,5
ORD101554,2025-05-07,South,Accessories,TP-Link Adapter,2499.37,30.0,3,5.0,172,Credit Card,3-4 days,1749.56,5248.68,May,5
ORD101877,2025-05-07,North,Headphones,Noise Buds,13977.0,28.3,1,4.2,170,Cash on Delivery,5-7 days,10021.51,10021.51,May,5
ORD101409,2025-05-07,Central,Headphones,boAt Rockerz,4093.18,0.9,1,3.7,193,UPI,5-7 days,4056.34,4056.34,May,5
ORD102072,2025-05-07,Central,Smartphones,iPhone,63147.97,18.0,1,4.4,170,Cash on Delivery,3-4 days,51781.34,51781.34,May,5
ORD100098,2025-05-07,North,Smartphones,OnePlus Nord,88875.03,21.0,4,4.5,183,Debit Card,5-7 days,70211.27,280845.08,May,5
ORD101333,2025-05-07,West,Laptops,ASUS VivoBook,84825.45,22.9,1,3.4,168,Debit Card,3-4 days,65400.42,65400.42,May,5
ORD100985,2025-05-08,West,Monitors,Dell UltraSharp,14732.22,1.9,2,5.0,180,Cash on Delivery,5-7 days,14452.31,28904.62,May,5
ORD101406,2025-05-08,South,Smartphones,iPhone,92746.07,20.9,4,4.5,195,Net Banking,3-4 days,73362.14,293448.56,May,5
ORD101620,2025-05-08,West,Monitors,LG UltraGear,30680.8,11.4,1,3.2,185,Net Banking,3-4 days,27183.19,27183.19,May,5
ORD102045,2025-05-09,North,Accessories,HP Keyboard,8278.09,24.7,1,4.2,163,Net Banking,3-4 days,6233.4,6233.4,May,5
ORD101154,2025-05-09,Central,Headphones,JBL Tune,2150.74,27.3,2,5.0,171,Cash on Delivery,3-4 days,1563.59,3127.18,May,5
ORD101721,2025-05-09,North,Laptops,ASUS VivoBook,51580.37,8.5,2,3.9,180,Net Banking,8+ days,47196.04,94392.08,May,5
ORD100568,2025-05-09,Central,Smartphones,Samsung Galaxy,50699.02,18.3,1,4.4,204,Credit Card,3-4 days,41421.1,41421.1,May,5
ORD102148,2025-05-09,Central,Smartphones,Samsung Galaxy,77793.48,4.0,1,4.8,181,UPI,1-2 days,74681.74,74681.74,May,5
ORD100027,2025-05-09,South,Laptops,Lenovo IdeaPad,99760.99,23.9,1,3.5,169,UPI,3-4 days,75918.11,75918.11,May,5
ORD100636,2025-05-09,South,Smartphones,Motorola Edge,24853.18,3.3,1,3.2,191,UPI,3-4 days,24033.03,24033.03,May,5
ORD100146,2025-05-09,North,Laptops,Acer Aspire,65166.78,4.0,1,3.9,189,Cash on Delivery,1-2 days,62560.11,62560.11,May,5
ORD101142,2025-05-09,East,Smartphones,iPhone,61987.27,21.7,1,4.2,172,Net Banking,3-4 days,48536.03,48536.03,May,5
ORD101530,2025-05-09,North,Headphones,JBL Tune,11610.83,28.8,2,3.8,209,Credit Card,3-4 days,8266.91,16533.82,May,5
ORD100279,2025-05-09,East,Headphones,Sony WH Series,9367.91,24.0,1,3.8,151,Cash on Delivery,5-7 days,7119.61,7119.61,May,5
ORD100983,2025-05-10,West,Laptops,ASUS VivoBook,57233.37,3.1,1,4.2,179,Cash on Delivery,5-7 days,55459.14,55459.14,May,5
ORD100533,2025-05-10,Central,Accessories,TP-Link Adapter,4162.76,15.9,1,4.0,194,Net Banking,1-2 days,3500.88,3500.88,May,5
ORD100817,2025-05-10,West,Headphones,Sony WH Series,11199.13,25.2,2,4.3,192,Net Banking,5-7 days,8376.95,16753.9,May,5
ORD100867,2025-05-10,North,Laptops,HP Pavilion,40970.38,28.3,1,4.4,204,Cash on Delivery,3-4 days,29375.76,29375.76,May,5
ORD100608,2025-05-10,North,Smartphones,OnePlus Nord,30286.49,3.4,2,3.4,168,Credit Card,5-7 days,29256.75,58513.5,May,5
ORD100059,2025-05-10,West,Laptops,HP Pavilion,41279.37,0.3,4,3.7,182,Debit Card,3-4 days,41155.53,164622.12,May,5
ORD100748,2025-05-10,North,Headphones,Sony WH Series,19944.0,19.4,1,4.1,176,Debit Card,5-7 days,16074.86,16074.86,May,5
ORD101675,2025-05-10,South,Monitors,Dell UltraSharp,15497.21,11.3,2,4.8,191,Cash on Delivery,1-2 days,13746.03,27492.06,May,5
ORD101999,2025-05-10,East,Laptops,ASUS VivoBook,90291.44,20.5,1,3.9,186,UPI,5-7 days,71781.69,71781.69,May,5
ORD102011,2025-05-11,Central,Laptops,Dell Inspiron,43662.94,7.3,1,4.0,213,UPI,3-4 days,40475.55,40475.55,May,5
ORD100357,2025-05-11,South,Laptops,ASUS VivoBook,74456.19,7.5,2,4.4,160,Credit Card,1-2 days,68871.98,137743.96,May,5
ORD100431,2025-05-11,North,Laptops,Dell Inspiron,36501.74,13.8,1,4.6,189,Net Banking,1-2 days,31464.5,31464.5,May,5
ORD101611,2025-05-11,Central,Accessories,TP-Link Adapter,8861.47,26.8,2,3.3,188,UPI,3-4 days,6486.6,12973.2,May,5
ORD101918,2025-05-11,North,Headphones,Apple AirPods,26376.06,11.0,3,4.2,183,UPI,5-7 days,23474.69,70424.07,May,5
ORD100284,2025-05-12,Central,Laptops,Acer Aspire,99848.93,2.2,1,3.4,166,Cash on Delivery,8+ days,97652.25,97652.25,May,5
ORD102069,2025-05-12,South,Laptops,Acer Aspire,61718.74,11.4,1,4.0,168,Net Banking,5-7 days,54682.8,54682.8,May,5
ORD102389,2025-05-12,Central,Headphones,Apple AirPods,27216.08,2.6,1,4.5,208,Cash on Delivery,3-4 days,26508.46,26508.46,May,5
ORD100185,2025-05-12,Central,Smartphones,Samsung Galaxy,46088.87,14.7,4,4.4,172,Cash on Delivery,3-4 days,39313.81,157255.24,May,5
ORD102244,2025-05-12,Central,Accessories,TP-Link Adapter,5668.28,23.0,1,3.3,179,Debit Card,1-2 days,4364.58,4364.58,May,5
ORD100038,2025-05-13,East,Laptops,Lenovo IdeaPad,36420.91,12.1,2,4.1,179,Cash on Delivery,5-7 days,32013.98,64027.96,May,5
ORD101304,2025-05-13,East,Headphones,boAt Rockerz,11591.22,6.3,2,5.0,181,UPI,3-4 days,10860.97,21721.94,May,5
ORD102050,2025-05-13,West,Laptops,Lenovo IdeaPad,76232.34,8.0,1,3.9,208,Cash on Delivery,5-7 days,70133.75,70133.75,May,5
ORD100818,2025-05-13,South,Smartphones,Samsung Galaxy,77917.13,14.1,1,3.4,186,Debit Card,5-7 days,66930.81,66930.81,May,5
ORD102366,2025-05-13,East,Laptops,ASUS VivoBook,42970.89,24.4,4,4.5,203,Credit Card,1-2 days,32485.99,129943.96,May,5
ORD101261,2025-05-13,North,Smartphones,Google Pixel,84089.88,0.8,1,3.7,198,UPI,5-7 days,83417.16,83417.16,May,5
ORD101444,2025-05-13,North,Smartphones,iPhone,18695.59,28.6,1,3.6,154,Cash on Delivery,3-4 days,13348.65,13348.65,May,5
ORD102362,2025-05-13,North,Smartphones,OnePlus Nord,56459.79,21.5,1,4.4,196,UPI,1-2 days,44320.94,44320.94,May,5
ORD100541,2025-05-13,Central,Accessories,Anker Charger,4184.43,18.9,1,3.7,195,Debit Card,3-4 days,3393.57,3393.57,May,5
ORD100232,2025-05-14,East,Smartphones,iPhone,79650.98,27.9,2,4.2,169,Cash on Delivery,3-4 days,57428.36,114856.72,May,5
ORD100501,2025-05-14,Central,Headphones,Noise Buds,10020.52,19.7,4,4.3,183,Net Banking,3-4 days,8046.48,32185.92,May,5
ORD101681,2025-05-14,North,Smartphones,Samsung Galaxy,86202.6,18.8,3,3.9,177,Cash on Delivery,3-4 days,69996.51,209989.53,May,5
ORD101556,2025-05-14,North,Laptops,ASUS VivoBook,100798.23,9.9,2,4.1,156,Credit Card,1-2 days,90819.21,181638.42,May,5
ORD101575,2025-05-15,South,Laptops,HP Pavilion,78756.97,27.8,4,3.5,196,Credit Card,1-2 days,56862.53,227450.12,May,5
ORD102080,2025-05-15,South,Monitors,BenQ Monitor,34331.76,15.7,1,3.5,172,Debit Card,3-4 days,28941.67,28941.67,May,5
ORD101418,2025-05-15,East,Laptops,HP Pavilion,82644.87,20.1,1,4.3,198,Debit Card,3-4 days,66033.25,66033.25,May,5
ORD100331,2025-05-15,North,Smartphones,Samsung Galaxy,51652.6,0.4,1,4.6,181,Credit Card,3-4 days,51445.99,51445.99,May,5
ORD100070,2025-05-16,West,Accessories,HP Keyboard,6504.18,14.5,1,4.3,169,Net Banking,3-4 days,5561.07,5561.07,May,5
ORD101925,2025-05-16,Central,Monitors,Acer Nitro,54975.52,6.5,2,4.5,180,UPI,1-2 days,51402.11,102804.22,May,5
ORD100718,2025-05-16,West,Accessories,AmazonBasics Cable,5325.51,17.4,1,4.2,165,Credit Card,5-7 days,4398.87,4398.87,May,5
ORD100971,2025-05-16,Central,Headphones,Sony WH Series,13618.86,27.4,3,3.2,176,Net Banking,3-4 days,9887.29,29661.87,May,5
ORD100400,2025-05-16,North,Monitors,Dell UltraSharp,32092.38,13.3,2,3.3,222,UPI,3-4 days,27824.09,55648.18,May,5
ORD100660,2025-05-16,North,Headphones,boAt Rockerz,19090.17,5.2,1,4.2,172,UPI,5-7 days,18097.48,18097.48,May,5
ORD101519,2025-05-16,North,Smartphones,Motorola Edge,46684.37,19.9,4,4.9,179,Debit Card,5-7 days,37394.18,149576.72,May,5
ORD100237,2025-05-17,Central,Smartphones,iPhone,56402.23,29.5,1,4.1,183,Credit Card,3-4 days,39763.57,39763.57,May,5
ORD101328,2025-05-17,Central,Monitors,LG UltraGear,37611.12,2.9,5,,215,Net Banking,1-2 days,36520.4,182602.0,May,5
ORD102384,2025-05-17,Central,Smartphones,OnePlus Nord,75517.45,0.4,4,3.9,188,Credit Card,3-4 days,75215.38,300861.52,May,5
ORD101399,2025-05-17,North,Headphones,Apple AirPods,21789.08,11.3,1,3.9,176,Cash on Delivery,5-7 days,19326.91,19326.91,May,5
ORD101629,2025-05-17,North,Laptops,Dell Inspiron,48116.3,19.5,3,4.0,178,UPI,3-4 days,38733.62,116200.86,May,5
ORD101522,2025-05-17,East,Accessories,Anker Charger,4787.21,25.8,1,4.3,188,Net Banking,1-2 days,3552.11,3552.11,May,5
ORD101448,2025-05-18,North,Monitors,LG UltraGear,18918.05,28.9,2,4.5,187,UPI,1-2 days,13450.73,26901.46,May,5
ORD100461,2025-05-18,Central,Laptops,Lenovo IdeaPad,60024.57,21.8,2,4.6,188,Net Banking,1-2 days,46939.21,93878.42,May,5
ORD102416,2025-05-18,West,Accessories,AmazonBasics Cable,5908.68,20.9,1,4.2,179,Debit Card,8+ days,4673.77,4673.77,May,5
ORD100155,2025-05-18,East,Accessories,HP Keyboard,3598.02,28.9,1,3.5,185,Debit Card,1-2 days,2558.19,2558.19,May,5
ORD100939,2025-05-18,South,Laptops,Acer Aspire,66375.94,22.9,1,4.4,203,Credit Card,8+ days,51175.85,51175.85,May,5
ORD100889,2025-05-18,South,Laptops,ASUS VivoBook,47976.79,24.2,3,3.8,185,Cash on Delivery,5-7 days,36366.41,109099.23,May,5
ORD100937,2025-05-18,South,Laptops,ASUS VivoBook,99967.03,30.0,2,3.4,186,UPI,5-7 days,69976.92,139953.84,May,5
ORD100224,2025-05-19,East,Smartphones,Motorola Edge,31308.84,24.8,2,4.7,188,Cash on Delivery,8+ days,23544.25,47088.5,May,5
ORD101908,2025-05-19,South,Smartphones,Motorola Edge,52910.39,10.7,1,4.3,185,Debit Card,3-4 days,47248.98,47248.98,May,5
ORD102463,2025-05-19,Central,Headphones,Noise Buds,10580.22,22.6,1,4.1,174,Net Banking,3-4 days,8189.09,8189.09,May,5
ORD100250,2025-05-19,Central,Accessories,Anker Charger,3595.87,3.8,3,3.9,178,Net Banking,5-7 days,3459.23,10377.69,May,5
ORD102406,2025-05-19,South,Headphones,Apple AirPods,12208.43,18.7,1,4.2,177,Credit Card,1-2 days,9925.45,9925.45,May,5
ORD100811,2025-05-19,South,Accessories,Anker Charger,1595.95,24.4,1,3.3,200,UPI,3-4 days,1206.54,1206.54,May,5
ORD100610,2025-05-20,East,Headphones,Apple AirPods,4148.17,1.2,1,4.0,183,Net Banking,5-7 days,4098.39,4098.39,May,5
ORD101085,2025-05-20,West,Accessories,TP-Link Adapter,1827.08,28.9,1,4.8,213,UPI,5-7 days,1299.05,1299.05,May,5
ORD102116,2025-05-20,West,Laptops,Dell Inspiron,80726.68,14.3,2,4.2,176,Cash on Delivery,1-2 days,69182.76,138365.52,May,5
ORD100055,2025-05-20,South,Headphones,JBL Tune,20797.81,1.7,2,4.4,178,Debit Card,3-4 days,20444.25,40888.5,May,5
ORD101421,2025-05-20,West,Smartphones,OnePlus Nord,88780.36,1.6,1,5.0,172,Net Banking,5-7 days,87359.87,87359.87,May,5
ORD102224,2025-05-20,West,Smartphones,Google Pixel,73201.96,7.1,1,4.2,176,Cash on Delivery,1-2 days,68004.62,68004.62,May,5
ORD100787,2025-05-20,North,Headphones,Apple AirPods,15878.11,15.2,1,4.3,195,Credit Card,3-4 days,13464.64,13464.64,May,5
ORD101245,2025-05-20,Central,Monitors,Dell UltraSharp,37709.22,17.9,2,3.9,214,Credit Card,3-4 days,30959.27,61918.54,May,5
ORD101977,2025-05-21,North,Smartphones,iPhone,24053.68,11.2,1,3.9,192,Debit Card,3-4 days,21359.67,21359.67,May,5
ORD100704,2025-05-21,North,Laptops,HP Pavilion,106545.89,27.9,2,4.6,205,Net Banking,3-4 days,76819.59,153639.18,May,5
ORD100207,2025-05-21,Central,Laptops,ASUS VivoBook,56104.47,17.1,2,4.2,189,UPI,3-4 days,46510.61,93021.22,May,5
ORD100654,2025-05-21,East,Monitors,BenQ Monitor,26578.11,15.4,3,4.3,198,Debit Card,5-7 days,22485.08,67455.24,May,5
ORD101083,2025-05-21,South,Smartphones,iPhone,20509.92,28.6,1,4.2,169,Debit Card,5-7 days,14644.08,14644.08,May,5
ORD100415,2025-05-22,Central,Headphones,Noise Buds,27615.95,15.6,2,4.9,171,Cash on Delivery,3-4 days,23307.86,46615.72,May,5
ORD101788,2025-05-22,South,Headphones,Sony WH Series,18511.43,4.7,1,3.3,168,Net Banking,5-7 days,17641.39,17641.39,May,5
ORD100135,2025-05-22,North,Accessories,HP Keyboard,8295.25,15.3,1,4.2,202,Cash on Delivery,3-4 days,7026.08,7026.08,May,5
ORD102035,2025-05-22,East,Headphones,Apple AirPods,9414.1,10.7,1,3.8,209,Debit Card,1-2 days,8406.79,8406.79,May,5
ORD101314,2025-05-23,East,Monitors,Dell UltraSharp,26953.6,12.0,3,4.3,159,Net Banking,3-4 days,23719.17,71157.51,May,5
ORD100789,2025-05-23,South,Smartphones,Samsung Galaxy,77170.76,7.2,1,3.5,196,Debit Card,5-7 days,71614.47,71614.47,May,5
ORD102437,2025-05-23,Central,Smartphones,iPhone,36303.47,9.1,2,4.0,164,Cash on Delivery,5-7 days,32999.85,65999.7,May,5
ORD101702,2025-05-23,East,Smartphones,iPhone,79177.67,21.8,1,4.3,187,Net Banking,3-4 days,61916.94,61916.94,May,5
ORD101637,2025-05-23,South,Smartphones,Motorola Edge,94636.38,11.8,1,3.9,179,Cash on Delivery,3-4 days,83469.29,83469.29,May,5
ORD100404,2025-05-23,South,Monitors,BenQ Monitor,23446.02,16.6,1,4.1,193,Debit Card,5-7 days,19553.98,19553.98,May,5
ORD101762,2025-05-23,West,Monitors,BenQ Monitor,11872.44,4.9,3,3.4,182,Net Banking,5-7 days,11290.69,33872.07,May,5
ORD101090,2025-05-23,Central,Laptops,HP Pavilion,100201.42,3.8,3,3.8,177,Cash on Delivery,1-2 days,96393.77,289181.31,May,5
ORD102163,2025-05-24,East,Smartphones,Google Pixel,54911.52,20.2,1,4.7,206,UPI,3-4 days,43819.39,43819.39,May,5
ORD102373,2025-05-24,North,Headphones,Apple AirPods,22969.53,19.0,3,4.1,195,Credit Card,1-2 days,18605.32,55815.96,May,5
ORD101034,2025-05-24,Central,Laptops,HP Pavilion,69044.46,23.2,1,3.6,183,Cash on Delivery,3-4 days,53026.15,53026.15,May,5
ORD102129,2025-05-24,West,Accessories,AmazonBasics Cable,4593.94,23.5,1,4.5,182,Credit Card,1-2 days,3514.36,3514.36,May,5
ORD101649,2025-05-24,Central,Monitors,LG UltraGear,22920.67,1.9,1,3.8,178,Credit Card,1-2 days,22485.18,22485.18,May,5
ORD100385,2025-05-24,East,Monitors,Samsung Monitor,35238.84,15.4,4,3.6,170,Credit Card,3-4 days,29812.06,119248.24,May,5
ORD102260,2025-05-25,West,Smartphones,Samsung Galaxy,47368.16,15.4,1,3.3,187,UPI,3-4 days,40073.46,40073.46,May,5
ORD101970,2025-05-25,East,Laptops,HP Pavilion,39934.87,19.3,2,4.0,166,Cash on Delivery,8+ days,32227.44,64454.88,May,5
ORD101968,2025-05-25,South,Smartphones,OnePlus Nord,25585.08,15.4,4,3.7,162,UPI,8+ days,21644.98,86579.92,May,5
ORD101153,2025-05-25,South,Headphones,Apple AirPods,13641.29,19.8,1,3.0,213,Credit Card,3-4 days,10940.31,10940.31,May,5
ORD101500,2025-05-25,East,Accessories,TP-Link Adapter,3320.51,14.7,1,4.2,177,UPI,3-4 days,2832.4,2832.4,May,5
ORD101340,2025-05-25,Central,Laptops,ASUS VivoBook,74386.54,25.3,1,4.0,185,UPI,3-4 days,55566.75,55566.75,May,5
ORD102255,2025-05-25,Central,Accessories,Anker Charger,1990.71,29.3,1,4.0,174,UPI,1-2 days,1407.43,1407.43,May,5
ORD100002,2025-05-26,West,Accessories,TP-Link Adapter,3502.74,25.8,3,4.4,174,Cash on Delivery,3-4 days,2599.03,7797.09,May,5
ORD101092,2025-05-26,West,Headphones,boAt Rockerz,15629.96,0.5,4,4.5,164,Net Banking,8+ days,15551.81,62207.24,May,5
ORD100320,2025-05-26,North,Smartphones,Samsung Galaxy,33656.24,15.3,2,4.7,176,Cash on Delivery,1-2 days,28506.84,57013.68,May,5
ORD102092,2025-05-26,West,Accessories,Logitech Mouse,1042.4,7.2,3,4.8,214,Debit Card,5-7 days,967.35,2902.05,May,5
ORD100720,2025-05-26,South,Monitors,Acer Nitro,23292.91,20.2,1,4.7,185,Debit Card,3-4 days,18587.74,18587.74,May,5
ORD102408,2025-05-27,West,Laptops,ASUS VivoBook,89148.74,1.8,2,3.4,203,Cash on Delivery,3-4 days,87544.06,175088.12,May,5
ORD100077,2025-05-27,Central,Monitors,Acer Nitro,27320.91,19.6,1,3.9,188,Cash on Delivery,1-2 days,21966.01,21966.01,May,5
ORD102282,2025-05-27,North,Smartphones,Google Pixel,42313.92,10.2,2,4.4,148,Cash on Delivery,1-2 days,37997.9,75995.8,May,5
ORD100822,2025-05-27,West,Laptops,Lenovo IdeaPad,77763.62,4.0,1,3.7,185,Credit Card,1-2 days,74653.08,74653.08,May,5
ORD100073,2025-05-27,East,Laptops,Acer Aspire,46042.03,1.3,2,4.6,181,Cash on Delivery,3-4 days,45443.48,90886.96,May,5
ORD100911,2025-05-28,West,Headphones,Noise Buds,15486.03,9.7,5,4.8,199,UPI,1-2 days,13983.89,69919.45,May,5
ORD102450,2025-05-28,East,Smartphones,iPhone,18277.32,21.8,2,4.9,178,Net Banking,5-7 days,14292.86,28585.72,May,5
ORD101814,2025-05-28,Central,Laptops,ASUS VivoBook,42079.81,20.0,1,3.7,204,Cash on Delivery,3-4 days,33663.85,33663.85,May,5
ORD101348,2025-05-28,East,Smartphones,iPhone,43780.95,13.5,3,3.2,172,Net Banking,5-7 days,37870.52,113611.56,May,5
ORD102068,2025-05-28,Central,Smartphones,Google Pixel,32740.67,1.2,1,4.1,187,Net Banking,3-4 days,32347.78,32347.78,May,5
ORD101133,2025-05-28,West,Laptops,HP Pavilion,56284.85,3.2,1,4.7,181,Debit Card,5-7 days,54483.73,54483.73,May,5
ORD102164,2025-05-28,East,Monitors,Acer Nitro,33360.34,13.8,3,4.3,186,Credit Card,1-2 days,28756.61,86269.83,May,5
ORD101295,2025-05-29,East,Monitors,Dell UltraSharp,39265.68,11.4,2,4.1,183,Net Banking,5-7 days,34789.39,69578.78,May,5
ORD101746,2025-05-29,Central,Smartphones,Motorola Edge,83675.21,0.8,1,4.0,200,Cash on Delivery,3-4 days,83005.81,83005.81,May,5
ORD101433,2025-05-29,West,Smartphones,OnePlus Nord,14615.58,27.5,1,3.4,183,Credit Card,3-4 days,10596.3,10596.3,May,5
ORD102444,2025-05-29,Central,Monitors,LG UltraGear,28404.17,7.8,3,3.7,208,Cash on Delivery,3-4 days,26188.64,78565.92,May,5
ORD101938,2025-05-29,West,Monitors,Samsung Monitor,40519.27,10.2,2,4.0,177,Debit Card,5-7 days,36386.3,72772.6,May,5
ORD101097,2025-05-29,West,Laptops,Lenovo IdeaPad,68461.19,24.8,4,4.0,170,UPI,5-7 days,51482.81,205931.24,May,5
ORD100399,2025-05-30,West,Monitors,BenQ Monitor,9176.51,18.5,1,3.8,169,UPI,1-2 days,7478.86,7478.86,May,5
ORD100092,2025-05-30,East,Headphones,boAt Rockerz,8901.56,20.7,1,3.7,181,Debit Card,1-2 days,7058.94,7058.94,May,5
ORD100437,2025-05-30,East,Laptops,HP Pavilion,71022.07,28.8,3,4.1,184,Debit Card,5-7 days,50567.71,151703.13,May,5
ORD101008,2025-05-30,North,Monitors,Dell UltraSharp,31962.58,24.6,3,4.5,181,Debit Card,5-7 days,24099.79,72299.37,May,5
ORD100914,2025-05-30,North,Smartphones,Motorola Edge,93878.45,13.4,2,4.1,189,UPI,5-7 days,81298.74,162597.48,May,5
ORD101440,2025-05-30,North,Headphones,Sony WH Series,25512.55,20.6,1,4.1,178,Cash on Delivery,5-7 days,20256.96,20256.96,May,5
ORD100948,2025-05-31,Central,Accessories,AmazonBasics Cable,619.67,28.1,1,4.5,163,Net Banking,3-4 days,445.54,445.54,May,5
ORD101355,2025-05-31,East,Smartphones,iPhone,73331.23,8.8,1,4.1,198,Credit Card,3-4 days,66878.08,66878.08,May,5
ORD100527,2025-05-31,West,Smartphones,iPhone,35209.81,28.3,1,3.4,185,Net Banking,3-4 days,25245.43,25245.43,May,5
ORD102117,2025-05-31,East,Smartphones,OnePlus Nord,33237.42,23.8,2,4.4,178,Cash on Delivery,1-2 days,25326.91,50653.82,May,5
ORD100926,2025-05-31,West,Laptops,HP Pavilion,51506.75,29.8,2,3.8,185,Cash on Delivery,3-4 days,36157.74,72315.48,May,5
ORD101766,2025-06-01,South,Smartphones,OnePlus Nord,20507.2,3.5,2,3.9,188,UPI,5-7 days,19789.45,39578.9,June,6
ORD101737,2025-06-01,South,Smartphones,Google Pixel,67868.24,22.2,3,4.1,178,Debit Card,3-4 days,52801.49,158404.47,June,6
ORD100391,2025-06-01,West,Accessories,TP-Link Adapter,1269.06,10.7,1,3.4,180,UPI,3-4 days,1133.27,1133.27,June,6
ORD101524,2025-06-01,Central,Laptops,HP Pavilion,68995.06,10.1,1,3.7,195,Credit Card,1-2 days,62026.56,62026.56,June,6
ORD102122,2025-06-01,East,Smartphones,OnePlus Nord,69888.17,0.9,3,4.1,189,Debit Card,8+ days,69259.18,207777.54,June,6
ORD100326,2025-06-02,South,Monitors,BenQ Monitor,41473.99,18.6,1,4.6,182,Credit Card,1-2 days,33759.83,33759.83,June,6
ORD101838,2025-06-02,South,Smartphones,Google Pixel,37829.16,3.1,1,3.7,173,UPI,1-2 days,36656.46,36656.46,June,6
ORD102113,2025-06-02,Central,Laptops,HP Pavilion,106089.76,7.6,2,3.3,177,UPI,1-2 days,98026.94,196053.88,June,6
ORD102470,2025-06-02,East,Headphones,Apple AirPods,24303.45,8.9,2,4.6,182,Debit Card,1-2 days,22140.44,44280.88,June,6
ORD102039,2025-06-02,West,Laptops,ASUS VivoBook,101105.77,17.4,1,3.6,185,Credit Card,5-7 days,83513.37,83513.37,June,6
ORD100160,2025-06-02,West,Monitors,BenQ Monitor,40978.62,29.4,2,4.7,165,Net Banking,1-2 days,28930.91,57861.82,June,6
ORD102494,2025-06-02,Central,Smartphones,Samsung Galaxy,13747.8,6.6,1,4.4,200,Debit Card,3-4 days,12840.45,12840.45,June,6
ORD100387,2025-06-02,Central,Smartphones,Samsung Galaxy,71319.74,10.0,2,4.2,197,Credit Card,1-2 days,64187.77,128375.54,June,6
ORD102325,2025-06-02,East,Monitors,BenQ Monitor,47522.74,18.1,2,4.6,174,UPI,3-4 days,38921.12,77842.24,June,6
ORD102397,2025-06-02,Central,Laptops,HP Pavilion,74840.08,4.2,2,3.6,216,Debit Card,3-4 days,71696.8,143393.6,June,6
ORD101832,2025-06-02,East,Headphones,Apple AirPods,5485.69,4.3,1,4.4,168,UPI,3-4 days,5249.81,5249.81,June,6
ORD101115,2025-06-02,East,Headphones,Noise Buds,28496.53,9.3,2,4.4,175,Net Banking,3-4 days,25846.35,51692.7,June,6
ORD100423,2025-06-03,North,Laptops,Lenovo IdeaPad,108932.62,28.7,1,3.2,188,Debit Card,3-4 days,77668.96,77668.96,June,6
ORD100226,2025-06-03,North,Smartphones,OnePlus Nord,34784.05,14.4,2,3.7,179,Net Banking,3-4 days,29775.15,59550.3,June,6
ORD100691,2025-06-03,South,Smartphones,Samsung Galaxy,66247.7,13.1,2,4.0,200,Credit Card,8+ days,57569.25,115138.5,June,6
ORD100829,2025-06-03,North,Monitors,Acer Nitro,43440.13,3.6,1,4.0,185,UPI,1-2 days,41876.29,41876.29,June,6
ORD102337,2025-06-03,West,Smartphones,Samsung Galaxy,94342.21,5.4,3,4.1,193,Net Banking,3-4 days,89247.73,267743.19,June,6
ORD100053,2025-06-03,West,Accessories,Anker Charger,882.74,6.6,2,3.8,180,Debit Card,3-4 days,824.48,1648.96,June,6
ORD100447,2025-06-03,North,Accessories,HP Keyboard,4259.89,25.0,1,3.9,179,UPI,1-2 days,3194.92,3194.92,June,6
ORD101866,2025-06-03,North,Accessories,Anker Charger,9922.4,1.8,2,4.1,182,UPI,3-4 days,9743.8,19487.6,June,6
ORD101751,2025-06-03,East,Headphones,Apple AirPods,20335.41,14.7,2,5.0,190,Cash on Delivery,1-2 days,17346.1,34692.2,June,6
ORD101613,2025-06-03,North,Headphones,Sony WH Series,10228.15,29.4,4,4.0,168,Credit Card,5-7 days,7221.07,28884.28,June,6
ORD102478,2025-06-04,West,Monitors,LG UltraGear,46758.65,13.9,1,4.5,204,Net Banking,3-4 days,40259.2,40259.2,June,6
ORD101339,2025-06-04,East,Laptops,Lenovo IdeaPad,67646.95,30.0,1,3.6,186,Credit Card,3-4 days,47352.86,47352.86,June,6
ORD102031,2025-06-04,North,Laptops,Lenovo IdeaPad,71278.54,3.3,3,4.4,171,Net Banking,3-4 days,68926.35,206779.05,June,6
ORD101836,2025-06-04,Central,Headphones,JBL Tune,28704.66,12.6,2,4.2,185,UPI,3-4 days,25087.87,50175.74,June,6
ORD102345,2025-06-04,Central,Accessories,HP Keyboard,7293.8,24.1,2,3.4,181,Debit Card,5-7 days,5535.99,11071.98,June,6
ORD100171,2025-06-04,South,Headphones,JBL Tune,16393.83,22.7,2,4.4,183,Cash on Delivery,5-7 days,12672.43,25344.86,June,6
ORD100014,2025-06-04,Central,Laptops,Dell Inspiron,79553.71,25.9,1,4.0,187,Debit Card,3-4 days,58949.3,58949.3,June,6
ORD101243,2025-06-04,Central,Monitors,Samsung Monitor,52830.38,1.0,1,3.7,205,Debit Card,1-2 days,52302.08,52302.08,June,6
ORD100370,2025-06-04,North,Laptops,HP Pavilion,99024.09,2.4,1,3.4,178,Cash on Delivery,5-7 days,96647.51,96647.51,June,6
ORD100344,2025-06-04,Central,Smartphones,Google Pixel,67726.7,22.0,2,4.7,173,Debit Card,1-2 days,52826.83,105653.66,June,6
ORD100522,2025-06-04,South,Smartphones,Samsung Galaxy,39256.0,12.5,1,4.2,200,Net Banking,3-4 days,34349.0,34349.0,June,6
ORD100919,2025-06-04,North,Monitors,Dell UltraSharp,28200.01,1.4,3,4.0,187,Cash on Delivery,3-4 days,27805.21,83415.63,June,6
ORD102115,2025-06-04,North,Headphones,JBL Tune,14344.71,23.9,3,4.4,173,Credit Card,1-2 days,10916.32,32748.96,June,6
ORD101293,2025-06-05,North,Headphones,JBL Tune,1733.7,28.4,1,5.0,190,Cash on Delivery,5-7 days,1241.33,1241.33,June,6
ORD101220,2025-06-05,North,Smartphones,Samsung Galaxy,54373.18,9.8,2,4.5,177,Net Banking,5-7 days,49044.61,98089.22,June,6
ORD100221,2025-06-05,South,Headphones,Apple AirPods,22782.12,0.7,1,4.4,174,Credit Card,3-4 days,22622.65,22622.65,June,6
ORD101715,2025-06-05,East,Laptops,Dell Inspiron,46936.93,14.4,1,4.7,190,Debit Card,5-7 days,40178.01,40178.01,June,6
ORD100294,2025-06-05,North,Smartphones,iPhone,81422.94,20.1,3,3.4,204,Debit Card,5-7 days,65056.93,195170.79,June,6
ORD100254,2025-06-05,South,Smartphones,Samsung Galaxy,87043.23,2.2,1,4.4,193,Net Banking,1-2 days,85128.28,85128.28,June,6
ORD100750,2025-06-05,South,Headphones,Noise Buds,6259.36,14.1,2,4.3,180,Net Banking,5-7 days,5376.79,10753.58,June,6
ORD100099,2025-06-05,East,Laptops,ASUS VivoBook,100348.64,3.4,1,3.8,203,UPI,3-4 days,96936.79,96936.79,June,6
ORD101067,2025-06-05,North,Laptops,Dell Inspiron,93820.35,25.5,1,3.9,164,Debit Card,3-4 days,69896.16,69896.16,June,6
ORD100671,2025-06-05,East,Laptops,Acer Aspire,82060.09,4.2,1,4.1,179,UPI,3-4 days,78613.57,78613.57,June,6
ORD100663,2025-06-05,Central,Headphones,Noise Buds,6583.63,22.2,3,3.5,183,Debit Card,1-2 days,5122.06,15366.18,June,6
ORD102369,2025-06-05,North,Smartphones,Samsung Galaxy,66726.66,2.1,2,4.0,178,Debit Card,3-4 days,65325.4,130650.8,June,6
ORD100156,2025-06-06,East,Smartphones,Motorola Edge,17886.02,19.6,1,3.8,210,UPI,5-7 days,14380.36,14380.36,June,6
ORD100486,2025-06-06,South,Accessories,TP-Link Adapter,3882.88,7.6,4,4.2,190,UPI,3-4 days,3587.78,14351.12,June,6
ORD101986,2025-06-06,North,Laptops,Acer Aspire,76971.26,12.1,4,4.0,188,Credit Card,1-2 days,67657.74,270630.96,June,6
ORD101200,2025-06-06,Central,Laptops,ASUS VivoBook,73608.82,24.1,1,4.2,169,Debit Card,1-2 days,55869.09,55869.09,June,6
ORD100686,2025-06-06,North,Headphones,Sony WH Series,19311.54,0.2,2,4.0,176,Cash on Delivery,1-2 days,19272.92,38545.84,June,6
ORD101376,2025-06-06,Central,Accessories,Anker Charger,8401.38,10.7,1,4.8,177,Cash on Delivery,5-7 days,7502.43,7502.43,June,6
ORD100745,2025-06-06,North,Laptops,Lenovo IdeaPad,65127.27,15.8,4,4.6,205,Debit Card,3-4 days,54837.16,219348.64,June,6
ORD101141,2025-06-06,West,Monitors,BenQ Monitor,24114.25,14.7,2,3.3,208,UPI,1-2 days,20569.46,41138.92,June,6
ORD100494,2025-06-06,West,Laptops,ASUS VivoBook,56485.53,14.6,2,3.8,197,Net Banking,1-2 days,48238.64,96477.28,June,6
ORD101903,2025-06-07,Central,Monitors,LG UltraGear,35990.41,15.1,2,4.2,186,Debit Card,3-4 days,30555.86,61111.72,June,6
ORD100922,2025-06-07,Central,Smartphones,Samsung Galaxy,68203.03,6.3,1,3.8,190,Cash on Delivery,8+ days,63906.24,63906.24,June,6
ORD100879,2025-06-07,South,Laptops,Dell Inspiron,88862.6,12.2,1,3.3,189,Cash on Delivery,3-4 days,78021.36,78021.36,June,6
ORD100240,2025-06-07,East,Laptops,HP Pavilion,59054.34,9.8,1,3.0,193,Net Banking,8+ days,53267.01,53267.01,June,6
ORD100747,2025-06-07,Central,Smartphones,Google Pixel,81674.62,25.2,1,4.3,179,UPI,5-7 days,61092.62,61092.62,June,6
ORD101660,2025-06-08,West,Smartphones,Samsung Galaxy,54143.43,30.0,1,4.7,180,Cash on Delivery,3-4 days,37900.4,37900.4,June,6
ORD100147,2025-06-08,West,Headphones,Sony WH Series,14701.15,22.7,2,3.7,192,Cash on Delivery,3-4 days,11363.99,22727.98,June,6
ORD101517,2025-06-08,Central,Headphones,Sony WH Series,24304.78,28.7,1,4.0,157,UPI,3-4 days,17329.31,17329.31,June,6
ORD100762,2025-06-08,Central,Smartphones,Samsung Galaxy,16355.98,19.2,2,4.0,188,UPI,1-2 days,13215.63,26431.26,June,6
ORD101078,2025-06-08,South,Headphones,Noise Buds,21346.59,3.4,1,4.7,215,Debit Card,5-7 days,20620.81,20620.81,June,6
ORD100606,2025-06-08,Central,Smartphones,OnePlus Nord,17302.02,4.4,3,3.5,175,Credit Card,3-4 days,16540.73,49622.19,June,6
ORD102322,2025-06-08,Central,Headphones,Apple AirPods,22662.95,14.2,1,3.9,199,UPI,3-4 days,19444.81,19444.81,June,6
ORD100004,2025-06-08,North,Headphones,JBL Tune,24481.77,12.1,1,3.2,167,Debit Card,1-2 days,21519.48,21519.48,June,6
ORD102498,2025-06-08,East,Accessories,Logitech Mouse,8994.73,6.5,4,4.5,181,Net Banking,5-7 days,8410.07,33640.28,June,6
ORD100121,2025-06-09,East,Monitors,Samsung Monitor,45027.91,14.1,2,4.6,181,Credit Card,5-7 days,38678.97,77357.94,June,6
ORD100886,2025-06-09,North,Laptops,Lenovo IdeaPad,59224.23,8.8,2,4.1,169,Cash on Delivery,3-4 days,54012.5,108025.0,June,6
ORD100134,2025-06-09,Central,Smartphones,iPhone,28146.41,17.5,4,3.6,187,Cash on Delivery,5-7 days,23220.79,92883.16,June,6
ORD102353,2025-06-09,West,Headphones,Sony WH Series,10663.8,23.3,1,4.4,206,Debit Card,3-4 days,8179.13,8179.13,June,6
ORD101634,2025-06-09,South,Monitors,BenQ Monitor,40278.7,13.2,2,4.8,175,UPI,5-7 days,34961.91,69923.82,June,6
ORD100916,2025-06-09,North,Smartphones,Motorola Edge,44819.72,10.5,1,3.6,181,Cash on Delivery,3-4 days,40113.65,40113.65,June,6
ORD100381,2025-06-09,South,Laptops,Acer Aspire,53416.3,4.5,1,4.5,183,Credit Card,1-2 days,51012.57,51012.57,June,6
ORD100820,2025-06-09,South,Smartphones,iPhone,89824.1,7.1,2,4.0,186,Credit Card,5-7 days,83446.59,166893.18,June,6
ORD100923,2025-06-10,North,Accessories,Anker Charger,1630.7,4.4,1,4.2,196,Cash on Delivery,5-7 days,1558.95,1558.95,June,6
ORD100046,2025-06-10,Central,Headphones,Sony WH Series,1226.77,11.6,1,4.4,182,Net Banking,1-2 days,1084.46,1084.46,June,6
ORD101420,2025-06-10,Central,Accessories,AmazonBasics Cable,2464.58,22.4,1,3.7,192,UPI,3-4 days,1912.51,1912.51,June,6
ORD100507,2025-06-10,North,Accessories,Anker Charger,8305.59,25.4,2,3.8,170,Debit Card,5-7 days,6195.97,12391.94,June,6
ORD102169,2025-06-10,Central,Headphones,Noise Buds,24209.72,25.0,2,3.9,177,Debit Card,3-4 days,18157.29,36314.58,June,6
ORD101260,2025-06-10,South,Headphones,JBL Tune,29418.34,6.8,1,4.4,207,Net Banking,5-7 days,27417.89,27417.89,June,6
ORD100113,2025-06-10,West,Accessories,Logitech Mouse,548.83,22.9,4,4.6,197,UPI,1-2 days,423.15,1692.6,June,6
ORD101720,2025-06-10,South,Laptops,ASUS VivoBook,51163.46,4.8,1,4.0,184,Debit Card,3-4 days,48707.61,48707.61,June,6
ORD101679,2025-06-11,North,Laptops,Dell Inspiron,80819.48,13.8,1,2.7,170,Net Banking,3-4 days,69666.39,69666.39,June,6
ORD102304,2025-06-11,South,Smartphones,iPhone,31430.52,2.2,3,3.4,165,UPI,3-4 days,30739.05,92217.15,June,6
ORD100369,2025-06-11,East,Laptops,HP Pavilion,78183.94,21.7,1,4.0,175,Credit Card,8+ days,61218.03,61218.03,June,6
ORD100981,2025-06-11,North,Smartphones,iPhone,14247.73,10.4,1,3.7,211,Credit Card,3-4 days,12765.97,12765.97,June,6
ORD100918,2025-06-11,North,Accessories,AmazonBasics Cable,8240.54,26.7,1,4.2,182,Credit Card,5-7 days,6040.32,6040.32,June,6
ORD100253,2025-06-11,Central,Accessories,Anker Charger,673.61,0.9,2,4.1,176,Net Banking,1-2 days,667.55,1335.1,June,6
ORD100426,2025-06-12,North,Headphones,Sony WH Series,10969.54,22.8,1,4.1,189,UPI,3-4 days,8468.48,8468.48,June,6
ORD101892,2025-06-12,South,Smartphones,Motorola Edge,27730.08,24.2,3,4.2,194,Credit Card,3-4 days,21019.4,63058.2,June,6
ORD100897,2025-06-12,West,Smartphones,Motorola Edge,15976.85,14.2,1,3.8,191,Credit Card,5-7 days,13708.14,13708.14,June,6
ORD100011,2025-06-12,East,Laptops,Lenovo IdeaPad,94301.83,7.8,1,4.3,184,Credit Card,3-4 days,86946.29,86946.29,June,6
ORD100765,2025-06-12,North,Laptops,Dell Inspiron,61391.36,12.0,2,4.2,190,Credit Card,5-7 days,54024.4,108048.8,June,6
ORD102326,2025-06-12,West,Accessories,Anker Charger,3443.72,26.4,1,5.0,171,UPI,3-4 days,2534.58,2534.58,June,6
ORD101324,2025-06-12,North,Laptops,Lenovo IdeaPad,55785.83,26.4,1,3.8,185,UPI,1-2 days,41058.37,41058.37,June,6
ORD101362,2025-06-12,South,Laptops,Lenovo IdeaPad,87656.19,2.0,1,4.6,184,Cash on Delivery,1-2 days,85903.07,85903.07,June,6
ORD100109,2025-06-12,North,Laptops,HP Pavilion,53267.83,22.6,4,4.3,174,UPI,5-7 days,41229.3,164917.2,June,6
ORD101521,2025-06-13,Central,Laptops,HP Pavilion,56685.25,3.8,1,4.5,197,Cash on Delivery,3-4 days,54531.21,54531.21,June,6
ORD101429,2025-06-13,West,Headphones,JBL Tune,12948.61,8.4,1,4.4,198,UPI,3-4 days,11860.93,11860.93,June,6
ORD101733,2025-06-13,Central,Headphones,JBL Tune,4529.44,25.0,1,4.5,156,Net Banking,3-4 days,3397.08,3397.08,June,6
ORD102259,2025-06-13,North,Smartphones,Motorola Edge,23477.5,26.8,1,4.3,197,Cash on Delivery,3-4 days,17185.53,17185.53,June,6
ORD100459,2025-06-13,East,Laptops,Acer Aspire,36656.44,2.9,1,4.7,189,Credit Card,3-4 days,35593.4,35593.4,June,6
ORD100338,2025-06-14,East,Headphones,Noise Buds,22676.67,21.2,1,5.0,194,Debit Card,3-4 days,17869.22,17869.22,June,6
ORD101218,2025-06-14,East,Headphones,Sony WH Series,6159.29,1.5,1,3.8,185,UPI,3-4 days,6066.9,6066.9,June,6
ORD102223,2025-06-14,West,Laptops,Dell Inspiron,99009.92,4.2,5,4.2,186,Debit Card,1-2 days,94851.5,474257.5,June,6
ORD101207,2025-06-14,East,Headphones,boAt Rockerz,16895.49,22.8,1,4.2,170,UPI,3-4 days,13043.32,13043.32,June,6
ORD100617,2025-06-14,East,Laptops,Dell Inspiron,35791.33,3.9,2,4.4,171,Net Banking,3-4 days,34395.47,68790.94,June,6
ORD101330,2025-06-14,West,Smartphones,Motorola Edge,91603.99,28.9,1,3.9,172,Net Banking,1-2 days,65130.44,65130.44,June,6
ORD101525,2025-06-14,East,Smartphones,Samsung Galaxy,82813.59,24.5,1,3.9,190,UPI,5-7 days,62524.26,62524.26,June,6
ORD102097,2025-06-14,Central,Headphones,JBL Tune,13373.83,19.3,1,3.6,177,Credit Card,5-7 days,10792.68,10792.68,June,6
ORD100295,2025-06-15,West,Laptops,ASUS VivoBook,72684.92,29.2,2,4.9,180,Cash on Delivery,3-4 days,51460.92,102921.84,June,6
ORD100969,2025-06-15,Central,Headphones,Sony WH Series,14389.34,4.1,1,3.9,193,Net Banking,3-4 days,13799.38,13799.38,June,6
ORD102428,2025-06-15,South,Accessories,AmazonBasics Cable,9746.98,4.5,1,3.5,170,UPI,3-4 days,9308.37,9308.37,June,6
ORD101984,2025-06-15,South,Smartphones,Motorola Edge,66647.17,16.8,1,3.2,192,Credit Card,3-4 days,55450.45,55450.45,June,6
ORD101976,2025-06-15,West,Accessories,Logitech Mouse,4407.64,23.7,1,3.6,182,Debit Card,3-4 days,3363.03,3363.03,June,6
ORD100563,2025-06-15,North,Laptops,Dell Inspiron,43567.79,21.2,2,4.1,174,Cash on Delivery,1-2 days,34331.42,68662.84,June,6
ORD101104,2025-06-15,East,Accessories,TP-Link Adapter,5383.22,10.1,1,4.9,214,UPI,1-2 days,4839.51,4839.51,June,6
ORD100710,2025-06-16,West,Headphones,JBL Tune,24115.01,5.4,1,4.2,180,Cash on Delivery,3-4 days,22812.8,22812.8,June,6
ORD102407,2025-06-16,East,Smartphones,Google Pixel,35388.71,16.8,3,5.0,193,Credit Card,8+ days,29443.41,88330.23,June,6
ORD101825,2025-06-16,North,Headphones,Apple AirPods,26204.25,5.6,1,3.5,205,Credit Card,5-7 days,24736.81,24736.81,June,6
ORD101457,2025-06-16,East,Headphones,JBL Tune,12057.82,23.5,1,3.9,185,Net Banking,1-2 days,9224.23,9224.23,June,6
ORD100684,2025-06-16,Central,Headphones,Noise Buds,12868.28,23.9,4,3.9,161,UPI,1-2 days,9792.76,39171.04,June,6
ORD101168,2025-06-16,Central,Smartphones,iPhone,74558.77,9.9,1,4.4,190,Debit Card,3-4 days,67177.45,67177.45,June,6
ORD101285,2025-06-16,North,Smartphones,OnePlus Nord,19679.87,22.9,1,3.4,188,Credit Card,1-2 days,15173.18,15173.18,June,6
ORD101061,2025-06-16,East,Accessories,TP-Link Adapter,1421.67,23.3,3,4.7,179,Net Banking,5-7 days,1090.42,3271.26,June,6
ORD100806,2025-06-16,East,Monitors,Samsung Monitor,29587.39,5.5,3,4.2,188,UPI,1-2 days,27960.08,83880.24,June,6
ORD102141,2025-06-17,South,Monitors,BenQ Monitor,46184.46,28.0,3,4.0,166,UPI,1-2 days,33252.81,99758.43,June,6
ORD102170,2025-06-17,Central,Smartphones,Motorola Edge,78652.08,14.1,1,3.7,182,Credit Card,1-2 days,67562.14,67562.14,June,6
ORD102241,2025-06-17,Central,Monitors,Samsung Monitor,36684.01,13.0,3,3.7,168,Credit Card,3-4 days,31915.09,95745.27,June,6
ORD100746,2025-06-17,West,Accessories,AmazonBasics Cable,5276.13,23.6,4,5.0,174,Credit Card,3-4 days,4030.96,16123.84,June,6
ORD101055,2025-06-17,South,Accessories,Anker Charger,5622.32,16.7,1,4.3,170,UPI,5-7 days,4683.39,4683.39,June,6
ORD100623,2025-06-18,East,Smartphones,iPhone,78569.18,6.4,1,3.6,200,Debit Card,3-4 days,73540.75,73540.75,June,6
ORD100589,2025-06-18,Central,Laptops,Dell Inspiron,100141.78,18.1,1,3.5,189,Debit Card,5-7 days,82016.12,82016.12,June,6
ORD101869,2025-06-18,Central,Laptops,ASUS VivoBook,67009.28,5.5,1,3.2,181,Credit Card,1-2 days,63323.77,63323.77,June,6
ORD101005,2025-06-18,South,Monitors,Samsung Monitor,46892.33,6.4,3,4.0,176,UPI,3-4 days,43891.22,131673.66,June,6
ORD100181,2025-06-18,Central,Smartphones,iPhone,49455.13,26.2,1,3.6,194,Cash on Delivery,3-4 days,36497.89,36497.89,June,6
ORD100231,2025-06-18,West,Monitors,LG UltraGear,40579.64,25.0,1,4.1,192,UPI,3-4 days,30434.73,30434.73,June,6
ORD102019,2025-06-18,North,Laptops,Acer Aspire,81755.88,29.5,1,3.7,196,Debit Card,3-4 days,57637.9,57637.9,June,6
ORD102027,2025-06-18,West,Monitors,Acer Nitro,20071.35,13.0,1,4.5,193,Debit Card,3-4 days,17462.07,17462.07,June,6
ORD100349,2025-06-18,Central,Smartphones,Samsung Galaxy,57810.72,20.8,2,4.2,192,Cash on Delivery,1-2 days,45786.09,91572.18,June,6
ORD101608,2025-06-18,East,Monitors,Acer Nitro,36053.8,12.9,1,4.2,182,UPI,3-4 days,31402.86,31402.86,June,6
ORD100799,2025-06-19,West,Headphones,boAt Rockerz,10540.67,18.9,1,3.8,171,Debit Card,1-2 days,8548.48,8548.48,June,6
ORD100523,2025-06-19,East,Accessories,HP Keyboard,5128.51,22.5,2,3.8,188,UPI,3-4 days,3974.6,7949.2,June,6
ORD102236,2025-06-19,West,Headphones,boAt Rockerz,6313.67,10.7,1,4.6,174,Cash on Delivery,5-7 days,5638.11,5638.11,June,6
ORD100091,2025-06-19,South,Laptops,Lenovo IdeaPad,102743.61,3.2,1,4.2,179,Net Banking,3-4 days,99455.81,99455.81,June,6
ORD100534,2025-06-20,Central,Headphones,Sony WH Series,15792.55,7.7,1,4.9,208,Credit Card,3-4 days,14576.52,14576.52,June,6
ORD102083,2025-06-20,Central,Smartphones,Google Pixel,55171.19,5.7,2,4.7,200,Debit Card,5-7 days,52026.43,104052.86,June,6
ORD101523,2025-06-20,West,Smartphones,OnePlus Nord,21709.59,17.8,4,4.3,172,UPI,3-4 days,17845.28,71381.12,June,6
ORD101861,2025-06-20,West,Monitors,Dell UltraSharp,40747.87,28.2,1,4.1,180,Debit Card,3-4 days,29256.97,29256.97,June,6
ORD100905,2025-06-20,West,Smartphones,Samsung Galaxy,65205.06,19.0,1,5.0,175,Net Banking,8+ days,52816.1,52816.1,June,6
ORD102379,2025-06-20,North,Smartphones,Motorola Edge,51971.9,11.9,2,3.8,190,Credit Card,5-7 days,45787.24,91574.48,June,6
ORD102474,2025-06-20,Central,Monitors,Samsung Monitor,50228.95,17.2,1,3.6,171,Debit Card,3-4 days,41589.57,41589.57,June,6
ORD100715,2025-06-20,Central,Smartphones,Google Pixel,89520.17,16.9,1,3.9,200,UPI,3-4 days,74391.26,74391.26,June,6
ORD100643,2025-06-21,West,Laptops,ASUS VivoBook,53939.78,9.5,1,4.2,172,Debit Card,5-7 days,48815.5,48815.5,June,6
ORD101310,2025-06-21,South,Monitors,BenQ Monitor,10582.55,5.3,1,4.1,203,Debit Card,1-2 days,10021.67,10021.67,June,6
ORD100942,2025-06-21,North,Headphones,Sony WH Series,21838.26,29.5,1,4.6,168,Cash on Delivery,5-7 days,15395.97,15395.97,June,6
ORD100567,2025-06-22,Central,Smartphones,Samsung Galaxy,93438.07,24.7,1,4.5,186,Net Banking,3-4 days,70358.87,70358.87,June,6
ORD102173,2025-06-22,West,Laptops,HP Pavilion,56290.86,14.4,3,4.0,167,Cash on Delivery,3-4 days,48184.98,144554.94,June,6
ORD102005,2025-06-22,West,Smartphones,Google Pixel,72570.95,15.2,1,3.8,184,Net Banking,3-4 days,61540.17,61540.17,June,6
ORD102104,2025-06-22,South,Headphones,JBL Tune,29213.44,26.8,2,3.7,204,Net Banking,3-4 days,21384.24,42768.48,June,6
ORD101532,2025-06-22,Central,Headphones,JBL Tune,16442.9,2.0,3,3.9,207,UPI,1-2 days,16114.04,48342.12,June,6
ORD101071,2025-06-22,Central,Smartphones,OnePlus Nord,89312.76,6.9,2,4.3,192,Cash on Delivery,5-7 days,83150.18,166300.36,June,6
ORD100009,2025-06-22,West,Headphones,Sony WH Series,5941.07,0.3,2,3.8,200,UPI,3-4 days,5923.25,11846.5,June,6
ORD102143,2025-06-22,West,Headphones,Noise Buds,24123.79,6.6,1,4.3,181,Debit Card,5-7 days,22531.62,22531.62,June,6
ORD101654,2025-06-22,Central,Smartphones,OnePlus Nord,85501.43,5.1,2,4.0,170,Credit Card,3-4 days,81140.86,162281.72,June,6
ORD101652,2025-06-23,Central,Smartphones,OnePlus Nord,42659.47,16.4,1,4.3,159,Cash on Delivery,1-2 days,35663.32,35663.32,June,6
ORD101951,2025-06-23,West,Laptops,Lenovo IdeaPad,68681.25,18.2,1,4.0,171,Net Banking,1-2 days,56181.26,56181.26,June,6
ORD101060,2025-06-23,North,Headphones,JBL Tune,7324.73,10.8,1,4.0,169,Cash on Delivery,1-2 days,6533.66,6533.66,June,6
ORD100487,2025-06-23,South,Laptops,Acer Aspire,86028.83,26.5,1,4.4,184,UPI,1-2 days,63231.19,63231.19,June,6
ORD100097,2025-06-23,Central,Headphones,boAt Rockerz,16922.6,0.3,1,4.4,191,Credit Card,1-2 days,16871.83,16871.83,June,6
ORD101305,2025-06-23,North,Headphones,Apple AirPods,22882.01,20.2,1,4.7,192,Credit Card,3-4 days,18259.84,18259.84,June,6
ORD101822,2025-06-23,Central,Laptops,Acer Aspire,82657.09,0.3,2,2.7,186,Debit Card,3-4 days,82409.12,164818.24,June,6
ORD101607,2025-06-23,South,Laptops,Acer Aspire,43636.68,7.8,3,4.9,187,UPI,3-4 days,40233.02,120699.06,June,6
ORD101559,2025-06-23,Central,Monitors,LG UltraGear,22730.68,6.5,1,2.9,180,Cash on Delivery,3-4 days,21253.19,21253.19,June,6
ORD102147,2025-06-23,Central,Smartphones,iPhone,44747.74,10.5,4,3.5,176,Net Banking,5-7 days,40049.23,160196.92,June,6
ORD101683,2025-06-24,West,Headphones,Apple AirPods,8764.89,19.4,5,4.7,217,Net Banking,3-4 days,7064.5,35322.5,June,6
ORD100751,2025-06-24,North,Laptops,ASUS VivoBook,73489.24,25.7,2,4.8,183,Credit Card,1-2 days,54602.51,109205.02,June,6
ORD102111,2025-06-24,South,Laptops,ASUS VivoBook,76199.48,20.7,1,4.1,187,Credit Card,1-2 days,60426.19,60426.19,June,6
ORD102204,2025-06-24,South,Laptops,HP Pavilion,78130.28,13.5,5,4.4,181,Debit Card,5-7 days,67582.69,337913.45,June,6
ORD100554,2025-06-25,Central,Headphones,Sony WH Series,10913.29,12.4,1,4.4,171,Cash on Delivery,1-2 days,9560.04,9560.04,June,6
ORD100258,2025-06-25,South,Headphones,Sony WH Series,5146.2,29.8,1,3.9,199,Cash on Delivery,1-2 days,3612.63,3612.63,June,6
ORD101167,2025-06-25,East,Monitors,Acer Nitro,18572.88,10.0,3,4.1,209,Net Banking,3-4 days,16715.59,50146.77,June,6
ORD102095,2025-06-25,North,Smartphones,Motorola Edge,67011.22,16.9,4,4.2,169,Net Banking,3-4 days,55686.32,222745.28,June,6
ORD101949,2025-06-26,North,Smartphones,Samsung Galaxy,72283.19,16.5,1,4.2,177,Net Banking,3-4 days,60356.46,60356.46,June,6
ORD101773,2025-06-26,West,Accessories,Logitech Mouse,9929.94,10.7,3,4.5,193,Debit Card,1-2 days,8867.44,26602.32,June,6
ORD102106,2025-06-26,West,Smartphones,Google Pixel,17902.19,17.5,1,4.2,198,UPI,3-4 days,14769.31,14769.31,June,6
ORD101771,2025-06-26,West,Smartphones,Samsung Galaxy,92047.87,15.3,1,4.1,162,Debit Card,1-2 days,77964.55,77964.55,June,6
ORD100420,2025-06-26,East,Monitors,Acer Nitro,42355.11,23.3,1,4.3,192,Cash on Delivery,3-4 days,32486.37,32486.37,June,6
ORD100111,2025-06-27,Central,Smartphones,Samsung Galaxy,17285.84,16.6,2,3.3,193,UPI,5-7 days,14416.39,28832.78,June,6
ORD101916,2025-06-27,North,Monitors,Dell UltraSharp,26419.01,1.9,1,4.5,198,UPI,8+ days,25917.05,25917.05,June,6
ORD100060,2025-06-27,East,Smartphones,Motorola Edge,44032.98,7.7,1,4.0,179,UPI,3-4 days,40642.44,40642.44,June,6
ORD102058,2025-06-27,Central,Smartphones,iPhone,88823.39,28.0,1,3.5,188,UPI,3-4 days,63952.84,63952.84,June,6
ORD102044,2025-06-27,East,Laptops,Lenovo IdeaPad,49244.96,5.3,1,3.7,164,Credit Card,3-4 days,46634.98,46634.98,June,6
ORD102483,2025-06-27,North,Accessories,Anker Charger,7055.25,16.4,1,4.3,183,Credit Card,1-2 days,5898.19,5898.19,June,6
ORD101163,2025-06-27,West,Smartphones,Samsung Galaxy,13215.71,10.2,4,3.8,197,UPI,1-2 days,11867.71,47470.84,June,6
ORD101478,2025-06-28,South,Monitors,Samsung Monitor,23878.37,0.7,3,4.1,177,Debit Card,3-4 days,23711.22,71133.66,June,6
ORD100299,2025-06-28,East,Headphones,boAt Rockerz,18650.67,26.0,2,3.6,179,Debit Card,3-4 days,13801.5,27603.0,June,6
ORD101316,2025-06-28,South,Headphones,Sony WH Series,24631.93,5.1,2,4.0,194,Debit Card,1-2 days,23375.7,46751.4,June,6
ORD100557,2025-06-28,East,Laptops,HP Pavilion,69318.15,14.6,2,4.8,187,UPI,1-2 days,59197.7,118395.4,June,6
ORD100333,2025-06-28,Central,Laptops,Dell Inspiron,92597.75,29.5,3,3.4,177,Debit Card,3-4 days,65281.41,195844.23,June,6
ORD100413,2025-06-29,Central,Accessories,Anker Charger,8379.16,24.5,4,3.8,199,Credit Card,3-4 days,6326.27,25305.08,June,6
ORD100474,2025-06-29,North,Accessories,HP Keyboard,5223.91,6.4,3,3.6,185,Credit Card,3-4 days,4889.58,14668.74,June,6
ORD101606,2025-06-29,North,Smartphones,OnePlus Nord,72385.52,10.4,2,3.6,193,UPI,5-7 days,64857.43,129714.86,June,6
ORD101027,2025-06-29,North,Accessories,Anker Charger,2588.69,14.1,1,4.8,186,Net Banking,3-4 days,2223.68,2223.68,June,6
ORD100815,2025-06-29,Central,Accessories,Anker Charger,4232.64,6.2,4,3.7,213,Credit Card,3-4 days,3970.22,15880.88,June,6
ORD101022,2025-06-29,West,Smartphones,iPhone,22714.15,26.6,1,4.2,180,UPI,5-7 days,16672.19,16672.19,June,6
ORD101253,2025-06-29,South,Laptops,Dell Inspiron,94352.22,26.6,3,4.6,177,Debit Card,3-4 days,69254.53,207763.59,June,6
ORD100100,2025-06-29,North,Laptops,ASUS VivoBook,93881.27,23.2,1,4.9,202,Credit Card,3-4 days,72100.82,72100.82,June,6
ORD102479,2025-06-29,Central,Laptops,Acer Aspire,52725.71,18.5,2,4.7,180,Debit Card,5-7 days,42971.45,85942.9,June,6
ORD101179,2025-06-29,East,Monitors,Acer Nitro,54260.82,20.5,1,4.3,201,Credit Card,3-4 days,43137.35,43137.35,June,6
ORD101658,2025-06-29,North,Smartphones,OnePlus Nord,39527.6,12.0,1,4.2,183,Debit Card,3-4 days,34784.29,34784.29,June,6
ORD102042,2025-06-30,West,Headphones,Sony WH Series,12816.89,22.3,1,4.1,181,Credit Card,1-2 days,9958.72,9958.72,June,6
ORD100307,2025-06-30,Central,Smartphones,Motorola Edge,28124.71,7.1,1,3.6,174,UPI,3-4 days,26127.86,26127.86,June,6
ORD101846,2025-06-30,East,Smartphones,Motorola Edge,64466.16,6.0,2,4.0,185,Credit Card,8+ days,60598.19,121196.38,June,6
ORD101387,2025-06-30,West,Monitors,Samsung Monitor,22910.2,2.0,4,4.0,162,Cash on Delivery,1-2 days,22452.0,89808.0,June,6
ORD101638,2025-06-30,North,Laptops,Dell Inspiron,84923.79,28.6,4,4.2,174,UPI,5-7 days,60635.59,242542.36,June,6
ORD101080,2025-06-30,West,Accessories,Anker Charger,1042.4,24.2,1,4.7,167,Cash on Delivery,1-2 days,790.14,790.14,June,6
ORD100490,2025-06-30,West,Accessories,Anker Charger,7528.74,6.7,2,4.2,185,Cash on Delivery,5-7 days,7024.31,14048.62,June,6
ORD100741,2025-06-30,West,Smartphones,Motorola Edge,25151.19,17.3,1,3.6,186,UPI,3-4 days,20800.03,20800.03,June,6
ORD101674,2025-06-30,Central,Monitors,Samsung Monitor,38378.94,0.2,1,4.2,183,Debit Card,1-2 days,38302.18,38302.18,June,6
ORD101666,2025-06-30,North,Accessories,TP-Link Adapter,3920.95,19.5,1,4.4,158,Credit Card,3-4 days,3156.36,3156.36,June,6
ORD102157,2025-07-01,North,Laptops,Lenovo IdeaPad,100585.63,28.0,2,4.2,180,Cash on Delivery,5-7 days,72421.65,144843.3,July,7
ORD101752,2025-07-01,East,Laptops,ASUS VivoBook,68956.58,1.1,2,4.3,168,Cash on Delivery,1-2 days,68198.06,136396.12,July,7
ORD100703,2025-07-01,West,Smartphones,Google Pixel,21813.79,17.0,3,3.9,206,Net Banking,1-2 days,18105.45,54316.35,July,7
ORD102457,2025-07-01,North,Smartphones,Motorola Edge,41346.74,2.3,2,4.0,182,Credit Card,1-2 days,40395.76,80791.52,July,7
ORD101590,2025-07-01,South,Headphones,Noise Buds,22361.07,9.9,1,4.2,206,Cash on Delivery,3-4 days,20147.32,20147.32,July,7
ORD100588,2025-07-01,South,Laptops,Acer Aspire,109494.89,24.2,2,3.7,175,Credit Card,5-7 days,82997.13,165994.26,July,7
ORD100482,2025-07-01,Central,Headphones,Apple AirPods,18016.88,8.3,4,4.1,165,Net Banking,3-4 days,16521.48,66085.92,July,7
ORD101580,2025-07-02,East,Headphones,boAt Rockerz,24842.47,14.9,1,4.2,186,Debit Card,3-4 days,21140.94,21140.94,July,7
ORD101893,2025-07-02,North,Monitors,BenQ Monitor,14778.32,0.6,2,4.3,192,UPI,3-4 days,14689.65,29379.3,July,7
ORD100505,2025-07-02,South,Headphones,boAt Rockerz,3870.19,21.7,2,4.3,188,UPI,3-4 days,3030.36,6060.72,July,7
ORD100598,2025-07-02,East,Laptops,ASUS VivoBook,54890.64,28.8,4,4.1,190,Net Banking,3-4 days,39082.14,156328.56,July,7
ORD100721,2025-07-02,South,Accessories,Anker Charger,5387.65,4.0,1,4.0,153,Cash on Delivery,1-2 days,5172.14,5172.14,July,7
ORD101446,2025-07-02,West,Laptops,Lenovo IdeaPad,86688.61,9.3,4,3.9,194,Cash on Delivery,1-2 days,78626.57,314506.28,July,7
ORD101436,2025-07-02,East,Laptops,ASUS VivoBook,102426.8,5.9,1,3.7,188,Net Banking,5-7 days,96383.62,96383.62,July,7
ORD101940,2025-07-02,South,Laptops,HP Pavilion,86832.94,5.8,2,4.9,176,Net Banking,5-7 days,81796.63,163593.26,July,7
ORD100446,2025-07-02,West,Accessories,Logitech Mouse,5547.89,25.0,2,4.4,181,Cash on Delivery,3-4 days,4160.92,8321.84,July,7
ORD101874,2025-07-02,North,Monitors,BenQ Monitor,29375.75,18.0,2,3.5,219,UPI,3-4 days,24088.12,48176.24,July,7
ORD102280,2025-07-03,Central,Laptops,Dell Inspiron,78485.4,23.7,1,4.5,204,Debit Card,5-7 days,59884.36,59884.36,July,7
ORD101401,2025-07-03,Central,Laptops,Lenovo IdeaPad,57983.18,18.9,2,4.3,207,Net Banking,5-7 days,47024.36,94048.72,July,7
ORD102455,2025-07-03,West,Headphones,JBL Tune,6023.15,19.4,1,4.2,169,Net Banking,1-2 days,4854.66,4854.66,July,7
ORD101794,2025-07-03,North,Headphones,JBL Tune,11054.97,8.8,3,4.2,188,Cash on Delivery,5-7 days,10082.13,30246.39,July,7
ORD102392,2025-07-03,South,Laptops,Lenovo IdeaPad,104525.31,1.8,3,4.0,189,UPI,3-4 days,102643.85,307931.55,July,7
ORD100037,2025-07-03,West,Smartphones,Google Pixel,79734.56,16.7,1,4.5,184,Cash on Delivery,3-4 days,66418.89,66418.89,July,7
ORD101437,2025-07-03,North,Smartphones,Samsung Galaxy,63770.73,25.3,1,3.6,169,Debit Card,1-2 days,47636.74,47636.74,July,7
ORD101073,2025-07-03,West,Laptops,Acer Aspire,103540.72,4.0,1,3.8,203,Net Banking,3-4 days,99399.09,99399.09,July,7
ORD100943,2025-07-04,West,Headphones,JBL Tune,11529.45,26.9,1,4.1,153,Credit Card,3-4 days,8428.03,8428.03,July,7
ORD100342,2025-07-04,South,Smartphones,iPhone,80086.9,11.7,2,3.8,190,Credit Card,5-7 days,70716.73,141433.46,July,7
ORD101247,2025-07-04,Central,Laptops,ASUS VivoBook,100676.38,14.4,4,3.5,185,UPI,1-2 days,86178.98,344715.92,July,7
ORD100074,2025-07-04,Central,Monitors,Dell UltraSharp,18502.73,9.3,1,4.0,209,Debit Card,1-2 days,16781.98,16781.98,July,7
ORD100472,2025-07-04,Central,Accessories,Anker Charger,9398.88,5.1,1,4.2,192,Net Banking,3-4 days,8919.54,8919.54,July,7
ORD100212,2025-07-04,West,Headphones,Noise Buds,22016.2,8.5,1,3.7,189,Credit Card,3-4 days,20144.82,20144.82,July,7
ORD101138,2025-07-05,East,Smartphones,Google Pixel,18425.16,20.3,2,4.2,216,Cash on Delivery,1-2 days,14684.85,29369.7,July,7
ORD102070,2025-07-05,West,Smartphones,iPhone,26708.85,1.0,4,4.1,180,UPI,3-4 days,26441.76,105767.04,July,7
ORD101149,2025-07-05,West,Accessories,AmazonBasics Cable,5223.68,18.6,1,4.0,184,Cash on Delivery,3-4 days,4252.08,4252.08,July,7
ORD100017,2025-07-05,North,Smartphones,Motorola Edge,81017.89,4.6,2,3.6,159,Cash on Delivery,5-7 days,77291.07,154582.14,July,7
ORD101682,2025-07-05,North,Accessories,Anker Charger,5456.26,23.5,2,4.2,177,UPI,3-4 days,4174.04,8348.08,July,7
ORD102149,2025-07-06,North,Smartphones,OnePlus Nord,35168.96,8.0,1,4.0,187,UPI,5-7 days,32355.44,32355.44,July,7
ORD101642,2025-07-06,West,Monitors,BenQ Monitor,42576.48,27.0,1,3.9,198,UPI,3-4 days,31080.83,31080.83,July,7
ORD101677,2025-07-06,West,Laptops,Acer Aspire,42022.47,27.4,2,3.8,186,Debit Card,1-2 days,30508.31,61016.62,July,7
ORD102240,2025-07-06,South,Laptops,HP Pavilion,79864.06,23.2,1,4.4,212,UPI,3-4 days,61335.6,61335.6,July,7
ORD101759,2025-07-07,Central,Laptops,HP Pavilion,75590.28,10.5,1,3.8,164,Credit Card,3-4 days,67653.3,67653.3,July,7
ORD102205,2025-07-07,Central,Monitors,LG UltraGear,45182.84,15.0,1,4.3,196,Credit Card,3-4 days,38405.41,38405.41,July,7
ORD101769,2025-07-07,South,Smartphones,OnePlus Nord,37144.45,10.2,1,4.1,180,Cash on Delivery,1-2 days,33355.72,33355.72,July,7
ORD100978,2025-07-07,East,Laptops,Dell Inspiron,76016.09,21.2,2,3.9,161,Cash on Delivery,3-4 days,59900.68,119801.36,July,7
ORD100204,2025-07-07,West,Accessories,Anker Charger,1501.35,7.7,1,3.6,186,UPI,1-2 days,1385.75,1385.75,July,7
ORD100428,2025-07-07,Central,Accessories,TP-Link Adapter,890.15,25.0,1,4.0,189,Cash on Delivery,5-7 days,667.61,667.61,July,7
ORD100611,2025-07-08,South,Laptops,Dell Inspiron,91382.81,15.8,1,3.8,179,UPI,1-2 days,76944.33,76944.33,July,7
ORD101443,2025-07-08,South,Headphones,JBL Tune,2268.86,19.2,4,4.0,212,UPI,3-4 days,1833.24,7332.96,July,7
ORD100895,2025-07-08,North,Headphones,Sony WH Series,5202.31,23.1,2,3.6,184,Net Banking,3-4 days,4000.58,8001.16,July,7
ORD102499,2025-07-08,West,Accessories,TP-Link Adapter,2667.58,7.6,1,4.6,176,Debit Card,3-4 days,2464.84,2464.84,July,7
ORD101875,2025-07-08,Central,Monitors,Dell UltraSharp,34826.17,15.1,1,3.6,191,Cash on Delivery,1-2 days,29567.42,29567.42,July,7
ORD101754,2025-07-08,Central,Smartphones,OnePlus Nord,91813.86,21.1,3,4.5,204,Debit Card,1-2 days,72441.14,217323.42,July,7
ORD101250,2025-07-08,West,Headphones,Sony WH Series,5881.76,24.5,1,4.6,196,Credit Card,3-4 days,4440.73,4440.73,July,7
ORD100878,2025-07-08,South,Headphones,Apple AirPods,17939.01,12.5,2,4.4,170,UPI,3-4 days,15696.63,31393.26,July,7
ORD102071,2025-07-08,West,Monitors,LG UltraGear,40975.51,3.1,1,4.6,201,Debit Card,1-2 days,39705.27,39705.27,July,7
ORD100852,2025-07-08,South,Monitors,Acer Nitro,20023.71,9.9,1,3.2,170,Cash on Delivery,5-7 days,18041.36,18041.36,July,7
ORD100838,2025-07-08,East,Smartphones,Google Pixel,16792.51,26.5,1,4.0,158,Cash on Delivery,3-4 days,12342.49,12342.49,July,7
ORD101299,2025-07-09,West,Headphones,Apple AirPods,10009.77,3.2,2,3.6,173,Credit Card,1-2 days,9689.46,19378.92,July,7
ORD101709,2025-07-09,West,Headphones,boAt Rockerz,15691.56,12.7,1,4.6,171,Net Banking,1-2 days,13698.73,13698.73,July,7
ORD100442,2025-07-09,West,Accessories,AmazonBasics Cable,5104.55,1.2,3,5.0,158,UPI,1-2 days,5043.3,15129.9,July,7
ORD101026,2025-07-09,West,Smartphones,iPhone,63586.05,8.1,2,4.0,200,Cash on Delivery,1-2 days,58435.58,116871.16,July,7
ORD101002,2025-07-09,East,Headphones,JBL Tune,8848.06,17.7,1,4.6,184,Credit Card,5-7 days,7281.95,7281.95,July,7
ORD100257,2025-07-10,North,Accessories,AmazonBasics Cable,9538.27,22.9,1,4.0,191,Net Banking,5-7 days,7354.01,7354.01,July,7
ORD101887,2025-07-10,North,Laptops,ASUS VivoBook,66029.97,3.3,3,4.1,181,UPI,3-4 days,63850.98,191552.94,July,7
ORD102358,2025-07-10,North,Laptops,HP Pavilion,87813.17,1.7,1,3.7,162,Debit Card,8+ days,86320.35,86320.35,July,7
ORD100166,2025-07-10,West,Monitors,LG UltraGear,54791.81,5.3,1,4.1,189,Cash on Delivery,3-4 days,51887.84,51887.84,July,7
ORD100695,2025-07-10,North,Laptops,ASUS VivoBook,45000.84,4.3,2,4.9,186,Net Banking,5-7 days,43065.8,86131.6,July,7
ORD101397,2025-07-11,South,Smartphones,Motorola Edge,41776.73,5.0,1,4.0,180,Credit Card,5-7 days,39687.89,39687.89,July,7
ORD100314,2025-07-12,East,Accessories,Anker Charger,4314.23,29.8,1,3.9,154,Net Banking,3-4 days,3028.59,3028.59,July,7
ORD101964,2025-07-12,East,Smartphones,OnePlus Nord,21328.03,11.2,3,4.2,188,Cash on Delivery,5-7 days,18939.29,56817.87,July,7
ORD102154,2025-07-12,South,Monitors,Samsung Monitor,35281.32,18.0,1,3.3,188,Cash on Delivery,1-2 days,28930.68,28930.68,July,7
ORD101490,2025-07-12,Central,Smartphones,OnePlus Nord,21914.26,26.5,1,4.3,173,Net Banking,5-7 days,16106.98,16106.98,July,7
ORD101962,2025-07-12,North,Smartphones,OnePlus Nord,45682.4,13.7,1,4.2,198,Cash on Delivery,1-2 days,39423.91,39423.91,July,7
ORD100739,2025-07-12,North,Smartphones,iPhone,84543.13,0.4,1,3.9,188,Net Banking,3-4 days,84204.96,84204.96,July,7
ORD101849,2025-07-13,Central,Accessories,TP-Link Adapter,9201.38,19.1,1,4.8,180,Cash on Delivery,3-4 days,7443.92,7443.92,July,7
ORD100628,2025-07-13,South,Monitors,Samsung Monitor,21491.32,20.6,3,3.7,193,Cash on Delivery,3-4 days,17064.11,51192.33,July,7
ORD102182,2025-07-13,East,Laptops,Lenovo IdeaPad,52040.58,26.3,2,4.4,190,UPI,5-7 days,38353.91,76707.82,July,7
ORD100591,2025-07-13,Central,Laptops,Lenovo IdeaPad,73747.07,26.6,1,4.1,201,Cash on Delivery,1-2 days,54130.35,54130.35,July,7
ORD101372,2025-07-13,South,Laptops,Acer Aspire,81406.02,22.4,3,4.4,164,Debit Card,1-2 days,63171.07,189513.21,July,7
ORD102356,2025-07-13,Central,Laptops,Dell Inspiron,48547.75,19.6,3,4.8,199,Debit Card,5-7 days,39032.39,117097.17,July,7
ORD101772,2025-07-13,North,Monitors,Samsung Monitor,42022.05,18.8,1,4.2,201,Credit Card,3-4 days,34121.9,34121.9,July,7
ORD101234,2025-07-13,East,Laptops,ASUS VivoBook,96283.03,29.9,2,4.8,200,Cash on Delivery,5-7 days,67494.4,134988.8,July,7
ORD100549,2025-07-13,East,Headphones,JBL Tune,2630.25,2.8,3,3.8,185,UPI,3-4 days,2556.6,7669.8,July,7
ORD101486,2025-07-13,Central,Smartphones,Motorola Edge,75290.33,3.5,3,4.0,195,Credit Card,5-7 days,72655.17,217965.51,July,7
ORD102016,2025-07-13,Central,Smartphones,Google Pixel,53473.71,17.3,2,3.6,173,Cash on Delivery,1-2 days,44222.76,88445.52,July,7
ORD101144,2025-07-14,West,Headphones,boAt Rockerz,23574.54,2.7,1,4.1,187,Net Banking,1-2 days,22938.03,22938.03,July,7
ORD101091,2025-07-14,West,Accessories,HP Keyboard,7499.85,23.6,1,4.8,203,UPI,3-4 days,5729.89,5729.89,July,7
ORD100395,2025-07-14,East,Smartphones,Samsung Galaxy,61747.96,25.9,1,4.2,194,Cash on Delivery,5-7 days,45755.24,45755.24,July,7
ORD101315,2025-07-15,West,Smartphones,Samsung Galaxy,85954.8,8.5,1,4.3,183,Cash on Delivery,3-4 days,78648.64,78648.64,July,7
ORD100064,2025-07-15,North,Smartphones,OnePlus Nord,24606.55,1.0,1,3.9,186,Debit Card,1-2 days,24360.48,24360.48,July,7
ORD101318,2025-07-15,Central,Monitors,LG UltraGear,20444.66,18.2,2,4.3,202,Credit Card,5-7 days,16723.73,33447.46,July,7
ORD100774,2025-07-15,Central,Smartphones,Motorola Edge,13614.19,6.1,3,3.8,178,Credit Card,8+ days,12783.72,38351.16,July,7
ORD102208,2025-07-16,North,Accessories,AmazonBasics Cable,8648.76,7.7,1,4.0,200,Debit Card,3-4 days,7982.81,7982.81,July,7
ORD100409,2025-07-16,South,Accessories,AmazonBasics Cable,5130.15,21.1,1,4.6,190,Net Banking,3-4 days,4047.69,4047.69,July,7
ORD100877,2025-07-16,East,Headphones,Apple AirPods,8759.57,12.0,1,3.8,172,Net Banking,3-4 days,7708.42,7708.42,July,7
ORD100509,2025-07-16,West,Accessories,Logitech Mouse,8022.97,8.2,1,3.9,206,Credit Card,1-2 days,7365.09,7365.09,July,7
ORD101193,2025-07-16,Central,Smartphones,iPhone,27788.92,21.9,3,4.1,178,Debit Card,5-7 days,21703.15,65109.45,July,7
ORD100537,2025-07-16,Central,Monitors,Samsung Monitor,46035.38,7.0,3,3.3,188,Debit Card,8+ days,42812.9,128438.7,July,7
ORD101169,2025-07-17,West,Laptops,Acer Aspire,54003.45,0.6,5,4.7,188,UPI,1-2 days,53679.43,268397.15,July,7
ORD102257,2025-07-17,North,Smartphones,Motorola Edge,37955.2,8.3,1,4.3,173,Cash on Delivery,1-2 days,34804.92,34804.92,July,7
ORD101936,2025-07-17,East,Monitors,Acer Nitro,42176.33,16.9,1,4.3,188,UPI,1-2 days,35048.53,35048.53,July,7
ORD100586,2025-07-17,East,Smartphones,Google Pixel,31202.68,23.1,2,3.8,177,Debit Card,3-4 days,23994.86,47989.72,July,7
ORD102388,2025-07-17,North,Headphones,boAt Rockerz,12062.75,17.9,1,3.9,156,Cash on Delivery,5-7 days,9903.52,9903.52,July,7
ORD100845,2025-07-17,North,Laptops,HP Pavilion,85100.24,5.5,1,3.8,216,Debit Card,5-7 days,80419.73,80419.73,July,7
ORD102082,2025-07-18,South,Laptops,Lenovo IdeaPad,50920.81,3.7,1,4.6,186,Net Banking,3-4 days,49036.74,49036.74,July,7
ORD102374,2025-07-18,Central,Smartphones,Samsung Galaxy,52122.39,8.6,1,3.8,167,Credit Card,3-4 days,47639.86,47639.86,July,7
ORD100519,2025-07-18,East,Accessories,Logitech Mouse,1653.44,8.8,1,3.7,174,Credit Card,1-2 days,1507.94,1507.94,July,7
ORD100634,2025-07-18,Central,Headphones,JBL Tune,9782.6,24.2,1,3.8,186,Credit Card,3-4 days,7415.21,7415.21,July,7
ORD101886,2025-07-18,North,Smartphones,OnePlus Nord,13958.13,20.6,1,4.3,183,Debit Card,5-7 days,11082.76,11082.76,July,7
ORD102402,2025-07-18,Central,Laptops,Dell Inspiron,98788.37,11.3,1,4.5,187,Credit Card,1-2 days,87625.28,87625.28,July,7
ORD100233,2025-07-18,East,Headphones,Sony WH Series,26470.62,18.9,2,3.7,182,Net Banking,1-2 days,21467.67,42935.34,July,7
ORD102222,2025-07-19,West,Headphones,JBL Tune,19611.71,15.4,1,3.8,184,Net Banking,3-4 days,16591.51,16591.51,July,7
ORD101673,2025-07-19,East,Accessories,Anker Charger,520.75,8.8,2,4.1,181,Net Banking,5-7 days,474.92,949.84,July,7
ORD101487,2025-07-19,West,Smartphones,iPhone,60549.26,10.8,2,3.8,186,Cash on Delivery,3-4 days,54009.94,108019.88,July,7
ORD101541,2025-07-19,Central,Headphones,boAt Rockerz,28114.76,29.0,1,4.5,179,Debit Card,3-4 days,19961.48,19961.48,July,7
ORD101835,2025-07-20,North,Monitors,BenQ Monitor,29585.01,29.8,1,3.9,179,Net Banking,5-7 days,20768.68,20768.68,July,7
ORD102376,2025-07-20,South,Smartphones,iPhone,21578.45,16.2,1,4.4,186,UPI,8+ days,18082.74,18082.74,July,7
ORD101958,2025-07-20,South,Smartphones,iPhone,74217.99,11.2,2,4.3,178,Debit Card,1-2 days,65905.58,131811.16,July,7
ORD100687,2025-07-20,Central,Headphones,Noise Buds,19642.97,14.4,2,3.4,161,Credit Card,8+ days,16814.38,33628.76,July,7
ORD100215,2025-07-20,South,Headphones,JBL Tune,10061.84,4.3,2,4.1,161,UPI,1-2 days,9629.18,19258.36,July,7
ORD101747,2025-07-20,East,Laptops,Dell Inspiron,60571.09,7.8,2,4.4,197,Cash on Delivery,3-4 days,55846.54,111693.08,July,7
ORD100021,2025-07-21,North,Headphones,JBL Tune,21789.11,15.2,1,4.5,189,Net Banking,1-2 days,18477.17,18477.17,July,7
ORD100332,2025-07-21,Central,Monitors,Samsung Monitor,30995.31,4.9,2,3.8,181,UPI,1-2 days,29476.54,58953.08,July,7
ORD100347,2025-07-21,West,Headphones,Apple AirPods,24954.44,15.4,1,3.9,198,Credit Card,8+ days,21111.46,21111.46,July,7
ORD101424,2025-07-21,East,Laptops,Acer Aspire,87680.4,17.6,4,4.4,199,Debit Card,3-4 days,72248.65,288994.6,July,7
ORD101116,2025-07-21,East,Headphones,Apple AirPods,12621.81,18.5,4,3.6,183,UPI,1-2 days,10286.78,41147.12,July,7
ORD101241,2025-07-21,North,Accessories,HP Keyboard,4768.11,14.3,5,4.2,179,Debit Card,5-7 days,4086.27,20431.35,July,7
ORD100999,2025-07-21,North,Accessories,Logitech Mouse,868.19,6.2,4,4.4,201,Credit Card,3-4 days,814.36,3257.44,July,7
ORD101065,2025-07-21,South,Smartphones,OnePlus Nord,83241.43,15.9,1,4.2,181,Debit Card,5-7 days,70006.04,70006.04,July,7
ORD102034,2025-07-21,South,Accessories,Logitech Mouse,746.01,8.8,1,3.7,170,UPI,5-7 days,680.36,680.36,July,7
ORD101202,2025-07-21,West,Laptops,Dell Inspiron,43041.68,7.5,5,4.3,169,UPI,3-4 days,39813.55,199067.75,July,7
ORD102312,2025-07-22,North,Accessories,HP Keyboard,3570.35,15.9,5,4.3,200,Cash on Delivery,3-4 days,3002.66,15013.3,July,7
ORD100590,2025-07-22,West,Laptops,Lenovo IdeaPad,77347.99,8.9,2,4.3,184,Credit Card,1-2 days,70464.02,140928.04,July,7
ORD100312,2025-07-22,North,Laptops,ASUS VivoBook,84752.19,1.7,2,4.2,176,Debit Card,5-7 days,83311.4,166622.8,July,7
ORD102242,2025-07-22,South,Laptops,HP Pavilion,39837.56,9.9,3,3.8,211,Net Banking,5-7 days,35893.64,107680.92,July,7
ORD101360,2025-07-22,West,Headphones,Apple AirPods,2804.97,9.7,1,3.7,183,Net Banking,3-4 days,2532.89,2532.89,July,7
ORD100012,2025-07-22,Central,Accessories,Anker Charger,4154.96,19.1,1,3.6,172,Cash on Delivery,5-7 days,3361.36,3361.36,July,7
ORD101934,2025-07-22,North,Headphones,JBL Tune,18497.47,26.3,2,3.6,180,Credit Card,3-4 days,13632.64,27265.28,July,7
ORD100209,2025-07-23,North,Laptops,ASUS VivoBook,91463.65,16.8,1,4.0,187,Debit Card,3-4 days,76097.76,76097.76,July,7
ORD102191,2025-07-23,Central,Smartphones,Samsung Galaxy,48409.43,23.9,1,4.8,175,Credit Card,5-7 days,36839.58,36839.58,July,7
ORD102067,2025-07-23,East,Laptops,Acer Aspire,56524.01,24.1,3,4.4,162,Debit Card,1-2 days,42901.72,128705.16,July,7
ORD102332,2025-07-23,East,Laptops,Acer Aspire,86736.78,24.7,4,4.5,187,Cash on Delivery,5-7 days,65312.8,261251.2,July,7
ORD101745,2025-07-23,Central,Smartphones,iPhone,16220.83,2.1,1,4.1,202,Net Banking,1-2 days,15880.19,15880.19,July,7
ORD101407,2025-07-24,South,Monitors,BenQ Monitor,9223.95,0.0,3,3.8,215,Credit Card,8+ days,9223.95,27671.85,July,7
ORD102007,2025-07-24,South,Smartphones,OnePlus Nord,18641.52,11.0,2,3.5,191,Cash on Delivery,3-4 days,16590.95,33181.9,July,7
ORD101021,2025-07-24,North,Headphones,Noise Buds,13747.36,28.3,1,3.9,172,Net Banking,5-7 days,9856.86,9856.86,July,7
ORD100738,2025-07-24,West,Monitors,BenQ Monitor,42436.34,16.8,1,4.1,162,Cash on Delivery,3-4 days,35307.03,35307.03,July,7
ORD100078,2025-07-24,Central,Laptops,Acer Aspire,35511.1,8.3,1,4.2,200,Cash on Delivery,1-2 days,32563.68,32563.68,July,7
ORD101711,2025-07-24,South,Laptops,Acer Aspire,35297.0,24.2,2,4.4,192,Net Banking,3-4 days,26755.13,53510.26,July,7
ORD101513,2025-07-24,West,Accessories,HP Keyboard,1418.09,17.3,1,4.4,186,Debit Card,5-7 days,1172.76,1172.76,July,7
ORD101461,2025-07-24,East,Smartphones,Samsung Galaxy,93577.39,3.3,2,4.0,155,Debit Card,5-7 days,90489.34,180978.68,July,7
ORD100602,2025-07-24,West,Smartphones,iPhone,21403.87,21.9,2,4.1,175,Net Banking,3-4 days,16716.42,33432.84,July,7
ORD100756,2025-07-25,South,Monitors,LG UltraGear,12463.87,18.9,1,3.6,190,Credit Card,3-4 days,10108.2,10108.2,July,7
ORD102375,2025-07-25,West,Headphones,boAt Rockerz,4415.11,22.9,1,4.6,171,Net Banking,5-7 days,3404.05,3404.05,July,7
ORD100511,2025-07-25,North,Headphones,Noise Buds,15089.49,25.1,5,4.5,177,Credit Card,5-7 days,11302.03,56510.15,July,7
ORD101327,2025-07-25,South,Laptops,ASUS VivoBook,47956.76,26.2,2,4.1,174,Cash on Delivery,3-4 days,35392.09,70784.18,July,7
ORD101268,2025-07-26,South,Smartphones,Google Pixel,78856.17,26.9,3,3.9,194,Debit Card,5-7 days,57643.86,172931.58,July,7
ORD100287,2025-07-26,East,Smartphones,OnePlus Nord,51551.7,14.4,2,4.5,164,Credit Card,5-7 days,44128.26,88256.52,July,7
ORD102022,2025-07-26,Central,Headphones,Sony WH Series,10888.14,12.7,1,3.8,178,Net Banking,5-7 days,9505.35,9505.35,July,7
ORD101217,2025-07-26,Central,Laptops,Dell Inspiron,42707.62,3.1,1,4.8,185,Net Banking,5-7 days,41383.68,41383.68,July,7
ORD102451,2025-07-26,North,Smartphones,OnePlus Nord,59896.32,3.6,3,4.3,191,UPI,5-7 days,57740.05,173220.15,July,7
ORD101139,2025-07-26,West,Smartphones,Google Pixel,54565.34,17.2,3,4.3,180,Cash on Delivery,1-2 days,45180.1,135540.3,July,7
ORD101562,2025-07-26,North,Laptops,HP Pavilion,55858.41,3.2,1,3.3,182,Cash on Delivery,5-7 days,54070.94,54070.94,July,7
ORD100805,2025-07-26,South,Smartphones,OnePlus Nord,44558.16,27.9,1,4.1,185,UPI,1-2 days,32126.43,32126.43,July,7
ORD100421,2025-07-26,North,Monitors,Samsung Monitor,45629.83,13.5,1,4.4,196,Credit Card,3-4 days,39469.8,39469.8,July,7
ORD102053,2025-07-27,East,Laptops,ASUS VivoBook,82761.61,19.8,1,3.9,207,Net Banking,5-7 days,66374.81,66374.81,July,7
ORD100066,2025-07-27,West,Headphones,boAt Rockerz,2768.62,15.7,1,4.1,186,Credit Card,3-4 days,2333.95,2333.95,July,7
ORD102477,2025-07-27,South,Laptops,Dell Inspiron,87931.93,2.2,2,4.0,177,Net Banking,5-7 days,85997.43,171994.86,July,7
ORD101010,2025-07-27,North,Smartphones,Google Pixel,34004.4,18.3,2,4.5,193,Credit Card,1-2 days,27781.59,55563.18,July,7
ORD101584,2025-07-27,North,Smartphones,Samsung Galaxy,34204.74,14.6,1,4.2,187,Debit Card,3-4 days,29210.85,29210.85,July,7
ORD100296,2025-07-27,East,Headphones,Sony WH Series,1614.18,18.2,1,3.2,176,Net Banking,1-2 days,1320.4,1320.4,July,7
ORD100532,2025-07-27,Central,Accessories,Anker Charger,7856.99,25.7,1,3.8,189,Debit Card,1-2 days,5837.74,5837.74,July,7
ORD101902,2025-07-27,Central,Laptops,ASUS VivoBook,60225.93,19.6,1,3.6,205,Net Banking,1-2 days,48421.65,48421.65,July,7
ORD100094,2025-07-27,East,Headphones,Apple AirPods,3573.29,23.6,3,4.0,190,Cash on Delivery,3-4 days,2729.99,8189.97,July,7
ORD100906,2025-07-27,North,Accessories,TP-Link Adapter,7970.15,3.2,2,4.4,183,Net Banking,5-7 days,7715.11,15430.22,July,7
ORD101273,2025-07-27,South,Monitors,Samsung Monitor,12862.28,15.6,2,3.9,185,Credit Card,1-2 days,10855.76,21711.52,July,7
ORD100020,2025-07-27,North,Smartphones,iPhone,76131.69,17.7,1,3.7,188,Credit Card,3-4 days,62656.38,62656.38,July,7
ORD100210,2025-07-28,East,Laptops,Lenovo IdeaPad,89964.44,2.2,1,4.4,175,UPI,1-2 days,87985.22,87985.22,July,7
ORD101458,2025-07-28,East,Headphones,JBL Tune,28989.94,4.7,2,4.9,190,Cash on Delivery,5-7 days,27627.41,55254.82,July,7
ORD101917,2025-07-28,West,Accessories,Logitech Mouse,9567.02,20.6,1,4.3,185,Credit Card,1-2 days,7596.21,7596.21,July,7
ORD100189,2025-07-28,Central,Headphones,Noise Buds,20598.14,28.3,1,4.5,191,Net Banking,3-4 days,14768.87,14768.87,July,7
ORD100627,2025-07-28,North,Smartphones,iPhone,71696.46,14.5,3,3.8,192,Cash on Delivery,3-4 days,61300.47,183901.41,July,7
ORD102176,2025-07-28,Central,Monitors,Dell UltraSharp,25507.96,16.1,1,4.4,191,Cash on Delivery,5-7 days,21401.18,21401.18,July,7
ORD100941,2025-07-29,West,Smartphones,Samsung Galaxy,37172.48,7.8,1,4.3,184,Credit Card,3-4 days,34273.03,34273.03,July,7
ORD102153,2025-07-29,Central,Headphones,Noise Buds,25122.31,18.7,1,3.9,157,Debit Card,3-4 days,20424.44,20424.44,July,7
ORD101256,2025-07-29,Central,Smartphones,iPhone,49992.74,1.0,3,3.2,205,UPI,1-2 days,49492.81,148478.43,July,7
ORD100810,2025-07-29,South,Laptops,Acer Aspire,40575.1,3.8,2,3.7,174,Net Banking,5-7 days,39033.25,78066.5,July,7
ORD101307,2025-07-29,Central,Headphones,boAt Rockerz,4880.98,16.8,1,3.6,173,Net Banking,5-7 days,4060.98,4060.98,July,7
ORD101288,2025-07-29,South,Smartphones,Google Pixel,54708.63,23.8,1,4.0,158,UPI,5-7 days,41687.98,41687.98,July,7
ORD102459,2025-07-29,West,Smartphones,Samsung Galaxy,67799.46,20.7,2,4.2,178,,8+ days,53764.97,107529.94,July,7
ORD102309,2025-07-29,West,Laptops,Dell Inspiron,56744.36,10.2,1,4.6,203,Credit Card,3-4 days,50956.44,50956.44,July,7
ORD101770,2025-07-29,East,Smartphones,OnePlus Nord,73801.55,28.9,3,2.8,185,Net Banking,3-4 days,52472.9,157418.7,July,7
ORD102109,2025-07-29,West,Smartphones,iPhone,48363.27,7.5,2,3.9,179,Net Banking,1-2 days,44736.02,89472.04,July,7
ORD100499,2025-07-30,South,Accessories,Anker Charger,9321.67,9.7,2,4.1,207,Credit Card,3-4 days,8417.47,16834.94,July,7
ORD102271,2025-07-30,Central,Laptops,ASUS VivoBook,44371.74,14.0,2,3.8,202,Debit Card,1-2 days,38159.7,76319.4,July,7
ORD102192,2025-07-30,Central,Accessories,Logitech Mouse,2573.6,0.1,2,3.8,185,Cash on Delivery,1-2 days,2571.03,5142.06,July,7
ORD101289,2025-07-30,East,Laptops,Dell Inspiron,88172.32,18.5,2,4.3,185,Debit Card,3-4 days,71860.44,143720.88,July,7
ORD102447,2025-07-30,East,Smartphones,Google Pixel,82585.65,8.5,2,4.7,189,Credit Card,3-4 days,75565.87,151131.74,July,7
ORD100913,2025-07-30,West,Headphones,Apple AirPods,15372.25,1.1,5,4.3,182,Debit Card,5-7 days,15203.16,76015.8,July,7
ORD102370,2025-07-30,Central,Monitors,Dell UltraSharp,32491.42,17.4,1,,186,UPI,3-4 days,26837.91,26837.91,July,7
ORD101346,2025-07-30,South,Smartphones,OnePlus Nord,34342.75,29.0,1,4.3,198,Cash on Delivery,5-7 days,24383.35,24383.35,July,7
ORD100085,2025-07-30,West,Smartphones,Motorola Edge,75511.09,14.6,3,4.3,185,Net Banking,5-7 days,64486.47,193459.41,July,7
ORD101705,2025-07-30,East,Smartphones,Samsung Galaxy,26644.5,18.7,1,4.5,187,UPI,1-2 days,21661.98,21661.98,July,7
ORD102442,2025-07-30,Central,Headphones,Sony WH Series,28072.64,13.4,2,4.2,166,UPI,5-7 days,24310.91,48621.82,July,7
ORD101398,2025-07-30,West,Smartphones,Samsung Galaxy,64382.71,22.4,2,4.2,184,Debit Card,3-4 days,49960.98,99921.96,July,7
ORD100559,2025-07-30,Central,Monitors,LG UltraGear,45018.01,22.0,3,4.4,187,Debit Card,3-4 days,35114.05,105342.15,July,7
ORD100946,2025-07-30,West,Laptops,HP Pavilion,41861.56,20.6,1,3.8,200,Net Banking,5-7 days,33238.08,33238.08,July,7
ORD101113,2025-07-31,South,Laptops,ASUS VivoBook,49208.26,23.7,2,3.9,185,Cash on Delivery,5-7 days,37545.9,75091.8,July,7
ORD100690,2025-07-31,North,Laptops,ASUS VivoBook,75693.0,9.8,3,3.8,185,Debit Card,1-2 days,68275.09,204825.27,July,7
ORD100052,2025-07-31,Central,Monitors,Dell UltraSharp,50939.39,29.2,1,4.7,184,Cash on Delivery,3-4 days,36065.09,36065.09,July,7
ORD101518,2025-07-31,North,Accessories,TP-Link Adapter,4158.51,22.0,1,3.7,172,UPI,3-4 days,3243.64,3243.64,July,7
ORD101981,2025-07-31,South,Laptops,HP Pavilion,108754.04,7.5,1,4.3,182,Net Banking,1-2 days,100597.49,100597.49,July,7
ORD101670,2025-07-31,South,Monitors,Acer Nitro,13643.31,0.7,3,4.0,180,Debit Card,5-7 days,13547.81,40643.43,July,7
ORD101860,2025-07-31,South,Monitors,Dell UltraSharp,16988.9,28.0,1,4.2,169,UPI,3-4 days,12232.01,12232.01,July,7
ORD102394,2025-08-01,North,Laptops,Dell Inspiron,63469.95,26.9,1,3.0,172,Cash on Delivery,3-4 days,46396.53,46396.53,August,8
ORD100714,2025-08-01,North,Smartphones,iPhone,33282.28,26.2,4,4.1,183,Net Banking,3-4 days,24562.32,98249.28,August,8
ORD101834,2025-08-01,East,Monitors,BenQ Monitor,29552.05,13.2,1,4.1,170,Credit Card,3-4 days,25651.18,25651.18,August,8
ORD101876,2025-08-01,Central,Headphones,JBL Tune,25652.46,1.6,2,3.4,164,UPI,3-4 days,25242.02,50484.04,August,8
ORD100692,2025-08-01,South,Smartphones,Samsung Galaxy,34741.07,8.4,3,4.3,171,UPI,3-4 days,31822.82,95468.46,August,8
ORD101432,2025-08-01,North,Smartphones,Google Pixel,73587.86,21.9,1,4.2,195,Credit Card,1-2 days,57472.12,57472.12,August,8
ORD102330,2025-08-02,Central,Laptops,Lenovo IdeaPad,67393.89,16.8,1,3.7,183,Debit Card,5-7 days,56071.72,56071.72,August,8
ORD101870,2025-08-02,East,Monitors,LG UltraGear,38841.82,11.9,2,3.8,173,Cash on Delivery,3-4 days,34219.64,68439.28,August,8
ORD101408,2025-08-02,East,Monitors,Acer Nitro,27983.2,26.1,1,4.9,215,Cash on Delivery,3-4 days,20679.58,20679.58,August,8
ORD100564,2025-08-02,East,Laptops,Acer Aspire,54151.5,14.7,1,4.1,167,Net Banking,3-4 days,46191.23,46191.23,August,8
ORD101597,2025-08-02,West,Smartphones,iPhone,15158.08,15.3,4,5.0,192,UPI,3-4 days,12838.89,51355.56,August,8
ORD101975,2025-08-02,North,Smartphones,OnePlus Nord,85979.06,28.6,4,4.7,180,Credit Card,1-2 days,61389.05,245556.2,August,8
ORD102221,2025-08-02,South,Headphones,JBL Tune,23951.27,25.2,2,3.7,185,Debit Card,3-4 days,17915.55,35831.1,August,8
ORD101229,2025-08-03,Central,Accessories,Anker Charger,1752.16,23.7,1,4.1,172,Net Banking,1-2 days,1336.9,1336.9,August,8
ORD102488,2025-08-03,South,Accessories,HP Keyboard,6920.98,17.6,3,3.3,191,Credit Card,3-4 days,5702.89,17108.67,August,8
ORD102127,2025-08-03,Central,Headphones,Apple AirPods,6659.2,1.9,2,4.1,188,Net Banking,3-4 days,6532.68,13065.36,August,8
ORD101411,2025-08-04,West,Laptops,Acer Aspire,36850.25,1.4,1,4.1,175,Cash on Delivery,3-4 days,36334.35,36334.35,August,8
ORD100698,2025-08-04,East,Headphones,boAt Rockerz,27820.12,19.2,2,3.3,181,Debit Card,1-2 days,22478.66,44957.32,August,8
ORD101481,2025-08-04,Central,Monitors,Acer Nitro,48557.27,18.3,2,4.4,200,Cash on Delivery,1-2 days,39671.29,79342.58,August,8
ORD100288,2025-08-04,Central,Headphones,Apple AirPods,22450.96,12.1,1,4.6,152,Debit Card,3-4 days,19734.39,19734.39,August,8
ORD101476,2025-08-05,North,Headphones,Noise Buds,23247.65,12.8,2,4.9,194,UPI,3-4 days,20271.95,40543.9,August,8
ORD101319,2025-08-05,West,Laptops,HP Pavilion,103266.25,17.3,1,4.0,182,Credit Card,3-4 days,85401.19,85401.19,August,8
ORD100662,2025-08-05,West,Accessories,Anker Charger,9781.17,16.7,1,4.0,161,UPI,1-2 days,8147.71,8147.71,August,8
ORD101965,2025-08-05,West,Headphones,Apple AirPods,8932.94,21.1,2,4.9,182,Credit Card,3-4 days,7048.09,14096.18,August,8
ORD100019,2025-08-05,West,Smartphones,Motorola Edge,72014.95,8.0,1,4.2,169,Credit Card,5-7 days,66253.75,66253.75,August,8
ORD102357,2025-08-06,North,Accessories,Logitech Mouse,5113.49,27.7,1,4.1,176,UPI,3-4 days,3697.05,3697.05,August,8
ORD101953,2025-08-06,West,Headphones,Noise Buds,16955.41,8.0,2,3.9,189,Cash on Delivery,1-2 days,15598.98,31197.96,August,8
ORD100813,2025-08-06,South,Laptops,Lenovo IdeaPad,70416.98,15.8,1,3.9,186,Debit Card,8+ days,59291.1,59291.1,August,8
ORD102339,2025-08-06,West,Laptops,ASUS VivoBook,62771.98,5.7,2,3.8,169,UPI,1-2 days,59193.98,118387.96,August,8
ORD102385,2025-08-07,East,Smartphones,OnePlus Nord,41569.7,2.9,5,4.6,190,Net Banking,3-4 days,40364.18,201820.9,August,8
ORD101952,2025-08-07,West,Laptops,HP Pavilion,94733.88,11.8,3,3.3,200,Debit Card,5-7 days,83555.28,250665.84,August,8
ORD100865,2025-08-07,West,Smartphones,Google Pixel,54567.62,22.0,3,4.2,177,Net Banking,8+ days,42562.74,127688.22,August,8
ORD100975,2025-08-07,West,Laptops,Lenovo IdeaPad,73870.98,18.8,1,4.1,184,Cash on Delivery,1-2 days,59983.24,59983.24,August,8
ORD102441,2025-08-07,South,Headphones,boAt Rockerz,29106.27,13.4,1,4.3,176,UPI,1-2 days,25206.03,25206.03,August,8
ORD101929,2025-08-07,Central,Headphones,JBL Tune,18592.91,8.3,3,3.9,181,Cash on Delivery,3-4 days,17049.7,51149.1,August,8
ORD100717,2025-08-07,East,Monitors,Samsung Monitor,45680.14,21.8,1,4.5,193,Cash on Delivery,3-4 days,35721.87,35721.87,August,8
ORD100772,2025-08-07,North,Monitors,Dell UltraSharp,12643.8,18.1,2,4.3,170,Debit Card,3-4 days,10355.27,20710.54,August,8
ORD101853,2025-08-07,West,Accessories,TP-Link Adapter,6935.9,27.5,1,3.8,168,Cash on Delivery,3-4 days,5028.53,5028.53,August,8
ORD101111,2025-08-07,North,Monitors,BenQ Monitor,42462.81,16.8,1,3.7,200,Cash on Delivery,3-4 days,35329.06,35329.06,August,8
ORD102126,2025-08-08,Central,Headphones,JBL Tune,22062.33,15.2,1,4.0,204,Credit Card,1-2 days,18708.86,18708.86,August,8
ORD101572,2025-08-08,Central,Laptops,ASUS VivoBook,89207.65,18.0,1,4.5,174,Cash on Delivery,3-4 days,73150.27,73150.27,August,8
ORD101805,2025-08-08,South,Smartphones,Google Pixel,67499.68,12.5,2,4.6,169,UPI,3-4 days,59062.22,118124.44,August,8
ORD101837,2025-08-08,North,Laptops,ASUS VivoBook,103972.62,18.2,4,4.2,181,Cash on Delivery,8+ days,85049.6,340198.4,August,8
ORD100275,2025-08-08,West,Smartphones,iPhone,67943.46,26.9,3,3.5,184,Cash on Delivery,1-2 days,49666.67,149000.01,August,8
ORD101729,2025-08-08,North,Monitors,Dell UltraSharp,34614.58,21.2,2,4.6,219,UPI,5-7 days,27276.29,54552.58,August,8
ORD102291,2025-08-08,West,Headphones,Noise Buds,2769.94,21.4,2,3.6,210,Debit Card,3-4 days,2177.17,4354.34,August,8
ORD101531,2025-08-08,West,Smartphones,Motorola Edge,41774.34,10.7,1,4.1,177,Cash on Delivery,3-4 days,37304.49,37304.49,August,8
ORD101496,2025-08-08,East,Headphones,Apple AirPods,16201.41,14.5,1,4.5,187,Net Banking,3-4 days,13852.21,13852.21,August,8
ORD101646,2025-08-08,East,Monitors,Dell UltraSharp,18417.09,5.2,1,4.2,197,UPI,3-4 days,17459.4,17459.4,August,8
ORD100548,2025-08-09,West,Headphones,Sony WH Series,2378.9,22.0,3,4.3,195,UPI,3-4 days,1855.54,5566.62,August,8
ORD101586,2025-08-09,Central,Laptops,Acer Aspire,52577.76,2.4,2,3.8,185,Cash on Delivery,8+ days,51315.89,102631.78,August,8
ORD100496,2025-08-09,Central,Smartphones,iPhone,74085.33,16.5,2,4.6,181,UPI,5-7 days,61861.25,123722.5,August,8
ORD101286,2025-08-09,East,Smartphones,Google Pixel,45152.88,29.8,1,4.2,199,Debit Card,1-2 days,31697.32,31697.32,August,8
ORD100222,2025-08-09,West,Headphones,Noise Buds,27633.82,18.0,1,3.4,186,Cash on Delivery,3-4 days,22659.73,22659.73,August,8
ORD101354,2025-08-10,North,Monitors,BenQ Monitor,36491.09,14.1,2,3.9,195,Net Banking,5-7 days,31345.85,62691.7,August,8
ORD102211,2025-08-10,South,Monitors,Samsung Monitor,9506.61,22.7,1,4.1,207,Debit Card,1-2 days,7348.61,7348.61,August,8
ORD100082,2025-08-10,East,Headphones,Sony WH Series,24966.09,29.9,1,3.5,174,Credit Card,5-7 days,17501.23,17501.23,August,8
ORD101197,2025-08-10,South,Accessories,TP-Link Adapter,8273.92,29.4,2,3.5,161,Debit Card,5-7 days,5841.39,11682.78,August,8
ORD101033,2025-08-10,Central,Laptops,Dell Inspiron,107711.82,19.6,2,3.5,167,UPI,5-7 days,86600.3,173200.6,August,8
ORD102351,2025-08-10,East,Headphones,Sony WH Series,22305.74,25.9,1,4.5,198,UPI,3-4 days,16528.55,16528.55,August,8
ORD101489,2025-08-10,East,Smartphones,Google Pixel,14601.44,27.7,1,4.0,159,,3-4 days,10556.84,10556.84,August,8
ORD101947,2025-08-10,South,Smartphones,Google Pixel,33695.98,5.6,2,3.5,191,Credit Card,1-2 days,31809.01,63618.02,August,8
ORD101269,2025-08-10,South,Headphones,Noise Buds,3411.72,13.4,1,3.5,182,Cash on Delivery,5-7 days,2954.55,2954.55,August,8
ORD101528,2025-08-10,East,Smartphones,OnePlus Nord,27908.72,3.5,1,3.7,190,UPI,3-4 days,26931.91,26931.91,August,8
ORD100396,2025-08-11,Central,Accessories,AmazonBasics Cable,2412.01,9.0,4,4.4,170,Net Banking,5-7 days,2194.93,8779.72,August,8
ORD100929,2025-08-11,Central,Headphones,JBL Tune,3779.5,10.4,1,4.3,195,UPI,1-2 days,3386.43,3386.43,August,8
ORD102448,2025-08-11,South,Laptops,HP Pavilion,66074.53,25.1,1,3.5,178,Debit Card,5-7 days,49489.82,49489.82,August,8
ORD100885,2025-08-11,East,Monitors,Dell UltraSharp,47522.68,9.3,3,3.5,186,UPI,5-7 days,43103.07,129309.21,August,8
ORD100498,2025-08-11,South,Laptops,Lenovo IdeaPad,87825.15,23.5,4,4.1,172,UPI,8+ days,67186.24,268744.96,August,8
ORD100464,2025-08-12,Central,Headphones,Noise Buds,22459.25,7.5,2,4.7,195,UPI,3-4 days,20774.81,41549.62,August,8
ORD101714,2025-08-12,East,Smartphones,OnePlus Nord,92682.58,8.5,1,4.5,175,Debit Card,5-7 days,84804.56,84804.56,August,8
ORD101130,2025-08-12,Central,Smartphones,Motorola Edge,69016.14,20.2,1,3.5,185,Credit Card,3-4 days,55074.88,55074.88,August,8
ORD102029,2025-08-12,East,Smartphones,iPhone,74272.56,27.8,2,4.2,182,Credit Card,5-7 days,53624.79,107249.58,August,8
ORD101690,2025-08-12,North,Monitors,Dell UltraSharp,49882.61,15.2,1,4.1,195,Credit Card,3-4 days,42300.45,42300.45,August,8
ORD100176,2025-08-13,West,Laptops,Acer Aspire,44141.61,6.7,1,3.4,186,Net Banking,3-4 days,41184.12,41184.12,August,8
ORD100445,2025-08-13,Central,Monitors,Dell UltraSharp,13881.78,26.1,2,4.4,189,Net Banking,5-7 days,10258.64,20517.28,August,8
ORD101131,2025-08-13,Central,Monitors,BenQ Monitor,50083.23,5.9,1,4.6,188,Net Banking,5-7 days,47128.32,47128.32,August,8
ORD102168,2025-08-13,South,Laptops,ASUS VivoBook,50584.28,29.5,1,3.9,189,Cash on Delivery,5-7 days,35661.92,35661.92,August,8
ORD101300,2025-08-13,North,Headphones,Noise Buds,15114.28,5.5,1,2.7,192,UPI,3-4 days,14282.99,14282.99,August,8
ORD101291,2025-08-13,Central,Smartphones,Samsung Galaxy,23431.93,19.2,1,4.2,167,Credit Card,3-4 days,18933.0,18933.0,August,8
ORD101974,2025-08-13,North,Smartphones,Google Pixel,48827.22,2.9,1,3.9,185,UPI,5-7 days,47411.23,47411.23,August,8
ORD100467,2025-08-13,Central,Smartphones,Google Pixel,52866.07,28.7,2,3.7,191,Debit Card,3-4 days,37693.51,75387.02,August,8
ORD102360,2025-08-14,North,Laptops,Dell Inspiron,35733.45,5.3,2,3.7,194,Cash on Delivery,3-4 days,33839.58,67679.16,August,8
ORD100390,2025-08-14,Central,Monitors,Acer Nitro,21988.92,13.0,1,3.3,184,Credit Card,1-2 days,19130.36,19130.36,August,8
ORD102146,2025-08-14,East,Monitors,Dell UltraSharp,51901.43,16.0,2,4.1,207,Credit Card,5-7 days,43597.2,87194.4,August,8
ORD101313,2025-08-14,West,Headphones,Apple AirPods,11129.37,17.0,2,4.8,195,Credit Card,1-2 days,9237.38,18474.76,August,8
ORD100614,2025-08-14,North,Laptops,Lenovo IdeaPad,74962.03,26.5,1,4.2,170,Debit Card,3-4 days,55097.09,55097.09,August,8
ORD101840,2025-08-14,East,Laptops,Acer Aspire,98636.17,7.2,1,4.6,179,UPI,3-4 days,91534.37,91534.37,August,8
ORD101782,2025-08-14,South,Accessories,AmazonBasics Cable,6496.29,4.4,2,3.9,176,Debit Card,3-4 days,6210.45,12420.9,August,8
ORD102453,2025-08-15,North,Headphones,Apple AirPods,25675.47,9.5,3,4.0,190,Credit Card,5-7 days,23236.3,69708.9,August,8
ORD101366,2025-08-15,North,Laptops,Acer Aspire,56824.95,21.1,2,4.3,194,Credit Card,3-4 days,44834.89,89669.78,August,8
ORD100560,2025-08-15,Central,Headphones,Apple AirPods,22804.41,11.1,1,3.1,173,Cash on Delivery,3-4 days,20273.12,20273.12,August,8
ORD101645,2025-08-15,North,Laptops,Dell Inspiron,68754.81,0.4,2,3.4,181,UPI,3-4 days,68479.79,136959.58,August,8
ORD102206,2025-08-15,Central,Accessories,AmazonBasics Cable,664.24,15.6,3,3.5,195,Cash on Delivery,1-2 days,560.62,1681.86,August,8
ORD101678,2025-08-15,Central,Smartphones,Samsung Galaxy,91270.24,12.5,1,4.4,201,UPI,3-4 days,79861.46,79861.46,August,8
ORD100970,2025-08-15,North,Smartphones,Motorola Edge,44933.51,20.6,1,3.8,196,Net Banking,3-4 days,35677.21,35677.21,August,8
ORD101120,2025-08-15,West,Laptops,Lenovo IdeaPad,50213.99,12.5,1,4.3,186,Debit Card,1-2 days,43937.24,43937.24,August,8
ORD100781,2025-08-16,Central,Headphones,Sony WH Series,4423.72,13.6,1,4.1,188,Cash on Delivery,3-4 days,3822.09,3822.09,August,8
ORD101332,2025-08-16,West,Headphones,Sony WH Series,21860.34,14.7,1,4.7,188,Cash on Delivery,5-7 days,18646.87,18646.87,August,8
ORD101514,2025-08-16,West,Laptops,ASUS VivoBook,55562.3,4.6,1,4.7,196,UPI,1-2 days,53006.43,53006.43,August,8
ORD102295,2025-08-16,Central,Laptops,Dell Inspiron,39103.56,14.8,1,4.9,178,Debit Card,8+ days,33316.23,33316.23,August,8
ORD102239,2025-08-16,South,Laptops,Lenovo IdeaPad,39739.12,7.6,1,4.1,172,Debit Card,3-4 days,36718.95,36718.95,August,8
ORD101628,2025-08-16,North,Headphones,Sony WH Series,29815.05,12.2,2,2.8,193,Debit Card,1-2 days,26177.61,52355.22,August,8
ORD102159,2025-08-16,South,Smartphones,Samsung Galaxy,33665.36,1.4,1,4.5,169,UPI,3-4 days,33194.04,33194.04,August,8
ORD100632,2025-08-16,South,Accessories,TP-Link Adapter,6862.67,17.1,1,4.7,200,Net Banking,3-4 days,5689.15,5689.15,August,8
ORD101371,2025-08-16,Central,Accessories,HP Keyboard,7333.36,29.1,2,3.7,194,Net Banking,3-4 days,5199.35,10398.7,August,8
ORD101134,2025-08-16,West,Laptops,Dell Inspiron,87039.74,21.2,2,4.0,191,Net Banking,3-4 days,68587.32,137174.64,August,8
ORD101290,2025-08-16,South,Laptops,Acer Aspire,102957.57,29.6,1,4.7,187,Cash on Delivery,3-4 days,72482.13,72482.13,August,8
ORD102288,2025-08-17,East,Smartphones,OnePlus Nord,58881.84,11.9,2,4.3,206,Cash on Delivery,1-2 days,51874.9,103749.8,August,8
ORD102414,2025-08-17,North,Laptops,Dell Inspiron,68426.88,7.9,1,4.1,151,Net Banking,5-7 days,63021.16,63021.16,August,8
ORD100477,2025-08-17,South,Laptops,Acer Aspire,98158.01,26.0,1,4.3,215,Debit Card,5-7 days,72636.93,72636.93,August,8
ORD100920,2025-08-18,West,Laptops,HP Pavilion,58225.17,16.9,4,4.3,169,Net Banking,8+ days,48385.12,193540.48,August,8
ORD102165,2025-08-18,South,Smartphones,Google Pixel,45273.22,29.8,1,3.4,190,UPI,3-4 days,31781.8,31781.8,August,8
ORD100701,2025-08-18,South,Headphones,JBL Tune,11837.4,5.3,1,3.8,162,Cash on Delivery,5-7 days,11210.02,11210.02,August,8
ORD100702,2025-08-18,East,Laptops,HP Pavilion,84780.71,3.3,3,4.5,196,Debit Card,3-4 days,81982.95,245948.85,August,8
ORD100249,2025-08-18,West,Accessories,TP-Link Adapter,8658.23,26.9,1,4.2,181,Cash on Delivery,3-4 days,6329.17,6329.17,August,8
ORD101006,2025-08-18,North,Headphones,JBL Tune,3655.73,0.3,1,4.4,181,Cash on Delivery,3-4 days,3644.76,3644.76,August,8
ORD100581,2025-08-18,Central,Smartphones,iPhone,40734.34,23.6,1,4.2,165,UPI,1-2 days,31121.04,31121.04,August,8
ORD100172,2025-08-18,West,Laptops,ASUS VivoBook,47869.73,22.7,1,3.3,166,UPI,5-7 days,37003.3,37003.3,August,8
ORD101394,2025-08-18,South,Smartphones,Samsung Galaxy,43710.47,28.7,2,3.6,178,Credit Card,3-4 days,31165.57,62331.14,August,8
ORD100740,2025-08-18,East,Smartphones,iPhone,30319.14,2.4,1,3.8,206,Credit Card,3-4 days,29591.48,29591.48,August,8
ORD102349,2025-08-18,North,Headphones,Apple AirPods,8802.49,13.3,2,4.3,169,Cash on Delivery,5-7 days,7631.76,15263.52,August,8
ORD100398,2025-08-18,Central,Smartphones,Google Pixel,21537.23,3.5,3,4.7,192,Net Banking,1-2 days,20783.43,62350.29,August,8
ORD101127,2025-08-18,West,Laptops,HP Pavilion,54530.23,23.4,1,4.8,208,Debit Card,5-7 days,41770.16,41770.16,August,8
ORD100860,2025-08-18,North,Laptops,Acer Aspire,91294.88,22.4,3,4.6,192,Net Banking,3-4 days,70844.83,212534.49,August,8
ORD101911,2025-08-19,East,Smartphones,OnePlus Nord,32927.95,21.8,3,3.9,188,Credit Card,5-7 days,25749.66,77248.98,August,8
ORD100954,2025-08-19,North,Accessories,HP Keyboard,7888.32,27.4,1,4.6,178,Cash on Delivery,5-7 days,5726.92,5726.92,August,8
ORD101919,2025-08-19,East,Smartphones,Motorola Edge,70759.1,22.7,1,4.7,208,Debit Card,3-4 days,54696.78,54696.78,August,8
ORD101298,2025-08-19,East,Laptops,Lenovo IdeaPad,53278.12,1.8,2,3.7,172,Credit Card,5-7 days,52319.11,104638.22,August,8
ORD100540,2025-08-19,South,Laptops,Lenovo IdeaPad,102005.35,0.9,2,5.0,186,Cash on Delivery,3-4 days,101087.3,202174.6,August,8
ORD102464,2025-08-19,South,Headphones,Sony WH Series,14810.18,3.2,1,4.9,192,UPI,1-2 days,14336.25,14336.25,August,8
ORD102445,2025-08-20,South,Smartphones,iPhone,69378.05,21.5,2,4.1,176,UPI,5-7 days,54461.77,108923.54,August,8
ORD100689,2025-08-20,North,Monitors,Samsung Monitor,43079.99,2.8,1,3.6,159,Cash on Delivery,1-2 days,41873.75,41873.75,August,8
ORD101165,2025-08-20,East,Laptops,Dell Inspiron,108206.45,15.7,1,4.1,175,UPI,5-7 days,91218.04,91218.04,August,8
ORD101888,2025-08-20,South,Smartphones,iPhone,36837.62,4.4,3,4.6,204,Credit Card,3-4 days,35216.76,105650.28,August,8
ORD100075,2025-08-20,East,Headphones,boAt Rockerz,10222.07,9.6,4,3.9,193,Net Banking,1-2 days,9240.75,36963.0,August,8
ORD100849,2025-08-20,East,Smartphones,Motorola Edge,13133.92,18.0,1,4.3,194,Debit Card,3-4 days,10769.81,10769.81,August,8
ORD101439,2025-08-20,Central,Laptops,ASUS VivoBook,43682.0,22.3,2,5.0,200,Net Banking,5-7 days,33940.91,67881.82,August,8
ORD101361,2025-08-21,West,Accessories,TP-Link Adapter,9161.41,17.6,2,4.1,165,UPI,5-7 days,7549.0,15098.0,August,8
ORD101415,2025-08-21,West,Headphones,Sony WH Series,29884.62,5.8,1,3.9,190,Debit Card,1-2 days,28151.31,28151.31,August,8
ORD101414,2025-08-21,North,Laptops,ASUS VivoBook,74998.13,12.6,4,4.0,196,Debit Card,1-2 days,65548.37,262193.48,August,8
ORD100988,2025-08-21,South,Smartphones,Motorola Edge,49032.15,20.2,1,4.0,186,Cash on Delivery,5-7 days,39127.66,39127.66,August,8
ORD100982,2025-08-21,East,Monitors,Samsung Monitor,29666.34,29.7,1,4.4,191,UPI,1-2 days,20855.44,20855.44,August,8
ORD100688,2025-08-22,Central,Smartphones,OnePlus Nord,82591.85,0.5,1,3.6,185,Debit Card,5-7 days,82178.89,82178.89,August,8
ORD101612,2025-08-22,West,Headphones,boAt Rockerz,6815.91,16.3,4,3.5,189,UPI,3-4 days,5704.92,22819.68,August,8
ORD101907,2025-08-22,West,Accessories,Anker Charger,7951.85,25.4,2,,212,Credit Card,3-4 days,5932.08,11864.16,August,8
ORD100514,2025-08-22,North,Accessories,AmazonBasics Cable,7220.55,14.8,4,3.5,169,Debit Card,5-7 days,6151.91,24607.64,August,8
ORD100054,2025-08-22,East,Accessories,Anker Charger,5366.04,24.2,1,4.6,179,Net Banking,1-2 days,4067.46,4067.46,August,8
ORD101359,2025-08-23,North,Smartphones,OnePlus Nord,70194.97,10.2,1,3.5,158,Cash on Delivery,3-4 days,63035.08,63035.08,August,8
ORD100784,2025-08-23,West,Smartphones,Samsung Galaxy,77735.42,11.4,2,3.7,199,Credit Card,5-7 days,68873.58,137747.16,August,8
ORD101824,2025-08-23,South,Monitors,Dell UltraSharp,46961.44,3.8,1,3.6,169,Cash on Delivery,3-4 days,45176.91,45176.91,August,8
ORD100726,2025-08-24,West,Monitors,Acer Nitro,41998.69,1.4,2,3.8,181,Net Banking,3-4 days,41410.71,82821.42,August,8
ORD100777,2025-08-24,South,Laptops,Dell Inspiron,105186.96,20.4,1,3.7,165,Debit Card,1-2 days,83728.82,83728.82,August,8
ORD101587,2025-08-24,West,Headphones,Noise Buds,4758.71,14.6,1,3.4,170,Cash on Delivery,5-7 days,4063.94,4063.94,August,8
ORD100821,2025-08-24,South,Monitors,LG UltraGear,40266.42,21.9,4,4.3,184,Debit Card,5-7 days,31448.07,125792.28,August,8
ORD102287,2025-08-24,South,Accessories,TP-Link Adapter,8330.55,26.4,2,4.4,184,Cash on Delivery,5-7 days,6131.28,12262.56,August,8
ORD101504,2025-08-25,South,Smartphones,Google Pixel,75459.17,14.6,1,4.1,195,Debit Card,3-4 days,64442.13,64442.13,August,8
ORD101508,2025-08-25,North,Headphones,Sony WH Series,1658.5,18.7,2,3.6,201,Net Banking,1-2 days,1348.36,2696.72,August,8
ORD100117,2025-08-25,Central,Monitors,BenQ Monitor,19838.65,29.5,2,3.2,186,Net Banking,3-4 days,13986.25,27972.5,August,8
ORD100493,2025-08-25,North,Smartphones,iPhone,23665.41,23.1,1,4.8,176,UPI,5-7 days,18198.7,18198.7,August,8
ORD101826,2025-08-25,East,Headphones,Noise Buds,13126.99,15.4,1,4.2,185,UPI,3-4 days,11105.43,11105.43,August,8
ORD100340,2025-08-25,South,Laptops,HP Pavilion,87242.11,8.1,1,3.2,185,Credit Card,3-4 days,80175.5,80175.5,August,8
ORD100678,2025-08-25,North,Smartphones,OnePlus Nord,32107.34,7.9,1,4.3,181,Net Banking,1-2 days,29570.86,29570.86,August,8
ORD101671,2025-08-25,Central,Smartphones,Google Pixel,28517.94,23.7,1,4.1,192,Credit Card,3-4 days,21759.19,21759.19,August,8
ORD101696,2025-08-26,West,Laptops,Dell Inspiron,74014.6,0.9,1,3.8,181,Debit Card,3-4 days,73348.47,73348.47,August,8
ORD102399,2025-08-26,Central,Headphones,Apple AirPods,24590.77,0.2,2,3.7,186,Debit Card,8+ days,24541.59,49083.18,August,8
ORD100234,2025-08-26,North,Smartphones,Google Pixel,76174.23,11.8,5,4.2,163,Debit Card,5-7 days,67185.67,335928.35,August,8
ORD101374,2025-08-26,East,Smartphones,iPhone,30071.17,1.9,1,3.6,172,Debit Card,3-4 days,29499.82,29499.82,August,8
ORD100683,2025-08-26,Central,Laptops,HP Pavilion,60410.98,20.8,1,2.9,185,UPI,5-7 days,47845.5,47845.5,August,8
ORD102155,2025-08-26,Central,Laptops,ASUS VivoBook,80560.38,16.4,1,3.8,187,UPI,3-4 days,67348.48,67348.48,August,8
ORD101278,2025-08-27,East,Accessories,HP Keyboard,1086.74,6.2,2,4.3,203,Credit Card,5-7 days,1019.36,2038.72,August,8
ORD101708,2025-08-27,East,Laptops,HP Pavilion,61619.84,19.7,2,4.5,192,UPI,1-2 days,49480.73,98961.46,August,8
ORD100556,2025-08-27,North,Smartphones,iPhone,35352.1,28.0,2,4.3,198,Debit Card,3-4 days,25453.51,50907.02,August,8
ORD101014,2025-08-27,South,Laptops,Lenovo IdeaPad,42741.25,25.5,3,3.7,191,UPI,3-4 days,31842.23,95526.69,August,8
ORD100574,2025-08-27,West,Headphones,JBL Tune,16968.52,26.6,4,3.7,186,Cash on Delivery,3-4 days,12454.89,49819.56,August,8
ORD101569,2025-08-27,South,Headphones,Noise Buds,8041.73,9.3,2,4.7,193,Net Banking,3-4 days,7293.85,14587.7,August,8
ORD102308,2025-08-27,South,Headphones,Noise Buds,28911.24,27.1,3,4.3,184,Net Banking,3-4 days,21076.29,63228.87,August,8
ORD102024,2025-08-27,West,Laptops,HP Pavilion,108444.75,19.9,1,3.9,166,Credit Card,5-7 days,86864.24,86864.24,August,8
ORD101914,2025-08-27,East,Smartphones,Samsung Galaxy,63282.93,4.4,2,3.7,182,Net Banking,3-4 days,60498.48,120996.96,August,8
ORD101817,2025-08-27,East,Smartphones,Samsung Galaxy,75282.9,23.9,2,3.9,191,UPI,3-4 days,57290.29,114580.58,August,8
ORD102377,2025-08-27,East,Smartphones,OnePlus Nord,78527.78,3.9,2,5.0,161,Cash on Delivery,3-4 days,75465.2,150930.4,August,8
ORD101492,2025-08-28,North,Smartphones,iPhone,89556.88,25.7,1,4.5,193,UPI,5-7 days,66540.76,66540.76,August,8
ORD100118,2025-08-28,West,Laptops,HP Pavilion,105768.06,22.1,3,3.5,204,Credit Card,3-4 days,82393.32,247179.96,August,8
ORD101798,2025-08-28,North,Laptops,Dell Inspiron,41327.82,13.8,2,3.8,207,Net Banking,5-7 days,35624.58,71249.16,August,8
ORD100945,2025-08-28,Central,Laptops,HP Pavilion,67417.33,0.8,4,3.8,199,Credit Card,8+ days,66877.99,267511.96,August,8
ORD101631,2025-08-28,North,Monitors,LG UltraGear,16976.22,28.8,2,4.1,208,Debit Card,1-2 days,12087.07,24174.14,August,8
ORD100790,2025-08-28,West,Accessories,AmazonBasics Cable,5130.36,12.5,1,4.4,178,Net Banking,5-7 days,4489.06,4489.06,August,8
ORD100872,2025-08-28,Central,Smartphones,iPhone,49359.12,2.3,1,4.1,167,Credit Card,5-7 days,48223.86,48223.86,August,8
ORD101431,2025-08-28,South,Smartphones,Samsung Galaxy,65959.4,19.1,2,5.0,169,UPI,3-4 days,53361.15,106722.3,August,8
ORD100123,2025-08-28,Central,Smartphones,Motorola Edge,93884.74,1.4,1,5.0,171,Net Banking,1-2 days,92570.35,92570.35,August,8
ORD101515,2025-08-28,Central,Laptops,ASUS VivoBook,59004.25,5.3,1,4.8,204,Debit Card,3-4 days,55877.02,55877.02,August,8
ORD101262,2025-08-28,North,Monitors,BenQ Monitor,17002.2,21.7,1,3.8,202,UPI,8+ days,13312.72,13312.72,August,8
ORD102319,2025-08-29,West,Smartphones,iPhone,60605.15,10.3,1,4.5,190,UPI,3-4 days,54362.82,54362.82,August,8
ORD101765,2025-08-29,South,Laptops,ASUS VivoBook,45621.29,0.5,1,4.1,170,Debit Card,1-2 days,45393.18,45393.18,August,8
ORD100305,2025-08-29,South,Monitors,Samsung Monitor,36242.18,22.3,3,3.8,185,Cash on Delivery,3-4 days,28160.17,84480.51,August,8
ORD101718,2025-08-29,East,Headphones,boAt Rockerz,12451.97,12.8,2,4.2,183,UPI,5-7 days,10858.12,21716.24,August,8
ORD102055,2025-08-29,East,Monitors,Acer Nitro,46977.76,21.6,1,4.2,176,UPI,3-4 days,36830.56,36830.56,August,8
ORD101367,2025-08-29,North,Headphones,JBL Tune,26226.02,8.7,1,3.7,157,Debit Card,1-2 days,23944.36,23944.36,August,8
ORD101003,2025-08-30,Central,Accessories,AmazonBasics Cable,8164.35,13.6,1,4.2,165,Net Banking,1-2 days,7054.0,7054.0,August,8
ORD102220,2025-08-30,East,Laptops,Acer Aspire,92318.87,0.4,2,3.9,189,Credit Card,5-7 days,91949.59,183899.18,August,8
ORD100675,2025-08-30,South,Smartphones,OnePlus Nord,31553.82,13.9,2,3.9,193,Credit Card,3-4 days,27167.84,54335.68,August,8
ORD102249,2025-08-30,Central,Headphones,Sony WH Series,9472.55,6.6,1,4.4,179,Cash on Delivery,3-4 days,8847.36,8847.36,August,8
ORD102086,2025-08-30,South,Smartphones,iPhone,79943.24,24.0,4,3.8,190,Debit Card,1-2 days,60756.86,243027.44,August,8
ORD100031,2025-08-30,West,Headphones,JBL Tune,10784.09,9.1,1,3.7,190,Debit Card,3-4 days,9802.74,9802.74,August,8
ORD101087,2025-08-30,East,Headphones,Apple AirPods,29216.46,5.9,1,4.7,189,Debit Card,1-2 days,27492.69,27492.69,August,8
ORD101939,2025-08-31,West,Smartphones,Samsung Galaxy,93497.46,23.5,1,3.9,191,Net Banking,3-4 days,71525.56,71525.56,August,8
ORD102177,2025-08-31,West,Smartphones,OnePlus Nord,62633.6,4.6,1,4.7,199,Credit Card,1-2 days,59752.45,59752.45,August,8
ORD100050,2025-08-31,Central,Laptops,Lenovo IdeaPad,66219.71,0.4,3,3.9,195,Cash on Delivery,3-4 days,65954.83,197864.49,August,8
ORD101175,2025-08-31,West,Headphones,Apple AirPods,27455.03,22.7,1,3.9,148,UPI,3-4 days,21222.74,21222.74,August,8
ORD102482,2025-08-31,West,Accessories,HP Keyboard,4002.68,29.4,2,3.9,186,Credit Card,1-2 days,2825.89,5651.78,August,8
ORD101051,2025-08-31,West,Accessories,AmazonBasics Cable,1371.89,21.5,1,3.8,199,Cash on Delivery,1-2 days,1076.93,1076.93,August,8
ORD102175,2025-08-31,South,Laptops,Acer Aspire,88968.44,24.9,1,3.7,205,Debit Card,5-7 days,66815.3,66815.3,August,8
ORD101994,2025-09-01,East,Laptops,HP Pavilion,99100.63,2.7,1,3.8,190,Credit Card,3-4 days,96424.91,96424.91,September,9
ORD102365,2025-09-01,North,Headphones,Sony WH Series,28175.85,26.4,4,4.6,200,Credit Card,5-7 days,20737.43,82949.72,September,9
ORD100517,2025-09-01,East,Smartphones,Samsung Galaxy,60362.95,24.8,2,3.7,196,Cash on Delivery,1-2 days,45392.94,90785.88,September,9
ORD101159,2025-09-01,East,Accessories,TP-Link Adapter,2568.42,26.0,2,3.5,172,Cash on Delivery,5-7 days,1900.63,3801.26,September,9
ORD101070,2025-09-01,Central,Smartphones,Google Pixel,45030.71,11.2,2,4.3,169,Cash on Delivery,1-2 days,39987.27,79974.54,September,9
ORD101707,2025-09-01,East,Headphones,boAt Rockerz,3227.67,6.4,1,4.8,193,Debit Card,1-2 days,3021.1,3021.1,September,9
ORD100672,2025-09-01,West,Accessories,TP-Link Adapter,9274.82,26.5,2,3.2,178,Net Banking,1-2 days,6816.99,13633.98,September,9
ORD100289,2025-09-01,North,Smartphones,OnePlus Nord,23537.18,4.5,1,4.9,206,Cash on Delivery,1-2 days,22478.01,22478.01,September,9
ORD102409,2025-09-02,West,Accessories,TP-Link Adapter,8687.81,8.2,1,3.4,187,Cash on Delivery,3-4 days,7975.41,7975.41,September,9
ORD100933,2025-09-02,East,Accessories,HP Keyboard,7362.91,23.5,1,4.0,192,Cash on Delivery,1-2 days,5632.63,5632.63,September,9
ORD101549,2025-09-02,Central,Laptops,HP Pavilion,92987.58,28.6,2,4.4,174,Net Banking,3-4 days,66393.13,132786.26,September,9
ORD102238,2025-09-02,Central,Laptops,Acer Aspire,69890.41,7.9,4,4.0,189,Debit Card,5-7 days,64369.07,257476.28,September,9
ORD101017,2025-09-02,North,Laptops,HP Pavilion,74314.72,24.4,4,3.9,174,Cash on Delivery,5-7 days,56181.93,224727.72,September,9
ORD102245,2025-09-02,East,Accessories,Anker Charger,5818.06,23.6,2,4.1,176,UPI,3-4 days,4445.0,8890.0,September,9
ORD100644,2025-09-02,South,Smartphones,Samsung Galaxy,48754.84,20.1,1,4.8,194,Debit Card,3-4 days,38955.12,38955.12,September,9
ORD100742,2025-09-02,South,Smartphones,iPhone,17163.02,28.1,2,4.0,196,Net Banking,5-7 days,12340.21,24680.42,September,9
ORD100874,2025-09-03,West,Smartphones,Motorola Edge,66779.46,14.5,3,3.6,195,Net Banking,3-4 days,57096.44,171289.32,September,9
ORD101390,2025-09-03,East,Smartphones,Motorola Edge,82809.64,10.3,1,2.9,196,Net Banking,5-7 days,74280.25,74280.25,September,9
ORD100485,2025-09-03,West,Headphones,boAt Rockerz,3626.81,20.4,1,3.8,170,Net Banking,1-2 days,2886.94,2886.94,September,9
ORD101509,2025-09-03,North,Headphones,boAt Rockerz,18946.07,29.1,1,4.6,179,Cash on Delivery,5-7 days,13432.76,13432.76,September,9
ORD101161,2025-09-03,Central,Monitors,Acer Nitro,11211.63,0.1,1,3.7,166,UPI,3-4 days,11200.42,11200.42,September,9
ORD101792,2025-09-04,South,Monitors,Acer Nitro,42507.43,1.1,1,4.8,170,Net Banking,3-4 days,42039.85,42039.85,September,9
ORD100089,2025-09-04,North,Accessories,Logitech Mouse,742.91,21.7,3,4.3,179,Cash on Delivery,3-4 days,581.7,1745.1,September,9
ORD100630,2025-09-04,Central,Smartphones,Google Pixel,82132.58,0.6,1,3.9,185,Debit Card,3-4 days,81639.78,81639.78,September,9
ORD101417,2025-09-04,North,Laptops,HP Pavilion,98423.16,21.8,3,3.6,197,Net Banking,5-7 days,76966.91,230900.73,September,9
ORD100864,2025-09-04,South,Smartphones,OnePlus Nord,27111.24,14.8,1,4.1,156,Net Banking,3-4 days,23098.78,23098.78,September,9
ORD102214,2025-09-04,East,Accessories,Anker Charger,6812.28,23.9,3,4.4,183,,3-4 days,5184.15,15552.45,September,9
ORD100924,2025-09-04,North,Monitors,Samsung Monitor,12170.68,27.1,1,4.1,213,UPI,5-7 days,8872.43,8872.43,September,9
ORD100470,2025-09-04,South,Accessories,Anker Charger,4473.77,25.8,2,,170,UPI,3-4 days,3319.54,6639.08,September,9
ORD101653,2025-09-04,Central,Smartphones,Motorola Edge,25241.82,1.0,2,3.9,184,Debit Card,3-4 days,24989.4,49978.8,September,9
ORD100755,2025-09-05,Central,Laptops,Dell Inspiron,35715.75,22.5,2,4.3,189,Net Banking,5-7 days,27679.71,55359.42,September,9
ORD100609,2025-09-05,Central,Smartphones,Motorola Edge,54770.33,17.3,1,4.9,202,Debit Card,5-7 days,45295.06,45295.06,September,9
ORD101336,2025-09-05,West,Headphones,Noise Buds,21065.99,26.8,2,4.0,187,Credit Card,3-4 days,15420.3,30840.6,September,9
ORD100570,2025-09-05,East,Smartphones,Google Pixel,45391.48,28.3,1,4.6,200,Cash on Delivery,3-4 days,32545.69,32545.69,September,9
ORD102110,2025-09-05,East,Accessories,Anker Charger,8268.99,16.1,1,3.7,188,Net Banking,3-4 days,6937.68,6937.68,September,9
ORD102427,2025-09-05,North,Laptops,ASUS VivoBook,88317.07,4.0,1,2.8,206,Credit Card,3-4 days,84784.39,84784.39,September,9
ORD101948,2025-09-05,East,Laptops,HP Pavilion,105994.89,12.8,3,4.6,167,Net Banking,3-4 days,92427.54,277282.62,September,9
ORD101028,2025-09-06,North,Monitors,Acer Nitro,29462.61,21.3,1,3.9,187,Cash on Delivery,3-4 days,23187.07,23187.07,September,9
ORD101511,2025-09-06,Central,Monitors,LG UltraGear,50531.93,11.7,1,4.6,195,UPI,5-7 days,44619.69,44619.69,September,9
ORD101665,2025-09-06,North,Accessories,Anker Charger,649.11,12.5,1,4.0,175,UPI,3-4 days,567.97,567.97,September,9
ORD101365,2025-09-06,Central,Monitors,Dell UltraSharp,15010.94,20.1,2,4.0,166,Debit Card,3-4 days,11993.74,23987.48,September,9
ORD101191,2025-09-06,North,Laptops,Dell Inspiron,75925.15,27.8,2,4.0,199,Cash on Delivery,3-4 days,54817.96,109635.92,September,9
ORD101923,2025-09-06,South,Headphones,Apple AirPods,6908.34,24.3,2,4.5,178,Net Banking,5-7 days,5229.61,10459.22,September,9
ORD101258,2025-09-06,North,Smartphones,Samsung Galaxy,86546.15,18.3,1,4.5,195,Net Banking,5-7 days,70708.2,70708.2,September,9
ORD102021,2025-09-06,North,Accessories,Logitech Mouse,5810.06,12.9,1,3.2,172,Net Banking,1-2 days,5060.56,5060.56,September,9
ORD102250,2025-09-06,Central,Laptops,HP Pavilion,73350.43,20.3,3,4.2,151,Credit Card,1-2 days,58460.29,175380.87,September,9
ORD101623,2025-09-07,East,Headphones,Sony WH Series,4598.57,16.6,1,4.0,174,Credit Card,1-2 days,3835.21,3835.21,September,9
ORD101271,2025-09-07,North,Headphones,Sony WH Series,20751.96,23.5,1,5.0,164,Credit Card,3-4 days,15875.25,15875.25,September,9
ORD102167,2025-09-07,Central,Headphones,JBL Tune,20833.68,9.3,1,4.1,203,Cash on Delivery,5-7 days,18896.15,18896.15,September,9
ORD100266,2025-09-07,West,Monitors,Dell UltraSharp,53964.83,27.8,2,3.8,172,UPI,3-4 days,38962.61,77925.22,September,9
ORD101403,2025-09-07,North,Laptops,Lenovo IdeaPad,107336.62,12.6,1,3.6,178,Net Banking,5-7 days,93812.21,93812.21,September,9
ORD101987,2025-09-07,East,Monitors,Dell UltraSharp,21849.88,4.8,1,4.1,193,Net Banking,1-2 days,20801.09,20801.09,September,9
ORD102461,2025-09-07,Central,Accessories,HP Keyboard,7350.67,4.8,1,3.5,192,Debit Card,5-7 days,6997.84,6997.84,September,9
ORD100427,2025-09-07,West,Smartphones,iPhone,57201.42,5.0,4,3.7,174,Cash on Delivery,3-4 days,54341.35,217365.4,September,9
ORD100597,2025-09-07,South,Headphones,boAt Rockerz,7002.16,27.8,4,4.3,182,UPI,3-4 days,5055.56,20222.24,September,9
ORD100967,2025-09-07,North,Headphones,JBL Tune,17586.72,8.9,3,5.0,194,Net Banking,3-4 days,16021.5,48064.5,September,9
ORD100495,2025-09-08,Central,Smartphones,OnePlus Nord,55000.4,10.1,1,4.0,180,Credit Card,5-7 days,49445.36,49445.36,September,9
ORD100148,2025-09-08,Central,Smartphones,OnePlus Nord,70567.74,8.3,1,4.1,213,Cash on Delivery,3-4 days,64710.62,64710.62,September,9
ORD101029,2025-09-08,East,Smartphones,Google Pixel,86651.24,13.2,1,3.6,203,Net Banking,3-4 days,75213.28,75213.28,September,9
ORD102105,2025-09-08,South,Monitors,BenQ Monitor,22148.71,21.6,1,3.7,191,Debit Card,5-7 days,17364.59,17364.59,September,9
ORD101739,2025-09-08,West,Smartphones,Samsung Galaxy,85274.32,22.1,1,3.7,181,Credit Card,3-4 days,66428.7,66428.7,September,9
ORD101871,2025-09-08,East,Monitors,Dell UltraSharp,42454.35,5.2,1,3.9,172,Credit Card,3-4 days,40246.72,40246.72,September,9
ORD101691,2025-09-09,South,Laptops,Acer Aspire,86938.55,21.5,1,3.8,185,UPI,5-7 days,68246.76,68246.76,September,9
ORD102359,2025-09-09,North,Headphones,Noise Buds,2057.97,0.9,1,3.6,207,Credit Card,8+ days,2039.45,2039.45,September,9
ORD101736,2025-09-09,East,Accessories,TP-Link Adapter,9217.21,11.6,1,3.9,198,Credit Card,5-7 days,8148.01,8148.01,September,9
ORD102099,2025-09-09,West,Monitors,Dell UltraSharp,23062.3,7.5,1,3.4,194,Net Banking,5-7 days,21332.63,21332.63,September,9
ORD100786,2025-09-09,North,Accessories,HP Keyboard,2883.3,7.4,1,4.2,192,Debit Card,8+ days,2669.94,2669.94,September,9
ORD101640,2025-09-10,Central,Accessories,AmazonBasics Cable,9270.15,29.2,2,3.9,223,Net Banking,3-4 days,6563.27,13126.54,September,9
ORD101731,2025-09-10,West,Smartphones,iPhone,35834.68,5.9,5,4.1,160,Credit Card,5-7 days,33720.43,168602.15,September,9
ORD101194,2025-09-10,Central,Headphones,Noise Buds,16201.51,11.0,1,4.2,166,Credit Card,5-7 days,14419.34,14419.34,September,9
ORD100775,2025-09-10,Central,Monitors,Acer Nitro,17684.53,4.4,2,4.2,173,Cash on Delivery,3-4 days,16906.41,33812.82,September,9
ORD100724,2025-09-10,South,Monitors,LG UltraGear,25547.11,11.3,1,3.4,187,UPI,3-4 days,22660.29,22660.29,September,9
ORD101471,2025-09-10,South,Headphones,Sony WH Series,27211.89,27.0,2,4.0,183,Net Banking,3-4 days,19864.68,39729.36,September,9
ORD101557,2025-09-10,North,Headphones,Noise Buds,9562.42,19.8,2,5.0,171,Debit Card,5-7 days,7669.06,15338.12,September,9
ORD101189,2025-09-11,Central,Smartphones,Google Pixel,62935.7,24.3,2,4.6,171,Credit Card,3-4 days,47642.32,95284.64,September,9
ORD100733,2025-09-11,Central,Headphones,Sony WH Series,26072.86,15.6,4,4.3,188,Cash on Delivery,3-4 days,22005.49,88021.96,September,9
ORD100251,2025-09-11,North,Smartphones,Motorola Edge,91185.51,3.7,1,4.8,179,UPI,3-4 days,87811.65,87811.65,September,9
ORD102178,2025-09-11,South,Headphones,Sony WH Series,12215.55,15.2,5,4.1,180,UPI,1-2 days,10358.79,51793.95,September,9
ORD101292,2025-09-11,South,Laptops,ASUS VivoBook,39076.11,25.8,1,3.7,170,Debit Card,1-2 days,28994.47,28994.47,September,9
ORD100930,2025-09-11,South,Smartphones,Google Pixel,71375.22,5.1,2,3.8,174,Debit Card,3-4 days,67735.08,135470.16,September,9
ORD100361,2025-09-11,West,Smartphones,OnePlus Nord,51118.59,23.3,2,4.1,187,Debit Card,3-4 days,39207.96,78415.92,September,9
ORD101377,2025-09-11,North,Smartphones,iPhone,50445.55,8.3,1,4.3,186,Cash on Delivery,3-4 days,46258.57,46258.57,September,9
ORD100238,2025-09-12,West,Laptops,Lenovo IdeaPad,37827.33,27.7,2,4.4,193,Debit Card,3-4 days,27349.16,54698.32,September,9
ORD101205,2025-09-12,East,Smartphones,OnePlus Nord,72892.36,17.4,1,4.6,191,Credit Card,5-7 days,60209.09,60209.09,September,9
ORD102430,2025-09-12,East,Accessories,AmazonBasics Cable,2807.98,26.6,2,4.0,185,Debit Card,3-4 days,2061.06,4122.12,September,9
ORD102102,2025-09-12,Central,Headphones,JBL Tune,23649.11,26.4,3,4.3,185,Debit Card,5-7 days,17405.74,52217.22,September,9
ORD102420,2025-09-12,South,Smartphones,iPhone,61217.56,11.6,1,4.4,155,UPI,3-4 days,54116.32,54116.32,September,9
ORD101813,2025-09-12,East,Smartphones,Google Pixel,46985.43,23.4,1,4.5,178,UPI,5-7 days,35990.84,35990.84,September,9
ORD100040,2025-09-12,West,Smartphones,Samsung Galaxy,29297.16,0.5,3,4.7,201,Debit Card,5-7 days,29150.67,87452.01,September,9
ORD101140,2025-09-12,North,Headphones,JBL Tune,11087.07,14.4,2,4.9,183,Debit Card,5-7 days,9490.53,18981.06,September,9
ORD102426,2025-09-13,West,Accessories,Anker Charger,1896.64,16.9,1,4.1,196,Debit Card,3-4 days,1576.11,1576.11,September,9
ORD100558,2025-09-13,West,Laptops,Lenovo IdeaPad,70653.94,18.9,1,4.3,188,Cash on Delivery,3-4 days,57300.35,57300.35,September,9
ORD101663,2025-09-13,East,Accessories,TP-Link Adapter,4200.4,11.8,1,4.8,176,UPI,3-4 days,3704.75,3704.75,September,9
ORD101630,2025-09-14,West,Smartphones,Motorola Edge,67829.48,23.0,1,3.4,181,Credit Card,8+ days,52228.7,52228.7,September,9
ORD102485,2025-09-14,Central,Smartphones,iPhone,40727.01,5.4,1,3.5,184,Debit Card,5-7 days,38527.75,38527.75,September,9
ORD102190,2025-09-14,West,Headphones,Apple AirPods,15548.12,16.6,1,4.5,201,Credit Card,3-4 days,12967.13,12967.13,September,9
ORD101456,2025-09-15,Central,Accessories,HP Keyboard,5890.71,15.7,3,4.2,190,Credit Card,3-4 days,4965.87,14897.61,September,9
ORD101238,2025-09-15,North,Smartphones,OnePlus Nord,18499.04,9.8,1,5.0,172,Credit Card,1-2 days,16686.13,16686.13,September,9
ORD102207,2025-09-15,South,Smartphones,iPhone,57623.82,13.5,2,4.2,164,UPI,3-4 days,49844.6,99689.2,September,9
ORD101101,2025-09-15,West,Laptops,Acer Aspire,82328.7,20.4,1,4.4,188,Credit Card,3-4 days,65533.65,65533.65,September,9
ORD100503,2025-09-16,South,Smartphones,OnePlus Nord,69783.97,27.9,1,3.2,187,Cash on Delivery,3-4 days,50314.24,50314.24,September,9
ORD100676,2025-09-16,West,Accessories,Logitech Mouse,3447.92,25.3,5,4.0,167,UPI,1-2 days,2575.6,12878.0,September,9
ORD100573,2025-09-16,North,Smartphones,OnePlus Nord,71683.28,29.9,5,4.7,174,Net Banking,1-2 days,50249.98,251249.9,September,9
ORD100392,2025-09-16,West,Smartphones,OnePlus Nord,84758.95,15.5,2,3.4,175,Credit Card,5-7 days,71621.31,143242.62,September,9
ORD102200,2025-09-17,North,Smartphones,iPhone,85607.79,16.0,2,4.4,183,Cash on Delivery,3-4 days,71910.54,143821.08,September,9
ORD101455,2025-09-17,West,Laptops,Dell Inspiron,48716.98,20.3,3,4.9,186,Credit Card,3-4 days,38827.43,116482.29,September,9
ORD100680,2025-09-17,East,Accessories,HP Keyboard,9568.26,3.0,2,3.7,180,Cash on Delivery,5-7 days,9281.21,18562.42,September,9
ORD102084,2025-09-17,East,Accessories,Anker Charger,5009.85,10.5,3,3.6,165,Cash on Delivery,1-2 days,4483.82,13451.46,September,9
ORD101341,2025-09-17,West,Smartphones,Google Pixel,28569.19,10.9,1,4.6,177,Net Banking,3-4 days,25455.15,25455.15,September,9
ORD102278,2025-09-17,East,Smartphones,iPhone,24288.96,2.7,5,4.6,198,Credit Card,3-4 days,23633.16,118165.8,September,9
ORD100016,2025-09-18,Central,Laptops,Acer Aspire,40053.27,29.9,2,4.0,194,Cash on Delivery,3-4 days,28077.34,56154.68,September,9
ORD100469,2025-09-18,West,Laptops,Dell Inspiron,99166.33,28.0,1,4.1,181,Credit Card,5-7 days,71399.76,71399.76,September,9
ORD102184,2025-09-18,South,Smartphones,OnePlus Nord,82654.68,12.1,1,2.9,171,Credit Card,1-2 days,72653.46,72653.46,September,9
ORD100528,2025-09-18,South,Smartphones,iPhone,23318.74,18.1,2,3.8,178,Debit Card,3-4 days,19098.05,38196.1,September,9
ORD101088,2025-09-18,South,Laptops,Dell Inspiron,108729.85,18.8,1,3.7,174,Cash on Delivery,3-4 days,88288.64,88288.64,September,9
ORD101684,2025-09-18,West,Monitors,BenQ Monitor,44294.84,22.4,1,4.8,181,UPI,3-4 days,34372.8,34372.8,September,9
ORD100072,2025-09-18,Central,Laptops,HP Pavilion,62522.11,13.6,2,3.8,200,UPI,3-4 days,54019.1,108038.2,September,9
ORD102172,2025-09-18,East,Laptops,Dell Inspiron,56266.1,25.3,3,4.2,188,Credit Card,8+ days,42030.78,126092.34,September,9
ORD101609,2025-09-18,South,Laptops,Acer Aspire,85022.43,14.0,1,4.1,177,Net Banking,1-2 days,73119.29,73119.29,September,9
ORD101046,2025-09-18,East,Headphones,Apple AirPods,3358.85,7.1,2,3.5,195,Debit Card,3-4 days,3120.37,6240.74,September,9
ORD102059,2025-09-19,Central,Headphones,Apple AirPods,15687.66,21.2,1,4.1,173,UPI,5-7 days,12361.88,12361.88,September,9
ORD101226,2025-09-19,North,Headphones,Apple AirPods,14650.11,20.0,3,4.2,189,Credit Card,3-4 days,11720.09,35160.27,September,9
ORD101180,2025-09-19,North,Headphones,boAt Rockerz,27296.76,0.1,1,4.2,175,UPI,3-4 days,27269.46,27269.46,September,9
ORD100051,2025-09-19,Central,Accessories,HP Keyboard,3887.43,0.6,1,4.4,180,Credit Card,3-4 days,3864.11,3864.11,September,9
ORD101905,2025-09-19,East,Monitors,Acer Nitro,42585.99,0.2,2,3.9,169,Credit Card,1-2 days,42500.82,85001.64,September,9
ORD100476,2025-09-19,North,Accessories,Anker Charger,1527.47,15.1,2,4.3,185,UPI,8+ days,1296.82,2593.64,September,9
ORD100904,2025-09-20,West,Headphones,boAt Rockerz,16247.91,9.4,1,3.8,166,UPI,5-7 days,14720.61,14720.61,September,9
ORD101799,2025-09-20,North,Laptops,HP Pavilion,86375.46,7.1,2,4.5,159,Cash on Delivery,3-4 days,80242.8,160485.6,September,9
ORD101441,2025-09-20,North,Accessories,Logitech Mouse,1823.37,22.8,2,4.4,174,UPI,3-4 days,1407.64,2815.28,September,9
ORD100141,2025-09-20,North,Accessories,AmazonBasics Cable,5033.4,25.9,3,4.1,174,Credit Card,3-4 days,3729.75,11189.25,September,9
ORD101089,2025-09-20,Central,Accessories,Logitech Mouse,5192.8,20.5,2,3.4,184,Cash on Delivery,3-4 days,4128.28,8256.56,September,9
ORD101344,2025-09-20,South,Monitors,LG UltraGear,15693.8,21.1,3,4.3,181,Debit Card,5-7 days,12382.41,37147.23,September,9
ORD102294,2025-09-21,South,Smartphones,Google Pixel,54220.77,18.1,3,4.1,176,Cash on Delivery,3-4 days,44406.81,133220.43,September,9
ORD102500,2025-09-21,East,Smartphones,iPhone,73421.48,14.7,2,3.4,205,Debit Card,1-2 days,62628.52,125257.04,September,9
ORD100629,2025-09-21,North,Laptops,Lenovo IdeaPad,58716.13,23.4,1,3.7,185,Credit Card,3-4 days,44976.56,44976.56,September,9
ORD100242,2025-09-21,East,Accessories,HP Keyboard,3154.73,12.3,2,4.8,195,Net Banking,5-7 days,2766.7,5533.4,September,9
ORD101042,2025-09-21,North,Monitors,Dell UltraSharp,45298.42,11.9,4,4.1,199,UPI,3-4 days,39907.91,159631.64,September,9
ORD100542,2025-09-21,South,Headphones,JBL Tune,9490.93,10.5,2,4.1,162,UPI,1-2 days,8494.38,16988.76,September,9
ORD100804,2025-09-22,West,Headphones,boAt Rockerz,24833.04,25.6,5,5.0,210,Cash on Delivery,1-2 days,18475.78,92378.9,September,9
ORD100435,2025-09-22,North,Laptops,HP Pavilion,69815.3,8.7,1,5.0,182,Debit Card,5-7 days,63741.37,63741.37,September,9
ORD102139,2025-09-22,East,Laptops,Acer Aspire,76978.81,16.7,1,4.2,201,UPI,3-4 days,64123.35,64123.35,September,9
ORD102401,2025-09-22,South,Smartphones,Samsung Galaxy,26290.0,18.5,1,4.2,183,,8+ days,21426.35,21426.35,September,9
ORD100034,2025-09-22,Central,Accessories,Logitech Mouse,6794.4,13.9,1,4.5,180,Cash on Delivery,3-4 days,5849.98,5849.98,September,9
ORD102234,2025-09-23,Central,Accessories,TP-Link Adapter,9647.47,24.2,4,4.7,212,Credit Card,3-4 days,7312.78,29251.12,September,9
ORD100291,2025-09-23,Central,Laptops,Acer Aspire,71213.85,23.1,1,4.2,200,Net Banking,3-4 days,54763.45,54763.45,September,9
ORD100791,2025-09-23,East,Laptops,ASUS VivoBook,105902.87,18.5,4,3.4,189,Credit Card,3-4 days,86310.84,345243.36,September,9
ORD101182,2025-09-23,Central,Smartphones,Motorola Edge,81141.84,3.3,1,4.6,158,Net Banking,3-4 days,78464.16,78464.16,September,9
ORD100938,2025-09-23,East,Accessories,Anker Charger,8780.07,7.3,1,4.2,183,Credit Card,3-4 days,8139.12,8139.12,September,9
ORD100957,2025-09-23,East,Smartphones,Samsung Galaxy,83897.33,0.6,1,4.0,166,UPI,8+ days,83393.95,83393.95,September,9
ORD101510,2025-09-23,South,Monitors,Samsung Monitor,53198.15,2.8,1,4.6,187,UPI,1-2 days,51708.6,51708.6,September,9
ORD100200,2025-09-23,East,Monitors,Samsung Monitor,26315.09,29.2,1,5.0,186,Credit Card,1-2 days,18631.08,18631.08,September,9
ORD100996,2025-09-23,South,Laptops,Dell Inspiron,102480.73,24.1,2,4.4,168,UPI,3-4 days,77782.87,155565.74,September,9
ORD100397,2025-09-23,Central,Accessories,HP Keyboard,8957.25,5.8,1,4.8,183,Debit Card,5-7 days,8437.73,8437.73,September,9
ORD101221,2025-09-23,East,Accessories,TP-Link Adapter,1835.62,19.8,1,4.7,174,UPI,5-7 days,1472.17,1472.17,September,9
ORD100980,2025-09-24,North,Headphones,Noise Buds,14005.28,9.1,1,3.7,198,Cash on Delivery,3-4 days,12730.8,12730.8,September,9
ORD101203,2025-09-24,Central,Laptops,Dell Inspiron,66761.15,10.3,1,3.7,195,UPI,5-7 days,59884.75,59884.75,September,9
ORD100103,2025-09-24,West,Smartphones,Motorola Edge,20093.14,17.5,1,4.2,188,UPI,1-2 days,16576.84,16576.84,September,9
ORD101865,2025-09-24,East,Accessories,Anker Charger,5329.38,0.2,1,3.5,167,Credit Card,1-2 days,5318.72,5318.72,September,9
ORD102300,2025-09-24,East,Smartphones,Motorola Edge,78412.67,18.5,1,3.9,200,Debit Card,5-7 days,63906.33,63906.33,September,9
ORD101038,2025-09-25,South,Monitors,Samsung Monitor,48477.51,9.8,2,4.3,202,Net Banking,3-4 days,43726.71,87453.42,September,9
ORD101699,2025-09-25,Central,Accessories,AmazonBasics Cable,7915.44,24.7,1,4.2,213,Debit Card,1-2 days,5960.33,5960.33,September,9
ORD101151,2025-09-25,North,Headphones,Sony WH Series,9838.23,6.0,2,4.0,186,Debit Card,5-7 days,9247.94,18495.88,September,9
ORD101475,2025-09-25,West,Smartphones,Samsung Galaxy,22423.31,10.0,2,3.6,175,UPI,3-4 days,20180.98,40361.96,September,9
ORD100448,2025-09-26,South,Monitors,LG UltraGear,37204.99,20.9,1,5.0,178,Net Banking,5-7 days,29429.15,29429.15,September,9
ORD101688,2025-09-26,East,Smartphones,iPhone,77482.45,6.4,4,3.9,181,Debit Card,1-2 days,72523.57,290094.28,September,9
ORD101231,2025-09-26,North,Accessories,TP-Link Adapter,3112.74,21.5,1,4.5,163,Cash on Delivery,3-4 days,2443.5,2443.5,September,9
ORD100546,2025-09-26,North,Smartphones,Motorola Edge,38227.76,25.0,3,3.9,209,Net Banking,3-4 days,28670.82,86012.46,September,9
ORD101334,2025-09-27,West,Accessories,HP Keyboard,3762.09,25.0,1,4.3,185,Debit Card,3-4 days,2821.57,2821.57,September,9
ORD100716,2025-09-27,South,Accessories,Anker Charger,1745.06,15.5,1,3.7,205,Net Banking,3-4 days,1474.58,1474.58,September,9
ORD101493,2025-09-27,East,Laptops,ASUS VivoBook,50490.08,1.5,1,3.6,171,Debit Card,3-4 days,49732.73,49732.73,September,9
ORD100681,2025-09-28,Central,Monitors,LG UltraGear,51251.99,1.0,1,4.8,189,Credit Card,1-2 days,50739.47,50739.47,September,9
ORD101331,2025-09-28,East,Headphones,Sony WH Series,6739.58,25.0,3,4.5,181,Net Banking,5-7 days,5054.68,15164.04,September,9
ORD101375,2025-09-28,South,Smartphones,OnePlus Nord,32778.24,17.3,1,3.9,176,Net Banking,3-4 days,27107.6,27107.6,September,9
ORD101778,2025-09-28,South,Smartphones,OnePlus Nord,42853.34,4.7,1,5.0,171,Debit Card,1-2 days,40839.23,40839.23,September,9
ORD102354,2025-09-28,South,Accessories,Anker Charger,3206.68,14.8,1,4.2,188,UPI,3-4 days,2732.09,2732.09,September,9
ORD102198,2025-09-28,Central,Accessories,Logitech Mouse,4951.72,23.7,2,4.4,174,Credit Card,3-4 days,3778.16,7556.32,September,9
ORD100047,2025-09-28,East,Smartphones,Google Pixel,86967.56,7.3,3,4.4,178,Cash on Delivery,1-2 days,80618.93,241856.79,September,9
ORD101602,2025-09-29,West,Smartphones,iPhone,43821.19,29.6,2,4.8,215,Credit Card,1-2 days,30850.12,61700.24,September,9
ORD101767,2025-09-29,Central,Monitors,BenQ Monitor,33631.39,5.5,1,4.0,182,Debit Card,3-4 days,31781.66,31781.66,September,9
ORD101848,2025-09-29,Central,Laptops,Lenovo IdeaPad,39508.14,20.8,1,3.9,176,Credit Card,8+ days,31290.45,31290.45,September,9
ORD100869,2025-09-29,Central,Accessories,AmazonBasics Cable,6716.29,17.1,1,3.9,190,Credit Card,5-7 days,5567.8,5567.8,September,9
ORD101467,2025-09-29,West,Accessories,AmazonBasics Cable,970.37,0.5,2,3.8,197,Cash on Delivery,3-4 days,965.52,1931.04,September,9
ORD101926,2025-09-30,East,Laptops,HP Pavilion,81678.19,24.8,1,,205,UPI,1-2 days,61422.0,61422.0,September,9
ORD102466,2025-09-30,South,Laptops,Acer Aspire,38021.1,0.1,2,3.4,167,UPI,1-2 days,37983.08,75966.16,September,9
ORD102118,2025-09-30,North,Headphones,JBL Tune,12923.81,10.8,3,3.9,172,UPI,8+ days,11528.04,34584.12,September,9
ORD101855,2025-09-30,South,Accessories,Anker Charger,7321.97,4.6,1,3.7,168,Net Banking,3-4 days,6985.16,6985.16,September,9
ORD102497,2025-09-30,South,Headphones,Noise Buds,3311.21,8.3,3,4.2,191,Debit Card,5-7 days,3036.38,9109.14,September,9
ORD101356,2025-10-01,West,Accessories,AmazonBasics Cable,777.11,8.3,3,3.7,210,UPI,1-2 days,712.61,2137.83,October,10
ORD100539,2025-10-01,East,Smartphones,Motorola Edge,17786.71,24.6,1,3.7,203,Debit Card,3-4 days,13411.18,13411.18,October,10
ORD100900,2025-10-01,North,Laptops,Acer Aspire,35509.74,13.1,1,4.2,200,Net Banking,1-2 days,30857.96,30857.96,October,10
ORD102151,2025-10-01,North,Smartphones,Google Pixel,84484.8,0.9,2,5.0,189,Net Banking,3-4 days,83724.44,167448.88,October,10
ORD101990,2025-10-01,East,Monitors,BenQ Monitor,18505.59,27.8,1,3.9,197,Debit Card,3-4 days,13361.04,13361.04,October,10
ORD101480,2025-10-02,North,Smartphones,Google Pixel,56531.63,16.6,4,3.7,184,Net Banking,1-2 days,47147.38,188589.52,October,10
ORD100518,2025-10-03,West,Monitors,BenQ Monitor,14708.94,24.9,3,,185,Net Banking,3-4 days,11046.41,33139.23,October,10
ORD100149,2025-10-03,Central,Laptops,HP Pavilion,104164.39,27.1,2,3.6,195,Cash on Delivery,5-7 days,75935.84,151871.68,October,10
ORD101830,2025-10-03,Central,Smartphones,Motorola Edge,26552.74,15.8,1,3.7,176,Cash on Delivery,3-4 days,22357.41,22357.41,October,10
ORD102476,2025-10-03,West,Accessories,Logitech Mouse,4828.44,6.3,5,4.7,187,Debit Card,5-7 days,4524.25,22621.25,October,10
ORD101996,2025-10-03,South,Headphones,Apple AirPods,22720.4,18.5,3,4.6,195,Credit Card,3-4 days,18517.13,55551.39,October,10
ORD102404,2025-10-03,North,Smartphones,iPhone,57602.57,0.9,2,4.6,176,Net Banking,1-2 days,57084.15,114168.3,October,10
ORD100192,2025-10-03,East,Accessories,Logitech Mouse,937.6,2.1,1,4.3,190,Debit Card,3-4 days,917.91,917.91,October,10
ORD100194,2025-10-04,West,Headphones,JBL Tune,20231.0,23.4,1,3.4,196,Debit Card,1-2 days,15496.95,15496.95,October,10
ORD100635,2025-10-04,Central,Laptops,Lenovo IdeaPad,81910.85,5.7,1,4.8,194,Net Banking,3-4 days,77241.93,77241.93,October,10
ORD100358,2025-10-04,North,Headphones,JBL Tune,23068.15,20.5,2,4.2,203,Debit Card,3-4 days,18339.18,36678.36,October,10
ORD102002,2025-10-04,West,Smartphones,Samsung Galaxy,91662.05,16.0,3,3.9,167,UPI,1-2 days,76996.12,230988.36,October,10
ORD101650,2025-10-05,Central,Headphones,Sony WH Series,14447.47,6.6,2,4.2,204,Debit Card,5-7 days,13493.94,26987.88,October,10
ORD100449,2025-10-05,East,Smartphones,OnePlus Nord,78864.98,8.7,1,3.2,178,Cash on Delivery,3-4 days,72003.73,72003.73,October,10
ORD100007,2025-10-05,Central,Laptops,Acer Aspire,54180.78,18.5,1,4.5,173,Debit Card,5-7 days,44157.34,44157.34,October,10
ORD101664,2025-10-05,South,Smartphones,iPhone,32008.34,20.6,1,3.7,188,Net Banking,3-4 days,25414.62,25414.62,October,10
ORD100674,2025-10-05,East,Headphones,boAt Rockerz,2134.59,3.8,1,4.3,180,Credit Card,1-2 days,2053.48,2053.48,October,10
ORD100814,2025-10-05,North,Accessories,Anker Charger,7272.38,19.9,1,3.7,183,Net Banking,1-2 days,5825.18,5825.18,October,10
ORD101898,2025-10-05,North,Laptops,ASUS VivoBook,94800.26,22.0,1,3.8,204,UPI,1-2 days,73944.2,73944.2,October,10
ORD101385,2025-10-05,North,Headphones,Sony WH Series,14410.71,25.5,1,,180,Net Banking,3-4 days,10735.98,10735.98,October,10
ORD101357,2025-10-05,North,Accessories,Logitech Mouse,5641.76,15.0,1,4.3,198,Net Banking,5-7 days,4795.5,4795.5,October,10
ORD100230,2025-10-06,North,Headphones,JBL Tune,22485.83,13.2,2,4.4,186,Debit Card,1-2 days,19517.7,39035.4,October,10
ORD101329,2025-10-06,East,Headphones,boAt Rockerz,26600.9,13.1,2,3.5,185,Debit Card,1-2 days,23116.18,46232.36,October,10
ORD101297,2025-10-06,West,Laptops,ASUS VivoBook,93987.93,5.2,2,3.6,199,Net Banking,3-4 days,89100.56,178201.12,October,10
ORD102096,2025-10-06,West,Monitors,BenQ Monitor,36147.86,12.1,1,4.1,192,Debit Card,3-4 days,31773.97,31773.97,October,10
ORD101280,2025-10-06,West,Smartphones,OnePlus Nord,55303.87,14.4,1,3.6,195,Debit Card,5-7 days,47340.11,47340.11,October,10
ORD102033,2025-10-06,East,Smartphones,iPhone,33472.52,29.9,2,3.6,194,Net Banking,5-7 days,23464.24,46928.48,October,10
ORD100191,2025-10-06,West,Laptops,HP Pavilion,55765.25,26.2,2,4.7,188,Credit Card,5-7 days,41154.75,82309.5,October,10
ORD101222,2025-10-06,North,Laptops,HP Pavilion,66858.75,21.9,2,4.7,210,Net Banking,5-7 days,52216.68,104433.36,October,10
ORD101632,2025-10-06,Central,Smartphones,Samsung Galaxy,72157.32,15.0,1,3.4,162,UPI,3-4 days,61333.72,61333.72,October,10
ORD102324,2025-10-07,East,Smartphones,iPhone,39472.33,7.5,1,3.2,191,Debit Card,3-4 days,36511.91,36511.91,October,10
ORD102432,2025-10-07,East,Monitors,BenQ Monitor,13282.93,13.1,1,4.0,187,Debit Card,3-4 days,11542.87,11542.87,October,10
ORD101373,2025-10-07,Central,Accessories,Logitech Mouse,1275.96,5.3,1,3.7,187,Net Banking,3-4 days,1208.33,1208.33,October,10
ORD100351,2025-10-07,North,Smartphones,Motorola Edge,47357.79,8.9,2,4.2,174,UPI,5-7 days,43142.95,86285.9,October,10
ORD100601,2025-10-07,West,Laptops,Lenovo IdeaPad,66435.21,2.8,2,3.5,182,Debit Card,1-2 days,64575.02,129150.04,October,10
ORD101785,2025-10-07,Central,Headphones,Sony WH Series,15712.7,8.5,1,4.1,192,Credit Card,5-7 days,14377.12,14377.12,October,10
ORD101909,2025-10-07,West,Smartphones,Google Pixel,27012.59,3.2,1,4.0,184,UPI,3-4 days,26148.19,26148.19,October,10
ORD102132,2025-10-08,East,Laptops,ASUS VivoBook,65655.78,24.5,4,3.9,204,Credit Card,3-4 days,49570.11,198280.44,October,10
ORD100491,2025-10-08,Central,Smartphones,Google Pixel,77488.9,14.8,2,3.4,182,Debit Card,1-2 days,66020.54,132041.08,October,10
ORD101544,2025-10-08,Central,Smartphones,Google Pixel,87392.82,8.8,2,4.0,202,Debit Card,5-7 days,79702.25,159404.5,October,10
ORD101102,2025-10-08,South,Accessories,Logitech Mouse,737.35,29.5,2,4.5,190,Debit Card,3-4 days,519.83,1039.66,October,10
ORD100665,2025-10-09,East,Laptops,HP Pavilion,71608.82,8.2,1,4.1,198,Cash on Delivery,3-4 days,65736.9,65736.9,October,10
ORD100383,2025-10-09,Central,Headphones,boAt Rockerz,11073.76,15.1,4,4.3,189,Debit Card,3-4 days,9401.62,37606.48,October,10
ORD100831,2025-10-09,Central,Laptops,HP Pavilion,100038.3,7.5,1,3.6,175,Cash on Delivery,3-4 days,92535.43,92535.43,October,10
ORD102283,2025-10-09,North,Smartphones,Samsung Galaxy,56439.31,1.9,3,3.6,208,Net Banking,3-4 days,55366.96,166100.88,October,10
ORD100837,2025-10-09,East,Accessories,HP Keyboard,1727.63,19.8,2,3.8,201,UPI,3-4 days,1385.56,2771.12,October,10
ORD100006,2025-10-09,West,Laptops,ASUS VivoBook,57181.07,22.0,5,3.7,176,Credit Card,1-2 days,44601.23,223006.15,October,10
ORD100526,2025-10-09,North,Smartphones,Google Pixel,45854.84,7.2,1,3.9,177,Credit Card,3-4 days,42553.29,42553.29,October,10
ORD102433,2025-10-09,Central,Accessories,Logitech Mouse,4947.35,10.6,3,4.0,168,Cash on Delivery,3-4 days,4422.93,13268.79,October,10
ORD100028,2025-10-09,South,Smartphones,iPhone,37630.59,4.1,3,4.3,195,Credit Card,5-7 days,36087.74,108263.22,October,10
ORD101529,2025-10-09,South,Monitors,Acer Nitro,30829.04,29.1,2,4.0,184,Debit Card,3-4 days,21857.79,43715.58,October,10
ORD101404,2025-10-09,West,Monitors,Samsung Monitor,22314.07,23.5,1,4.2,145,Cash on Delivery,1-2 days,17070.26,17070.26,October,10
ORD101689,2025-10-09,East,Headphones,Apple AirPods,20835.42,19.1,5,4.3,187,Credit Card,1-2 days,16855.85,84279.25,October,10
ORD101047,2025-10-09,North,Laptops,Lenovo IdeaPad,51725.74,24.6,1,3.3,190,UPI,5-7 days,39001.21,39001.21,October,10
ORD101545,2025-10-09,East,Accessories,TP-Link Adapter,6243.45,2.4,1,4.9,199,Debit Card,3-4 days,6093.61,6093.61,October,10
ORD102473,2025-10-10,West,Accessories,Logitech Mouse,2016.51,25.0,1,4.1,204,Credit Card,3-4 days,1512.38,1512.38,October,10
ORD101520,2025-10-10,West,Accessories,Logitech Mouse,922.84,24.5,3,4.3,196,Credit Card,3-4 days,696.74,2090.22,October,10
ORD101818,2025-10-10,West,Monitors,BenQ Monitor,50414.36,23.5,2,4.6,188,UPI,8+ days,38566.99,77133.98,October,10
ORD101757,2025-10-10,North,Accessories,Logitech Mouse,6264.53,8.4,1,3.1,193,Cash on Delivery,3-4 days,5738.31,5738.31,October,10
ORD100095,2025-10-10,West,Monitors,Dell UltraSharp,36598.52,9.3,2,4.0,164,UPI,3-4 days,33194.86,66389.72,October,10
ORD102138,2025-10-11,South,Monitors,BenQ Monitor,42553.11,7.2,3,4.9,201,Cash on Delivery,1-2 days,39489.29,118467.87,October,10
ORD101941,2025-10-11,East,Laptops,ASUS VivoBook,101239.48,19.2,1,4.3,177,Credit Card,3-4 days,81801.5,81801.5,October,10
ORD101212,2025-10-11,West,Smartphones,Samsung Galaxy,42369.64,9.7,1,3.3,211,Net Banking,1-2 days,38259.78,38259.78,October,10
ORD102289,2025-10-11,Central,Smartphones,Samsung Galaxy,26911.53,8.1,4,4.1,194,Cash on Delivery,3-4 days,24731.7,98926.8,October,10
ORD102493,2025-10-12,South,Monitors,Acer Nitro,41619.85,24.7,3,3.3,189,Net Banking,5-7 days,31339.75,94019.25,October,10
ORD100605,2025-10-12,North,Laptops,Dell Inspiron,47344.95,11.2,1,3.4,175,Net Banking,5-7 days,42042.32,42042.32,October,10
ORD102003,2025-10-12,North,Accessories,Logitech Mouse,6923.49,3.0,2,4.0,175,Net Banking,1-2 days,6715.79,13431.58,October,10
ORD101464,2025-10-12,Central,Headphones,Noise Buds,8624.02,1.1,2,4.8,177,Net Banking,3-4 days,8529.16,17058.32,October,10
ORD101851,2025-10-12,Central,Smartphones,OnePlus Nord,27993.36,6.7,1,4.2,198,Net Banking,5-7 days,26117.8,26117.8,October,10
ORD102302,2025-10-12,North,Headphones,boAt Rockerz,23382.59,29.7,3,4.6,168,Credit Card,5-7 days,16437.96,49313.88,October,10
ORD102226,2025-10-12,East,Smartphones,Samsung Galaxy,48012.71,5.7,3,3.8,195,Credit Card,1-2 days,45275.99,135827.97,October,10
ORD100422,2025-10-12,East,Monitors,Acer Nitro,47315.12,22.6,3,5.0,169,Cash on Delivery,1-2 days,36621.9,109865.7,October,10
ORD101969,2025-10-12,North,Smartphones,Samsung Galaxy,34987.23,13.8,2,4.6,200,Cash on Delivery,3-4 days,30158.99,60317.98,October,10
ORD100130,2025-10-13,North,Smartphones,Samsung Galaxy,83353.41,19.7,1,4.1,204,UPI,5-7 days,66932.79,66932.79,October,10
ORD100159,2025-10-13,East,Laptops,Acer Aspire,52480.46,9.7,1,4.8,205,Net Banking,3-4 days,47389.86,47389.86,October,10
ORD100776,2025-10-13,South,Laptops,Lenovo IdeaPad,66080.63,25.7,2,4.2,174,UPI,8+ days,49097.91,98195.82,October,10
ORD102091,2025-10-13,Central,Monitors,Dell UltraSharp,36850.45,24.1,3,4.2,172,Cash on Delivery,3-4 days,27969.49,83908.47,October,10
ORD102484,2025-10-13,West,Laptops,Acer Aspire,64038.75,28.5,1,4.8,180,,3-4 days,45787.71,45787.71,October,10
ORD100766,2025-10-13,South,Headphones,boAt Rockerz,21521.72,25.6,1,4.8,227,Credit Card,3-4 days,16012.16,16012.16,October,10
ORD102093,2025-10-13,South,Laptops,ASUS VivoBook,85461.94,1.3,1,3.8,179,UPI,3-4 days,84350.93,84350.93,October,10
ORD101783,2025-10-13,North,Smartphones,Motorola Edge,25580.17,16.6,2,4.0,179,Credit Card,5-7 days,21333.86,42667.72,October,10
ORD100144,2025-10-13,East,Smartphones,Google Pixel,89396.58,18.3,1,5.0,169,Credit Card,1-2 days,73037.01,73037.01,October,10
ORD100782,2025-10-13,West,Headphones,JBL Tune,18753.77,20.1,1,4.0,191,Net Banking,1-2 days,14984.26,14984.26,October,10
ORD100912,2025-10-14,Central,Smartphones,Motorola Edge,12644.63,29.3,2,3.5,180,Cash on Delivery,3-4 days,8939.75,17879.5,October,10
ORD101803,2025-10-14,North,Smartphones,OnePlus Nord,47382.71,21.1,1,4.6,197,Cash on Delivery,1-2 days,37384.96,37384.96,October,10
ORD102313,2025-10-14,East,Smartphones,Google Pixel,89618.16,4.1,3,4.3,192,UPI,3-4 days,85943.82,257831.46,October,10
ORD102269,2025-10-14,East,Laptops,Dell Inspiron,65771.96,23.9,1,4.5,182,Net Banking,5-7 days,50052.46,50052.46,October,10
ORD102382,2025-10-14,South,Accessories,TP-Link Adapter,6474.29,0.3,1,4.3,174,Debit Card,3-4 days,6454.87,6454.87,October,10
ORD102004,2025-10-15,Central,Smartphones,Motorola Edge,87343.32,26.2,1,3.8,190,Debit Card,3-4 days,64459.37,64459.37,October,10
ORD100657,2025-10-15,South,Smartphones,Motorola Edge,53945.32,8.7,1,4.8,205,UPI,3-4 days,49252.08,49252.08,October,10
ORD100759,2025-10-15,West,Accessories,Logitech Mouse,567.85,28.0,2,4.1,201,Debit Card,3-4 days,408.85,817.7,October,10
ORD100341,2025-10-15,South,Smartphones,Motorola Edge,88698.06,19.6,2,4.1,214,Debit Card,1-2 days,71313.24,142626.48,October,10
ORD100752,2025-10-15,North,Accessories,Logitech Mouse,7296.12,9.0,2,5.0,183,Net Banking,5-7 days,6639.47,13278.94,October,10
ORD101595,2025-10-15,Central,Monitors,BenQ Monitor,31703.01,29.4,3,4.8,203,Credit Card,1-2 days,22382.33,67146.99,October,10
ORD100386,2025-10-15,West,Monitors,Dell UltraSharp,35751.95,14.9,4,3.8,182,Net Banking,3-4 days,30424.91,121699.64,October,10
ORD100552,2025-10-15,North,Accessories,Anker Charger,3583.79,21.2,1,3.5,188,Net Banking,3-4 days,2824.03,2824.03,October,10
ORD100833,2025-10-15,East,Laptops,HP Pavilion,52753.65,15.4,1,3.6,167,UPI,1-2 days,44629.59,44629.59,October,10
ORD100705,2025-10-15,North,Laptops,HP Pavilion,99917.84,1.6,1,4.4,203,UPI,3-4 days,98319.15,98319.15,October,10
ORD100360,2025-10-15,South,Headphones,JBL Tune,6763.01,15.1,3,3.4,144,UPI,5-7 days,5741.8,17225.4,October,10
ORD101856,2025-10-15,North,Smartphones,OnePlus Nord,60260.68,23.8,3,4.1,198,UPI,1-2 days,45918.64,137755.92,October,10
ORD101972,2025-10-15,Central,Monitors,Samsung Monitor,19957.63,16.8,3,4.7,178,Cash on Delivery,5-7 days,16604.75,49814.25,October,10
ORD101561,2025-10-16,North,Smartphones,Motorola Edge,39287.09,9.4,1,3.7,203,UPI,3-4 days,35594.1,35594.1,October,10
ORD100773,2025-10-16,North,Laptops,ASUS VivoBook,38529.38,28.0,1,3.8,190,UPI,3-4 days,27741.15,27741.15,October,10
ORD101503,2025-10-16,Central,Laptops,HP Pavilion,103815.87,3.2,2,3.1,183,Cash on Delivery,1-2 days,100493.76,200987.52,October,10
ORD101982,2025-10-16,South,Monitors,LG UltraGear,47690.94,20.7,1,4.4,170,Debit Card,3-4 days,37818.92,37818.92,October,10
ORD102219,2025-10-16,Central,Accessories,TP-Link Adapter,1857.04,12.4,1,3.7,176,Credit Card,3-4 days,1626.77,1626.77,October,10
ORD101809,2025-10-17,West,Laptops,HP Pavilion,52811.45,17.5,3,3.9,198,Debit Card,3-4 days,43569.45,130708.35,October,10
ORD100186,2025-10-17,North,Headphones,Noise Buds,24747.55,13.2,4,4.2,175,UPI,1-2 days,21480.87,85923.48,October,10
ORD100065,2025-10-17,Central,Smartphones,Samsung Galaxy,39270.33,17.7,1,4.3,190,Cash on Delivery,5-7 days,32319.48,32319.48,October,10
ORD101790,2025-10-17,East,Smartphones,OnePlus Nord,85757.3,18.2,2,4.3,179,Debit Card,3-4 days,70149.47,140298.94,October,10
ORD100223,2025-10-19,South,Laptops,HP Pavilion,43102.17,20.9,3,4.6,176,UPI,5-7 days,34093.82,102281.46,October,10
ORD101878,2025-10-19,Central,Smartphones,OnePlus Nord,88256.03,15.8,1,4.2,166,Credit Card,5-7 days,74311.58,74311.58,October,10
ORD100940,2025-10-19,Central,Headphones,Sony WH Series,13998.59,17.6,1,4.2,190,Cash on Delivery,1-2 days,11534.84,11534.84,October,10
ORD100863,2025-10-19,East,Headphones,Sony WH Series,6539.77,16.9,1,3.1,184,Net Banking,3-4 days,5434.55,5434.55,October,10
ORD101512,2025-10-19,South,Headphones,Apple AirPods,21266.54,12.2,1,3.7,192,Credit Card,1-2 days,18672.02,18672.02,October,10
ORD102346,2025-10-19,Central,Headphones,Apple AirPods,10270.62,24.3,2,4.2,202,Net Banking,3-4 days,7774.86,15549.72,October,10
ORD102299,2025-10-20,West,Laptops,Acer Aspire,95707.06,7.5,1,3.7,209,Credit Card,1-2 days,88529.03,88529.03,October,10
ORD100168,2025-10-20,South,Laptops,Acer Aspire,51613.8,7.6,1,4.6,189,Debit Card,5-7 days,47691.15,47691.15,October,10
ORD100308,2025-10-20,East,Smartphones,iPhone,49117.69,2.9,1,4.1,218,Cash on Delivery,3-4 days,47693.28,47693.28,October,10
ORD101076,2025-10-20,North,Smartphones,OnePlus Nord,79801.89,12.3,1,4.1,220,Debit Card,3-4 days,69986.26,69986.26,October,10
ORD100110,2025-10-20,South,Laptops,Dell Inspiron,57953.54,27.3,3,4.7,174,UPI,1-2 days,42132.22,126396.66,October,10
ORD102272,2025-10-20,West,Smartphones,Motorola Edge,20843.75,17.2,2,4.2,191,Credit Card,1-2 days,17258.62,34517.24,October,10
ORD101004,2025-10-20,North,Monitors,LG UltraGear,20583.11,22.4,3,3.9,190,Debit Card,5-7 days,15972.49,47917.47,October,10
ORD101018,2025-10-20,Central,Headphones,Noise Buds,20407.74,16.0,2,4.1,167,Credit Card,8+ days,17142.5,34285.0,October,10
ORD100604,2025-10-20,South,Laptops,ASUS VivoBook,76049.35,20.4,3,4.5,193,Debit Card,3-4 days,60535.28,181605.84,October,10
ORD101093,2025-10-21,East,Headphones,Apple AirPods,17695.5,14.5,2,5.0,197,Debit Card,1-2 days,15129.65,30259.3,October,10
ORD101240,2025-10-21,East,Laptops,Lenovo IdeaPad,42375.87,14.9,4,3.7,195,UPI,1-2 days,36061.87,144247.48,October,10
ORD102285,2025-10-21,Central,Laptops,Acer Aspire,96357.81,23.0,1,3.8,178,Net Banking,3-4 days,74195.51,74195.51,October,10
ORD100188,2025-10-21,Central,Headphones,Noise Buds,25773.38,12.6,1,4.4,205,Cash on Delivery,3-4 days,22525.93,22525.93,October,10
ORD100298,2025-10-22,East,Laptops,Dell Inspiron,108559.54,9.6,1,4.1,168,Cash on Delivery,5-7 days,98137.82,98137.82,October,10
ORD101081,2025-10-22,East,Monitors,LG UltraGear,24780.38,22.9,4,4.6,198,Debit Card,5-7 days,19105.67,76422.68,October,10
ORD100093,2025-10-22,North,Monitors,Samsung Monitor,46369.97,4.8,5,4.8,179,Cash on Delivery,5-7 days,44144.21,220721.05,October,10
ORD100359,2025-10-22,West,Accessories,TP-Link Adapter,7270.32,20.5,2,4.5,181,Cash on Delivery,8+ days,5779.9,11559.8,October,10
ORD101748,2025-10-22,West,Smartphones,OnePlus Nord,86659.56,16.1,3,4.3,191,Cash on Delivery,3-4 days,72707.37,218122.11,October,10
ORD100272,2025-10-22,West,Monitors,LG UltraGear,41609.36,1.9,1,5.0,185,Cash on Delivery,3-4 days,40818.78,40818.78,October,10
ORD101879,2025-10-23,South,Smartphones,Google Pixel,48551.06,9.8,3,4.4,187,Credit Card,3-4 days,43793.06,131379.18,October,10
ORD101797,2025-10-23,East,Headphones,Noise Buds,10259.45,9.4,1,4.1,176,Credit Card,1-2 days,9295.06,9295.06,October,10
ORD101039,2025-10-23,West,Laptops,Lenovo IdeaPad,47795.08,25.8,1,5.0,203,Credit Card,1-2 days,35463.95,35463.95,October,10
ORD101058,2025-10-23,West,Smartphones,Google Pixel,74398.95,27.9,1,3.4,183,UPI,1-2 days,53641.64,53641.64,October,10
ORD102449,2025-10-23,Central,Laptops,Dell Inspiron,43428.95,9.5,1,3.6,201,Credit Card,5-7 days,39303.2,39303.2,October,10
ORD101450,2025-10-23,East,Headphones,Sony WH Series,7452.57,0.7,1,4.3,206,Cash on Delivery,5-7 days,7400.4,7400.4,October,10
ORD101275,2025-10-23,West,Smartphones,iPhone,64304.53,24.9,2,4.6,178,Cash on Delivery,5-7 days,48292.7,96585.4,October,10
ORD100213,2025-10-23,Central,Headphones,Apple AirPods,7877.03,26.6,3,3.8,187,UPI,1-2 days,5781.74,17345.22,October,10
ORD101526,2025-10-24,Central,Smartphones,OnePlus Nord,60249.64,24.1,1,4.1,194,Net Banking,1-2 days,45729.48,45729.48,October,10
ORD102380,2025-10-24,East,Monitors,BenQ Monitor,40306.07,5.4,2,4.1,159,UPI,3-4 days,38129.54,76259.08,October,10
ORD101308,2025-10-24,North,Monitors,Acer Nitro,35782.92,27.1,1,3.4,193,Credit Card,3-4 days,26085.75,26085.75,October,10
ORD102174,2025-10-24,East,Accessories,Anker Charger,5081.77,6.2,1,4.3,208,Cash on Delivery,5-7 days,4766.7,4766.7,October,10
ORD102074,2025-10-24,North,Accessories,Anker Charger,4208.09,3.6,2,3.9,160,Cash on Delivery,3-4 days,4056.6,8113.2,October,10
ORD100432,2025-10-25,East,Monitors,Acer Nitro,11875.32,20.3,1,3.9,185,Debit Card,3-4 days,9464.63,9464.63,October,10
ORD101213,2025-10-25,North,Laptops,Dell Inspiron,52204.51,3.3,3,3.7,171,Net Banking,1-2 days,50481.76,151445.28,October,10
ORD101494,2025-10-25,East,Laptops,HP Pavilion,90126.96,4.5,3,3.9,190,Cash on Delivery,3-4 days,86071.25,258213.75,October,10
ORD100196,2025-10-25,South,Smartphones,Google Pixel,37860.45,3.2,2,4.5,198,Debit Card,3-4 days,36648.92,73297.84,October,10
ORD102424,2025-10-25,North,Smartphones,Google Pixel,36100.56,0.4,1,3.6,181,Net Banking,5-7 days,35956.16,35956.16,October,10
ORD101321,2025-10-25,Central,Smartphones,OnePlus Nord,64021.95,3.7,3,3.6,184,Net Banking,1-2 days,61653.14,184959.42,October,10
ORD100182,2025-10-25,North,Laptops,ASUS VivoBook,100188.11,2.5,2,4.2,190,Net Banking,5-7 days,97683.41,195366.82,October,10
ORD100276,2025-10-26,South,Smartphones,Google Pixel,82078.13,19.6,4,4.2,160,Cash on Delivery,3-4 days,65990.82,263963.28,October,10
ORD100473,2025-10-26,Central,Laptops,ASUS VivoBook,73675.74,8.2,3,3.7,201,Net Banking,8+ days,67634.33,202902.99,October,10
ORD102000,2025-10-26,Central,Smartphones,Motorola Edge,64067.07,23.8,2,4.0,193,Credit Card,5-7 days,48819.11,97638.22,October,10
ORD101196,2025-10-26,West,Accessories,HP Keyboard,1174.86,20.7,4,4.5,185,Credit Card,3-4 days,931.66,3726.64,October,10
ORD100265,2025-10-26,Central,Accessories,AmazonBasics Cable,4667.15,25.7,2,4.3,207,Net Banking,1-2 days,3467.69,6935.38,October,10
ORD100944,2025-10-26,West,Monitors,Acer Nitro,21318.45,3.9,2,3.7,175,Credit Card,3-4 days,20487.03,40974.06,October,10
ORD100328,2025-10-26,Central,Headphones,Apple AirPods,25079.54,23.3,1,4.7,196,Debit Card,3-4 days,19236.01,19236.01,October,10
ORD100927,2025-10-26,West,Smartphones,OnePlus Nord,33080.73,23.7,4,3.5,179,Net Banking,1-2 days,25240.6,100962.4,October,10
ORD100412,2025-10-26,Central,Accessories,AmazonBasics Cable,6430.29,12.9,3,4.5,175,UPI,5-7 days,5600.78,16802.34,October,10
ORD101672,2025-10-26,Central,Accessories,TP-Link Adapter,9998.57,0.4,1,3.6,206,Net Banking,3-4 days,9958.58,9958.58,October,10
ORD102372,2025-10-27,North,Monitors,LG UltraGear,47405.37,2.8,1,3.7,197,UPI,3-4 days,46078.02,46078.02,October,10
ORD101945,2025-10-27,Central,Monitors,BenQ Monitor,48190.59,24.1,2,3.5,199,Cash on Delivery,3-4 days,36576.66,73153.32,October,10
ORD102315,2025-10-27,North,Accessories,Anker Charger,4207.74,21.7,3,4.5,167,Net Banking,1-2 days,3294.66,9883.98,October,10
ORD101819,2025-10-27,North,Headphones,Sony WH Series,20346.76,10.6,4,4.2,191,Credit Card,1-2 days,18190.0,72760.0,October,10
ORD100921,2025-10-27,Central,Accessories,Logitech Mouse,9409.35,19.4,2,4.0,169,Credit Card,5-7 days,7583.94,15167.88,October,10
ORD101252,2025-10-27,Central,Smartphones,Google Pixel,38204.85,4.0,1,4.3,182,Net Banking,8+ days,36676.66,36676.66,October,10
ORD100241,2025-10-27,West,Accessories,TP-Link Adapter,5843.08,24.5,2,4.0,183,Net Banking,5-7 days,4411.53,8823.06,October,10
ORD102047,2025-10-27,Central,Laptops,Acer Aspire,84200.1,27.9,1,3.0,183,Credit Card,3-4 days,60708.27,60708.27,October,10
ORD101991,2025-10-28,West,Monitors,Samsung Monitor,49209.02,13.7,4,4.2,169,Credit Card,5-7 days,42467.38,169869.52,October,10
ORD101931,2025-10-28,East,Headphones,Noise Buds,3926.81,5.1,1,3.7,175,Cash on Delivery,5-7 days,3726.54,3726.54,October,10
ORD101381,2025-10-28,West,Laptops,Acer Aspire,102400.08,25.5,1,3.8,180,Credit Card,3-4 days,76288.06,76288.06,October,10
ORD100651,2025-10-28,South,Laptops,ASUS VivoBook,95642.79,9.7,1,3.5,201,UPI,1-2 days,86365.44,86365.44,October,10
ORD100846,2025-10-28,North,Smartphones,iPhone,23066.13,12.9,1,4.4,177,Credit Card,3-4 days,20090.6,20090.6,October,10
ORD101483,2025-10-28,East,Headphones,JBL Tune,18704.02,20.0,1,4.6,165,UPI,3-4 days,14963.22,14963.22,October,10
ORD102320,2025-10-29,East,Smartphones,iPhone,61082.19,20.8,2,4.3,204,Cash on Delivery,1-2 days,48377.09,96754.18,October,10
ORD100637,2025-10-29,West,Headphones,JBL Tune,11942.4,21.6,1,4.4,167,Cash on Delivery,1-2 days,9362.84,9362.84,October,10
ORD100599,2025-10-29,East,Laptops,ASUS VivoBook,47731.94,5.7,1,4.3,171,Cash on Delivery,3-4 days,45011.22,45011.22,October,10
ORD101944,2025-10-29,Central,Headphones,Sony WH Series,21426.96,23.3,4,4.7,184,Net Banking,1-2 days,16434.48,65737.92,October,10
ORD101187,2025-10-29,Central,Headphones,JBL Tune,28482.24,14.0,2,4.1,193,UPI,8+ days,24494.73,48989.46,October,10
ORD101553,2025-10-29,South,Monitors,LG UltraGear,29578.13,8.4,1,3.9,167,Debit Card,3-4 days,27093.57,27093.57,October,10
ORD100891,2025-10-30,North,Monitors,LG UltraGear,14498.42,22.0,4,5.0,164,Credit Card,3-4 days,11308.77,45235.08,October,10
ORD100587,2025-10-30,South,Laptops,ASUS VivoBook,65318.12,26.4,2,4.4,170,UPI,1-2 days,48074.14,96148.28,October,10
ORD101228,2025-10-30,Central,Smartphones,Samsung Galaxy,30781.02,11.7,1,3.9,185,Net Banking,3-4 days,27179.64,27179.64,October,10
ORD102166,2025-10-30,North,Accessories,Logitech Mouse,3325.24,6.8,2,4.3,195,Credit Card,5-7 days,3099.12,6198.24,October,10
ORD101764,2025-10-30,East,Smartphones,Samsung Galaxy,48888.6,13.6,1,4.4,176,Credit Card,8+ days,42239.75,42239.75,October,10
ORD101744,2025-10-30,West,Laptops,ASUS VivoBook,102727.09,17.7,2,3.2,195,Debit Card,1-2 days,84544.4,169088.8,October,10
ORD101353,2025-10-30,East,Smartphones,Samsung Galaxy,59992.13,16.1,2,3.7,172,Net Banking,8+ days,50333.4,100666.8,October,10
ORD101064,2025-10-30,South,Smartphones,Motorola Edge,80477.93,13.4,1,5.0,174,Credit Card,5-7 days,69693.89,69693.89,October,10
ORD100506,2025-10-30,West,Laptops,ASUS VivoBook,74916.72,8.2,1,4.5,201,Credit Card,8+ days,68773.55,68773.55,October,10
ORD101422,2025-10-31,East,Smartphones,Motorola Edge,42387.39,16.3,4,5.0,159,Credit Card,3-4 days,35478.25,141913.0,October,10
ORD102079,2025-10-31,Central,Accessories,TP-Link Adapter,4740.37,23.1,4,4.2,192,UPI,5-7 days,3645.34,14581.36,October,10
ORD100384,2025-10-31,North,Accessories,AmazonBasics Cable,1559.13,17.6,1,4.0,166,Net Banking,1-2 days,1284.72,1284.72,October,10
ORD100005,2025-10-31,East,Laptops,Lenovo IdeaPad,80873.48,2.3,1,4.8,177,Net Banking,3-4 days,79013.39,79013.39,October,10
ORD101644,2025-10-31,Central,Headphones,Noise Buds,2976.23,28.8,1,4.3,191,Net Banking,3-4 days,2119.08,2119.08,October,10
ORD100208,2025-10-31,East,Headphones,Noise Buds,24880.17,10.3,1,4.1,176,Cash on Delivery,1-2 days,22317.51,22317.51,October,10
ORD101885,2025-11-01,West,Laptops,Lenovo IdeaPad,74203.21,26.2,2,3.6,191,Credit Card,3-4 days,54761.97,109523.94,November,11
ORD101636,2025-11-01,North,Laptops,Lenovo IdeaPad,90922.12,26.9,2,3.7,176,UPI,5-7 days,66464.07,132928.14,November,11
ORD100277,2025-11-01,East,Monitors,Acer Nitro,51127.15,10.5,1,4.2,183,Credit Card,5-7 days,45758.8,45758.8,November,11
ORD102443,2025-11-01,South,Monitors,BenQ Monitor,49050.89,13.7,3,4.4,199,Credit Card,3-4 days,42330.92,126992.76,November,11
ORD100901,2025-11-01,East,Laptops,Dell Inspiron,92289.24,29.2,1,4.5,180,Credit Card,5-7 days,65340.78,65340.78,November,11
ORD100887,2025-11-02,West,Headphones,Noise Buds,26803.55,24.3,1,4.8,181,Credit Card,3-4 days,20290.29,20290.29,November,11
ORD100830,2025-11-02,North,Smartphones,Motorola Edge,29690.8,19.4,1,3.9,187,Debit Card,3-4 days,23930.78,23930.78,November,11
ORD102134,2025-11-02,East,Headphones,Apple AirPods,18064.17,9.3,1,4.1,189,Debit Card,5-7 days,16384.2,16384.2,November,11
ORD100271,2025-11-02,Central,Monitors,Acer Nitro,24608.85,16.4,2,5.0,170,Credit Card,5-7 days,20573.0,41146.0,November,11
ORD100244,2025-11-03,South,Smartphones,Google Pixel,85579.71,22.3,1,4.7,207,Net Banking,1-2 days,66495.43,66495.43,November,11
ORD100840,2025-11-03,South,Headphones,Apple AirPods,2900.64,8.7,2,4.8,177,Debit Card,5-7 days,2648.28,5296.56,November,11
ORD102013,2025-11-03,West,Accessories,TP-Link Adapter,2594.16,0.7,1,4.7,181,Net Banking,1-2 days,2576.0,2576.0,November,11
ORD102267,2025-11-03,West,Headphones,boAt Rockerz,26022.15,14.0,2,4.1,182,Credit Card,3-4 days,22379.05,44758.1,November,11
ORD100264,2025-11-04,South,Smartphones,iPhone,42151.64,24.7,1,4.1,193,Net Banking,3-4 days,31740.18,31740.18,November,11
ORD101378,2025-11-04,West,Smartphones,Google Pixel,52406.74,24.2,4,4.4,162,Debit Card,1-2 days,39724.31,158897.24,November,11
ORD100723,2025-11-04,North,Laptops,Lenovo IdeaPad,70015.86,29.7,2,4.7,188,Net Banking,1-2 days,49221.15,98442.3,November,11
ORD101074,2025-11-04,South,Laptops,HP Pavilion,108578.36,9.6,1,4.2,188,Debit Card,3-4 days,98154.84,98154.84,November,11
ORD100809,2025-11-04,East,Smartphones,iPhone,17303.78,12.2,1,4.3,188,Debit Card,3-4 days,15192.72,15192.72,November,11
ORD100327,2025-11-04,West,Headphones,Apple AirPods,15706.23,20.3,2,3.9,173,UPI,3-4 days,12517.87,25035.74,November,11
ORD100696,2025-11-04,South,Headphones,JBL Tune,8185.28,20.9,1,4.5,181,Debit Card,1-2 days,6474.56,6474.56,November,11
ORD101335,2025-11-04,Central,Accessories,Anker Charger,681.44,10.4,1,3.9,162,Debit Card,3-4 days,610.57,610.57,November,11
ORD100893,2025-11-05,South,Monitors,Samsung Monitor,13894.94,20.4,1,4.5,172,Debit Card,8+ days,11060.37,11060.37,November,11
ORD102334,2025-11-05,North,Headphones,Sony WH Series,4288.71,21.2,3,5.0,186,Credit Card,3-4 days,3379.5,10138.5,November,11
ORD102075,2025-11-05,South,Accessories,AmazonBasics Cable,9136.09,13.5,1,4.3,169,Cash on Delivery,8+ days,7902.72,7902.72,November,11
ORD100193,2025-11-05,Central,Accessories,Logitech Mouse,9342.83,25.6,1,3.6,181,Debit Card,1-2 days,6951.07,6951.07,November,11
ORD102125,2025-11-05,East,Accessories,Anker Charger,2999.26,12.6,1,4.2,189,Debit Card,3-4 days,2621.35,2621.35,November,11
ORD100492,2025-11-05,Central,Headphones,Sony WH Series,4630.27,28.8,1,4.1,207,Debit Card,3-4 days,3296.75,3296.75,November,11
ORD101423,2025-11-05,Central,Laptops,HP Pavilion,42772.75,7.8,4,4.4,182,Debit Card,1-2 days,39436.48,157745.92,November,11
ORD101379,2025-11-06,West,Smartphones,Samsung Galaxy,89596.12,11.0,3,4.2,175,UPI,1-2 days,79740.55,239221.65,November,11
ORD101775,2025-11-06,East,Monitors,Acer Nitro,22514.55,0.7,1,4.5,190,Cash on Delivery,3-4 days,22356.95,22356.95,November,11
ORD100343,2025-11-06,South,Laptops,Acer Aspire,77139.78,5.8,5,3.9,204,Net Banking,1-2 days,72665.67,363328.35,November,11
ORD102486,2025-11-06,Central,Accessories,Logitech Mouse,8440.94,0.8,3,4.2,181,Debit Card,5-7 days,8373.41,25120.23,November,11
ORD101713,2025-11-06,Central,Monitors,Dell UltraSharp,26653.53,29.3,2,,177,,3-4 days,18844.05,37688.1,November,11
ORD100760,2025-11-06,West,Monitors,BenQ Monitor,30009.61,19.0,5,3.8,190,Credit Card,5-7 days,24307.78,121538.9,November,11
ORD101828,2025-11-06,North,Accessories,AmazonBasics Cable,3048.38,19.6,2,3.3,196,Debit Card,8+ days,2450.9,4901.8,November,11
ORD101823,2025-11-06,South,Headphones,boAt Rockerz,24406.0,2.5,3,4.3,175,Net Banking,3-4 days,23795.85,71387.55,November,11
ORD102386,2025-11-07,East,Headphones,boAt Rockerz,9093.6,8.9,2,3.3,178,Debit Card,3-4 days,8284.27,16568.54,November,11
ORD100119,2025-11-07,Central,Accessories,HP Keyboard,8776.89,23.2,3,4.7,181,Credit Card,3-4 days,6740.65,20221.95,November,11
ORD102247,2025-11-07,East,Laptops,HP Pavilion,80804.88,28.7,3,3.6,187,Cash on Delivery,8+ days,57613.88,172841.64,November,11
ORD101173,2025-11-07,North,Headphones,JBL Tune,25181.58,6.9,3,3.6,218,Cash on Delivery,3-4 days,23444.05,70332.15,November,11
ORD101565,2025-11-08,Central,Monitors,LG UltraGear,21693.65,4.1,1,3.1,171,Debit Card,1-2 days,20804.21,20804.21,November,11
ORD100585,2025-11-08,Central,Headphones,Noise Buds,26682.47,25.4,1,3.6,173,Credit Card,3-4 days,19905.12,19905.12,November,11
ORD101669,2025-11-08,West,Laptops,Dell Inspiron,41938.75,15.7,2,4.2,176,Debit Card,3-4 days,35354.37,70708.74,November,11
ORD101270,2025-11-08,Central,Smartphones,Google Pixel,46337.6,13.1,1,3.6,151,Credit Card,3-4 days,40267.37,40267.37,November,11
ORD101686,2025-11-08,Central,Accessories,AmazonBasics Cable,5095.06,25.9,1,3.4,185,Net Banking,5-7 days,3775.44,3775.44,November,11
ORD101000,2025-11-08,North,Smartphones,Motorola Edge,53462.51,7.5,2,4.1,171,Debit Card,1-2 days,49452.82,98905.64,November,11
ORD102421,2025-11-09,Central,Laptops,HP Pavilion,75326.26,21.4,1,3.6,186,Debit Card,3-4 days,59206.44,59206.44,November,11
ORD100163,2025-11-09,South,Headphones,JBL Tune,5009.89,14.6,1,4.2,181,UPI,3-4 days,4278.45,4278.45,November,11
ORD100884,2025-11-09,South,Laptops,HP Pavilion,86759.23,1.3,1,4.9,194,UPI,1-2 days,85631.36,85631.36,November,11
ORD102303,2025-11-09,Central,Smartphones,Motorola Edge,74059.14,13.9,1,4.2,183,UPI,3-4 days,63764.92,63764.92,November,11
ORD100108,2025-11-09,Central,Monitors,Samsung Monitor,19638.88,5.2,5,4.8,170,Credit Card,3-4 days,18617.66,93088.3,November,11
ORD100197,2025-11-09,East,Monitors,BenQ Monitor,47900.06,3.0,1,4.5,184,Credit Card,5-7 days,46463.06,46463.06,November,11
ORD100544,2025-11-09,North,Headphones,JBL Tune,25288.77,11.8,1,4.6,200,UPI,3-4 days,22304.7,22304.7,November,11
ORD101413,2025-11-10,East,Smartphones,Samsung Galaxy,30318.02,14.9,1,4.2,189,Net Banking,1-2 days,25800.64,25800.64,November,11
ORD100323,2025-11-10,West,Headphones,boAt Rockerz,21348.38,12.7,2,4.4,168,Credit Card,5-7 days,18637.14,37274.28,November,11
ORD101380,2025-11-10,South,Headphones,JBL Tune,19548.07,9.5,2,3.7,192,Cash on Delivery,5-7 days,17691.0,35382.0,November,11
ORD101210,2025-11-10,North,Accessories,TP-Link Adapter,2066.87,9.4,1,4.1,180,Net Banking,1-2 days,1872.58,1872.58,November,11
ORD100169,2025-11-10,South,Laptops,ASUS VivoBook,39212.15,27.4,1,3.9,167,Cash on Delivery,3-4 days,28468.02,28468.02,November,11
ORD102347,2025-11-11,Central,Headphones,Sony WH Series,10024.29,7.4,2,4.2,190,Cash on Delivery,5-7 days,9282.49,18564.98,November,11
ORD100510,2025-11-11,South,Monitors,LG UltraGear,46332.31,11.5,1,4.0,180,Net Banking,3-4 days,41004.09,41004.09,November,11
ORD100907,2025-11-11,North,Monitors,Acer Nitro,27634.97,18.9,3,4.3,177,Cash on Delivery,1-2 days,22411.96,67235.88,November,11
ORD101858,2025-11-11,Central,Smartphones,iPhone,16456.86,5.1,3,4.6,188,Debit Card,3-4 days,15617.56,46852.68,November,11
ORD101272,2025-11-11,South,Accessories,Logitech Mouse,2749.58,2.8,2,4.1,166,Net Banking,3-4 days,2672.59,5345.18,November,11
ORD100465,2025-11-12,North,Accessories,Logitech Mouse,8641.16,26.3,1,4.9,174,Net Banking,3-4 days,6368.53,6368.53,November,11
ORD100851,2025-11-12,South,Laptops,Acer Aspire,37170.82,22.5,2,4.6,190,Credit Card,5-7 days,28807.39,57614.78,November,11
ORD101933,2025-11-12,South,Headphones,Apple AirPods,15576.09,23.2,1,3.0,199,Debit Card,3-4 days,11962.44,11962.44,November,11
ORD102415,2025-11-12,Central,Smartphones,Google Pixel,16096.01,17.3,2,4.2,177,Net Banking,8+ days,13311.4,26622.8,November,11
ORD102124,2025-11-12,North,Smartphones,Samsung Galaxy,53294.93,19.0,1,3.9,190,UPI,3-4 days,43168.89,43168.89,November,11
ORD102036,2025-11-13,South,Smartphones,iPhone,57979.51,28.2,1,3.5,199,Debit Card,1-2 days,41629.29,41629.29,November,11
ORD101795,2025-11-13,South,Laptops,HP Pavilion,49584.76,2.6,2,4.0,200,Net Banking,3-4 days,48295.56,96591.12,November,11
ORD100202,2025-11-13,South,Laptops,ASUS VivoBook,70902.86,16.2,2,4.1,211,Net Banking,5-7 days,59416.6,118833.2,November,11
ORD100848,2025-11-13,North,Accessories,Logitech Mouse,8263.31,8.9,3,3.2,174,Credit Card,3-4 days,7527.88,22583.64,November,11
ORD100583,2025-11-13,Central,Smartphones,Motorola Edge,41066.49,27.4,1,4.6,151,Debit Card,1-2 days,29814.27,29814.27,November,11
ORD100968,2025-11-13,Central,Smartphones,OnePlus Nord,56112.78,19.8,1,3.7,185,Cash on Delivery,5-7 days,45002.45,45002.45,November,11
ORD100898,2025-11-13,West,Accessories,Logitech Mouse,9510.94,19.3,2,4.4,190,UPI,1-2 days,7675.33,15350.66,November,11
ORD101685,2025-11-13,West,Laptops,HP Pavilion,104499.92,27.2,1,4.2,182,Net Banking,1-2 days,76075.94,76075.94,November,11
ORD101777,2025-11-13,East,Headphones,boAt Rockerz,21422.11,14.5,1,4.6,197,Net Banking,5-7 days,18315.9,18315.9,November,11
ORD102194,2025-11-13,North,Headphones,Noise Buds,1562.24,17.9,1,4.1,189,Debit Card,5-7 days,1282.6,1282.6,November,11
ORD101978,2025-11-13,West,Smartphones,Google Pixel,55518.14,16.9,1,3.4,179,UPI,3-4 days,46135.57,46135.57,November,11
ORD100062,2025-11-13,Central,Smartphones,iPhone,85561.92,13.8,1,3.8,183,UPI,3-4 days,73754.38,73754.38,November,11
ORD101732,2025-11-13,South,Headphones,boAt Rockerz,10639.12,23.3,2,4.2,198,Net Banking,5-7 days,8160.21,16320.42,November,11
ORD100175,2025-11-14,East,Headphones,Sony WH Series,2158.12,7.9,3,3.9,191,Debit Card,1-2 days,1987.63,5962.89,November,11
ORD101296,2025-11-14,East,Laptops,HP Pavilion,89560.78,2.4,1,3.8,179,Cash on Delivery,5-7 days,87411.32,87411.32,November,11
ORD100393,2025-11-14,East,Smartphones,Motorola Edge,72496.19,9.1,1,4.2,173,Debit Card,5-7 days,65899.04,65899.04,November,11
ORD101099,2025-11-14,North,Monitors,Acer Nitro,24359.51,23.8,1,4.2,181,Cash on Delivery,3-4 days,18561.95,18561.95,November,11
ORD101704,2025-11-14,North,Smartphones,Motorola Edge,15919.66,25.0,1,4.7,185,Net Banking,5-7 days,11939.74,11939.74,November,11
ORD100856,2025-11-14,Central,Laptops,Dell Inspiron,94748.37,13.1,1,4.0,181,Credit Card,3-4 days,82336.33,82336.33,November,11
ORD100187,2025-11-14,West,Monitors,Samsung Monitor,50172.6,22.8,3,3.6,170,Net Banking,3-4 days,38733.25,116199.75,November,11
ORD101693,2025-11-14,East,Smartphones,Google Pixel,89327.72,22.3,3,3.7,199,Net Banking,3-4 days,69407.64,208222.92,November,11
ORD101810,2025-11-15,East,Laptops,Dell Inspiron,108418.97,1.8,1,4.1,200,Net Banking,1-2 days,106467.43,106467.43,November,11
ORD101651,2025-11-15,North,Laptops,HP Pavilion,55950.46,15.4,1,4.1,190,Cash on Delivery,5-7 days,47334.09,47334.09,November,11
ORD102201,2025-11-15,South,Accessories,HP Keyboard,8944.12,11.8,2,4.8,201,Cash on Delivery,3-4 days,7888.71,15777.42,November,11
ORD101643,2025-11-15,East,Headphones,Sony WH Series,26795.9,27.9,1,4.2,202,Debit Card,5-7 days,19319.84,19319.84,November,11
ORD101954,2025-11-15,East,Monitors,BenQ Monitor,38897.8,5.0,1,4.5,181,Debit Card,3-4 days,36952.91,36952.91,November,11
ORD102400,2025-11-15,East,Headphones,Sony WH Series,26141.47,6.4,2,3.8,177,Debit Card,5-7 days,24468.42,48936.84,November,11
ORD101564,2025-11-15,South,Smartphones,Google Pixel,53293.86,24.1,1,4.2,185,Credit Card,1-2 days,40450.04,40450.04,November,11
ORD102417,2025-11-15,West,Smartphones,Samsung Galaxy,43766.52,4.9,2,3.6,180,Credit Card,1-2 days,41621.96,83243.92,November,11
ORD100269,2025-11-15,West,Smartphones,iPhone,56574.43,10.2,1,4.8,199,Cash on Delivery,3-4 days,50803.84,50803.84,November,11
ORD101873,2025-11-15,West,Smartphones,OnePlus Nord,23662.11,8.9,1,4.0,196,Debit Card,3-4 days,21556.18,21556.18,November,11
ORD102225,2025-11-16,North,Laptops,Acer Aspire,101165.43,13.4,1,4.6,183,UPI,3-4 days,87609.26,87609.26,November,11
ORD100219,2025-11-16,South,Headphones,boAt Rockerz,21676.83,29.0,2,3.8,189,Net Banking,3-4 days,15390.55,30781.1,November,11
ORD100010,2025-11-16,West,Headphones,Sony WH Series,6417.75,24.3,4,4.4,181,Debit Card,5-7 days,4858.24,19432.96,November,11
ORD100151,2025-11-16,South,Accessories,Logitech Mouse,3390.3,10.4,2,3.1,182,Debit Card,1-2 days,3037.71,6075.42,November,11
ORD100416,2025-11-16,Central,Smartphones,Motorola Edge,57945.36,25.8,2,3.7,204,Debit Card,3-4 days,42995.46,85990.92,November,11
ORD100959,2025-11-17,Central,Laptops,Acer Aspire,45278.96,24.1,2,3.5,186,UPI,5-7 days,34366.73,68733.46,November,11
ORD100380,2025-11-17,Central,Smartphones,iPhone,44973.53,18.8,1,4.4,178,Cash on Delivery,1-2 days,36518.51,36518.51,November,11
ORD101117,2025-11-17,West,Laptops,ASUS VivoBook,44365.26,20.7,2,3.5,174,UPI,3-4 days,35181.65,70363.3,November,11
ORD100286,2025-11-17,Central,Laptops,ASUS VivoBook,47890.74,21.4,1,3.9,183,Net Banking,1-2 days,37642.12,37642.12,November,11
ORD100120,2025-11-17,North,Headphones,Sony WH Series,9535.9,19.7,1,4.1,185,Credit Card,3-4 days,7657.33,7657.33,November,11
ORD100263,2025-11-17,South,Laptops,ASUS VivoBook,51794.34,15.8,1,4.4,205,Net Banking,8+ days,43610.83,43610.83,November,11
ORD102412,2025-11-17,East,Laptops,Dell Inspiron,46919.36,19.8,2,3.8,171,Debit Card,3-4 days,37629.33,75258.66,November,11
ORD100524,2025-11-18,Central,Monitors,BenQ Monitor,10139.18,28.8,1,4.3,212,Net Banking,8+ days,7219.1,7219.1,November,11
ORD101236,2025-11-18,South,Smartphones,Motorola Edge,52606.83,5.4,1,4.0,187,Net Banking,1-2 days,49766.06,49766.06,November,11
ORD101841,2025-11-18,Central,Smartphones,OnePlus Nord,87199.58,25.1,1,4.2,192,Credit Card,3-4 days,65312.49,65312.49,November,11
ORD101052,2025-11-18,North,Headphones,boAt Rockerz,20811.45,2.1,1,5.0,210,Net Banking,1-2 days,20374.41,20374.41,November,11
ORD101599,2025-11-18,Central,Laptops,Lenovo IdeaPad,74605.11,3.1,1,3.7,192,UPI,3-4 days,72292.35,72292.35,November,11
ORD101037,2025-11-18,North,Smartphones,iPhone,89384.9,19.3,1,4.6,194,Cash on Delivery,1-2 days,72133.61,72133.61,November,11
ORD100708,2025-11-18,North,Monitors,BenQ Monitor,9766.38,13.9,1,4.7,195,Credit Card,1-2 days,8408.85,8408.85,November,11
ORD100650,2025-11-18,Central,Smartphones,iPhone,81604.54,5.2,1,4.3,181,Credit Card,5-7 days,77361.1,77361.1,November,11
ORD100727,2025-11-18,West,Laptops,ASUS VivoBook,68267.25,0.4,1,4.2,196,UPI,5-7 days,67994.18,67994.18,November,11
ORD102133,2025-11-18,South,Headphones,boAt Rockerz,13552.87,19.2,2,4.2,187,UPI,5-7 days,10950.72,21901.44,November,11
ORD100124,2025-11-18,Central,Laptops,ASUS VivoBook,79838.0,18.7,1,4.3,186,Debit Card,3-4 days,64908.29,64908.29,November,11
ORD100032,2025-11-18,West,Laptops,HP Pavilion,76805.37,14.0,1,4.8,179,Credit Card,1-2 days,66052.62,66052.62,November,11
ORD101582,2025-11-19,North,Smartphones,Samsung Galaxy,27685.81,24.7,1,4.5,194,Net Banking,3-4 days,20847.41,20847.41,November,11
ORD100857,2025-11-19,East,Laptops,HP Pavilion,60348.62,6.7,1,3.5,198,Credit Card,3-4 days,56305.26,56305.26,November,11
ORD101178,2025-11-19,East,Laptops,Dell Inspiron,35174.26,17.0,1,5.0,166,UPI,3-4 days,29194.64,29194.64,November,11
ORD101657,2025-11-19,Central,Headphones,boAt Rockerz,17664.35,4.5,1,4.2,191,Debit Card,3-4 days,16869.45,16869.45,November,11
ORD101176,2025-11-19,East,Headphones,Noise Buds,27926.81,17.5,1,4.1,193,UPI,3-4 days,23039.62,23039.62,November,11
ORD100255,2025-11-19,West,Laptops,HP Pavilion,40148.65,19.8,1,4.5,189,Cash on Delivery,3-4 days,32199.22,32199.22,November,11
ORD100425,2025-11-19,East,Laptops,Acer Aspire,80103.81,25.3,1,3.5,187,Cash on Delivery,1-2 days,59837.55,59837.55,November,11
ORD100280,2025-11-19,South,Monitors,BenQ Monitor,24008.98,18.9,2,4.3,176,Net Banking,3-4 days,19471.28,38942.56,November,11
ORD101633,2025-11-19,South,Headphones,boAt Rockerz,15754.19,3.4,1,4.2,176,Debit Card,3-4 days,15218.55,15218.55,November,11
ORD100788,2025-11-19,South,Smartphones,Motorola Edge,87435.83,25.3,2,4.8,181,Cash on Delivery,3-4 days,65314.57,130629.14,November,11
ORD101647,2025-11-20,Central,Laptops,Acer Aspire,77488.86,19.6,1,5.0,202,UPI,3-4 days,62301.04,62301.04,November,11
ORD100102,2025-11-20,Central,Headphones,Apple AirPods,27460.38,23.5,4,4.4,184,Credit Card,3-4 days,21007.19,84028.76,November,11
ORD101428,2025-11-20,West,Accessories,Logitech Mouse,8652.32,7.3,5,4.1,174,UPI,5-7 days,8020.7,40103.5,November,11
ORD100306,2025-11-20,Central,Accessories,Anker Charger,7158.89,19.8,2,3.9,157,Cash on Delivery,3-4 days,5741.43,11482.86,November,11
ORD100015,2025-11-20,Central,Laptops,Acer Aspire,79224.01,27.5,2,4.1,204,Debit Card,3-4 days,57437.41,114874.82,November,11
ORD100133,2025-11-21,North,Laptops,Lenovo IdeaPad,41611.41,24.6,2,4.3,191,Net Banking,1-2 days,31375.0,62750.0,November,11
ORD100555,2025-11-21,South,Accessories,Logitech Mouse,2206.2,6.7,1,4.8,180,Net Banking,3-4 days,2058.38,2058.38,November,11
ORD102329,2025-11-21,West,Headphones,JBL Tune,25826.26,12.2,4,3.9,177,Debit Card,3-4 days,22675.46,90701.84,November,11
ORD102135,2025-11-21,North,Headphones,JBL Tune,16209.8,19.7,1,5.0,172,UPI,3-4 days,13016.47,13016.47,November,11
ORD102061,2025-11-21,Central,Laptops,Lenovo IdeaPad,103444.95,23.8,1,3.9,174,UPI,8+ days,78825.05,78825.05,November,11
ORD101150,2025-11-22,South,Accessories,AmazonBasics Cable,9527.92,19.5,1,3.5,209,Credit Card,3-4 days,7669.98,7669.98,November,11
ORD101804,2025-11-22,North,Smartphones,Google Pixel,48713.84,4.1,2,4.0,173,Cash on Delivery,3-4 days,46716.57,93433.14,November,11
ORD100218,2025-11-22,East,Monitors,LG UltraGear,43225.31,22.6,1,4.1,212,Cash on Delivery,5-7 days,33456.39,33456.39,November,11
ORD100468,2025-11-22,West,Accessories,AmazonBasics Cable,7158.22,26.5,1,4.0,177,Net Banking,5-7 days,5261.29,5261.29,November,11
ORD101506,2025-11-22,East,Smartphones,iPhone,49142.74,15.9,1,5.0,176,UPI,3-4 days,41329.04,41329.04,November,11
ORD102268,2025-11-23,Central,Headphones,JBL Tune,17451.36,18.8,1,3.2,196,Debit Card,5-7 days,14170.5,14170.5,November,11
ORD100832,2025-11-23,West,Smartphones,Motorola Edge,91334.98,25.1,2,4.5,176,UPI,5-7 days,68409.9,136819.8,November,11
ORD100616,2025-11-23,South,Accessories,Logitech Mouse,7101.72,3.1,3,3.7,202,Debit Card,3-4 days,6881.57,20644.71,November,11
ORD100049,2025-11-23,Central,Headphones,boAt Rockerz,7232.33,15.7,1,3.4,176,Net Banking,5-7 days,6096.85,6096.85,November,11
ORD101491,2025-11-23,South,Laptops,Lenovo IdeaPad,81672.72,13.6,3,4.7,201,Cash on Delivery,5-7 days,70565.23,211695.69,November,11
ORD102098,2025-11-23,North,Headphones,JBL Tune,6985.26,16.5,2,3.4,167,UPI,5-7 days,5832.69,11665.38,November,11
ORD101854,2025-11-23,West,Monitors,BenQ Monitor,33185.44,16.8,1,4.1,169,Cash on Delivery,1-2 days,27610.29,27610.29,November,11
ORD101596,2025-11-23,Central,Headphones,Sony WH Series,14262.9,22.8,1,3.5,188,Net Banking,1-2 days,11010.96,11010.96,November,11
ORD100190,2025-11-23,West,Smartphones,Google Pixel,23401.02,27.1,1,4.7,182,UPI,8+ days,17059.34,17059.34,November,11
ORD101389,2025-11-23,North,Accessories,TP-Link Adapter,4948.86,15.7,1,4.6,170,Net Banking,3-4 days,4171.89,4171.89,November,11
ORD100324,2025-11-23,South,Smartphones,Samsung Galaxy,82792.89,3.8,2,4.3,162,Credit Card,1-2 days,79646.76,159293.52,November,11
ORD100026,2025-11-24,North,Monitors,Samsung Monitor,26822.76,23.6,1,3.4,211,UPI,3-4 days,20492.59,20492.59,November,11
ORD100961,2025-11-24,North,Laptops,HP Pavilion,96206.93,22.6,1,4.7,204,Debit Card,1-2 days,74464.16,74464.16,November,11
ORD100725,2025-11-24,Central,Headphones,Sony WH Series,16641.28,13.3,1,4.1,198,Debit Card,3-4 days,14427.99,14427.99,November,11
ORD102328,2025-11-24,North,Laptops,Acer Aspire,65093.94,11.9,4,4.2,169,Debit Card,5-7 days,57347.76,229391.04,November,11
ORD102081,2025-11-24,West,Laptops,ASUS VivoBook,105834.78,4.7,1,3.3,157,UPI,3-4 days,100860.55,100860.55,November,11
ORD100666,2025-11-24,Central,Laptops,ASUS VivoBook,95979.71,5.1,1,4.3,180,Cash on Delivery,1-2 days,91084.74,91084.74,November,11
ORD100354,2025-11-24,South,Laptops,ASUS VivoBook,77329.65,7.9,1,3.2,181,UPI,3-4 days,71220.61,71220.61,November,11
ORD102411,2025-11-24,East,Headphones,Sony WH Series,15933.81,10.6,3,4.2,187,Net Banking,3-4 days,14244.83,42734.49,November,11
ORD101727,2025-11-25,Central,Smartphones,Motorola Edge,12875.79,14.4,1,4.5,191,Credit Card,3-4 days,11021.68,11021.68,November,11
ORD102233,2025-11-25,West,Accessories,TP-Link Adapter,2155.0,6.5,2,4.0,169,UPI,1-2 days,2014.93,4029.86,November,11
ORD101049,2025-11-25,West,Accessories,HP Keyboard,3803.93,7.2,1,3.9,200,Credit Card,3-4 days,3530.05,3530.05,November,11
ORD101257,2025-11-25,West,Laptops,Acer Aspire,42166.93,4.2,1,4.1,178,Credit Card,3-4 days,40395.92,40395.92,November,11
ORD100488,2025-11-25,South,Smartphones,Motorola Edge,34751.99,16.8,1,3.9,171,Net Banking,1-2 days,28913.66,28913.66,November,11
ORD102193,2025-11-25,East,Headphones,Apple AirPods,4957.0,18.9,1,4.4,189,UPI,5-7 days,4020.13,4020.13,November,11
ORD100744,2025-11-25,West,Smartphones,OnePlus Nord,37844.7,29.5,1,3.8,204,Net Banking,3-4 days,26680.51,26680.51,November,11
ORD101326,2025-11-25,East,Smartphones,iPhone,40656.96,21.9,2,4.6,187,Cash on Delivery,1-2 days,31753.09,63506.18,November,11
ORD100044,2025-11-25,South,Accessories,TP-Link Adapter,1042.61,13.5,2,3.9,203,Net Banking,1-2 days,901.86,1803.72,November,11
ORD101614,2025-11-26,West,Smartphones,OnePlus Nord,63506.22,24.3,1,4.2,187,Credit Card,3-4 days,48074.21,48074.21,November,11
ORD100411,2025-11-26,South,Smartphones,Samsung Galaxy,33725.34,5.5,5,3.8,186,Net Banking,8+ days,31870.45,159352.25,November,11
ORD100962,2025-11-26,West,Headphones,Sony WH Series,29536.5,13.4,1,3.8,189,Credit Card,5-7 days,25578.61,25578.61,November,11
ORD101125,2025-11-26,Central,Headphones,Noise Buds,29036.9,3.4,2,4.5,167,Cash on Delivery,1-2 days,28049.65,56099.3,November,11
ORD101719,2025-11-26,East,Accessories,AmazonBasics Cable,6825.39,8.6,1,,183,Cash on Delivery,3-4 days,6238.41,6238.41,November,11
ORD102128,2025-11-26,Central,Laptops,Dell Inspiron,101917.84,25.0,1,4.8,166,UPI,3-4 days,76438.38,76438.38,November,11
ORD100661,2025-11-26,North,Smartphones,Samsung Galaxy,22021.97,17.4,1,3.8,172,Credit Card,3-4 days,18190.15,18190.15,November,11
ORD101460,2025-11-26,East,Headphones,Sony WH Series,12710.15,14.7,2,5.0,177,UPI,1-2 days,10841.76,21683.52,November,11
ORD100880,2025-11-26,West,Laptops,HP Pavilion,44331.64,9.7,4,3.0,181,UPI,1-2 days,40031.47,160125.88,November,11
ORD100619,2025-11-26,North,Monitors,LG UltraGear,48143.79,26.8,1,4.0,188,UPI,3-4 days,35241.25,35241.25,November,11
ORD100352,2025-11-26,East,Accessories,HP Keyboard,9693.56,12.7,2,4.6,190,Debit Card,5-7 days,8462.48,16924.96,November,11
ORD101012,2025-11-27,Central,Accessories,TP-Link Adapter,9990.97,23.8,1,4.3,197,Credit Card,3-4 days,7613.12,7613.12,November,11
ORD100641,2025-11-27,South,Laptops,HP Pavilion,109663.32,25.3,3,3.4,176,Cash on Delivery,1-2 days,81918.5,245755.5,November,11
ORD102355,2025-11-27,Central,Monitors,BenQ Monitor,31001.05,16.9,1,3.7,175,Debit Card,5-7 days,25761.87,25761.87,November,11
ORD100158,2025-11-27,East,Monitors,Acer Nitro,48674.84,11.9,1,3.7,195,UPI,1-2 days,42882.53,42882.53,November,11
ORD102256,2025-11-27,Central,Headphones,Sony WH Series,1632.65,19.3,1,4.1,199,Net Banking,5-7 days,1317.55,1317.55,November,11
ORD101347,2025-11-28,North,Smartphones,Google Pixel,93527.25,25.9,2,3.8,175,Cash on Delivery,1-2 days,69303.69,138607.38,November,11
ORD101542,2025-11-28,Central,Laptops,HP Pavilion,89454.6,20.5,2,4.6,208,Cash on Delivery,8+ days,71116.41,142232.82,November,11
ORD102006,2025-11-28,East,Monitors,Dell UltraSharp,42831.32,24.2,1,3.3,192,Debit Card,5-7 days,32466.14,32466.14,November,11
ORD100502,2025-11-28,South,Headphones,Apple AirPods,8834.34,28.8,2,3.5,186,Credit Card,3-4 days,6290.05,12580.1,November,11
ORD100300,2025-11-28,South,Laptops,ASUS VivoBook,72778.13,7.0,2,4.3,189,UPI,5-7 days,67683.66,135367.32,November,11
ORD100096,2025-11-28,South,Smartphones,Google Pixel,52308.69,9.8,1,3.5,170,Cash on Delivery,5-7 days,47182.44,47182.44,November,11
ORD101497,2025-11-28,South,Headphones,boAt Rockerz,20474.85,7.9,3,3.9,186,Cash on Delivery,1-2 days,18857.34,56572.02,November,11
ORD101619,2025-11-28,West,Headphones,Apple AirPods,16546.0,10.7,2,4.0,183,Net Banking,5-7 days,14775.58,29551.16,November,11
ORD102038,2025-11-28,Central,Laptops,Dell Inspiron,56241.43,8.9,1,4.9,171,Net Banking,1-2 days,51235.94,51235.94,November,11
ORD102440,2025-11-28,Central,Laptops,Dell Inspiron,58928.29,19.9,1,3.8,195,Debit Card,3-4 days,47201.56,47201.56,November,11
ORD100407,2025-11-28,East,Smartphones,OnePlus Nord,84427.95,1.7,2,3.6,187,Net Banking,5-7 days,82992.67,165985.34,November,11
ORD100855,2025-11-28,Central,Laptops,Lenovo IdeaPad,73539.99,0.5,2,4.9,221,Cash on Delivery,3-4 days,73172.29,146344.58,November,11
ORD102398,2025-11-28,Central,Laptops,Acer Aspire,42415.5,25.0,1,3.8,177,Credit Card,8+ days,31811.62,31811.62,November,11
ORD102078,2025-11-28,West,Smartphones,Google Pixel,86858.49,15.6,1,3.7,182,UPI,3-4 days,73308.57,73308.57,November,11
ORD100214,2025-11-28,East,Laptops,Dell Inspiron,87917.2,11.0,1,3.1,185,Net Banking,5-7 days,78246.31,78246.31,November,11
ORD100058,2025-11-29,North,Laptops,Acer Aspire,95281.64,17.1,1,3.5,196,UPI,3-4 days,78988.48,78988.48,November,11
ORD101894,2025-11-29,West,Laptops,Dell Inspiron,58325.53,24.9,1,4.6,176,Debit Card,5-7 days,43802.47,43802.47,November,11
ORD101122,2025-11-29,East,Accessories,AmazonBasics Cable,5642.95,1.1,1,3.9,194,Net Banking,3-4 days,5580.88,5580.88,November,11
ORD101980,2025-11-29,East,Monitors,Acer Nitro,36953.54,1.2,5,3.8,207,Credit Card,3-4 days,36510.1,182550.5,November,11
ORD101383,2025-11-29,South,Accessories,TP-Link Adapter,1919.64,10.7,1,4.6,201,Net Banking,5-7 days,1714.24,1714.24,November,11
ORD100056,2025-11-29,North,Accessories,TP-Link Adapter,9351.13,27.6,1,4.3,172,Cash on Delivery,5-7 days,6770.22,6770.22,November,11
ORD101320,2025-11-29,East,Laptops,Acer Aspire,46581.18,4.9,1,4.4,182,Credit Card,3-4 days,44298.7,44298.7,November,11
ORD100515,2025-11-29,North,Laptops,Acer Aspire,88383.35,1.1,1,4.3,177,UPI,3-4 days,87411.13,87411.13,November,11
ORD100260,2025-11-29,South,Laptops,HP Pavilion,48869.02,1.5,3,5.0,171,Debit Card,3-4 days,48135.98,144407.94,November,11
ORD100429,2025-11-30,East,Smartphones,Google Pixel,73820.48,5.9,2,3.7,174,Cash on Delivery,1-2 days,69465.07,138930.14,November,11
ORD100615,2025-11-30,Central,Accessories,Logitech Mouse,8676.34,27.7,2,4.1,190,Debit Card,1-2 days,6272.99,12545.98,November,11
ORD100489,2025-11-30,West,Accessories,Logitech Mouse,8362.91,5.6,2,3.8,182,UPI,3-4 days,7894.59,15789.18,November,11
ORD100711,2025-11-30,Central,Monitors,LG UltraGear,12564.22,28.8,2,4.4,196,Net Banking,5-7 days,8945.72,17891.44,November,11
ORD102136,2025-11-30,West,Accessories,Anker Charger,1922.88,6.3,1,4.3,184,UPI,3-4 days,1801.74,1801.74,November,11
ORD100179,2025-11-30,South,Accessories,Anker Charger,4269.17,22.0,1,4.4,209,UPI,5-7 days,3329.95,3329.95,November,11
ORD100892,2025-11-30,East,Accessories,HP Keyboard,2688.03,13.0,1,3.1,185,Credit Card,3-4 days,2338.59,2338.59,November,11
ORD100483,2025-11-30,North,Smartphones,OnePlus Nord,29180.47,23.8,2,3.8,177,UPI,3-4 days,22235.52,44471.04,November,11
ORD102422,2025-12-01,South,Laptops,Dell Inspiron,35353.43,2.1,1,4.1,167,Debit Card,3-4 days,34611.01,34611.01,December,12
ORD101845,2025-12-01,East,Accessories,TP-Link Adapter,8107.63,25.0,1,3.6,192,Debit Card,1-2 days,6080.72,6080.72,December,12
ORD101910,2025-12-01,South,Laptops,HP Pavilion,90107.14,12.6,1,3.9,165,,5-7 days,78753.64,78753.64,December,12
ORD101800,2025-12-01,East,Laptops,Lenovo IdeaPad,88081.49,18.8,3,4.6,188,Debit Card,3-4 days,71522.17,214566.51,December,12
ORD100273,2025-12-02,West,Accessories,Logitech Mouse,9940.95,19.3,1,3.5,192,Debit Card,8+ days,8022.35,8022.35,December,12
ORD100798,2025-12-02,West,Headphones,Noise Buds,14800.76,2.1,3,3.7,190,Credit Card,5-7 days,14489.94,43469.82,December,12
ORD102189,2025-12-02,East,Monitors,Acer Nitro,24604.92,7.2,1,3.6,173,Debit Card,1-2 days,22833.37,22833.37,December,12
ORD101738,2025-12-02,North,Laptops,Lenovo IdeaPad,109306.16,12.5,1,4.5,205,Credit Card,3-4 days,95642.89,95642.89,December,12
ORD100566,2025-12-02,West,Headphones,Sony WH Series,12086.23,6.7,2,4.3,181,Credit Card,1-2 days,11276.45,22552.9,December,12
ORD100161,2025-12-02,East,Smartphones,Samsung Galaxy,64259.15,4.0,1,4.8,155,Net Banking,5-7 days,61688.78,61688.78,December,12
ORD100081,2025-12-02,Central,Accessories,Logitech Mouse,8214.74,29.9,2,4.3,187,Credit Card,5-7 days,5758.53,11517.06,December,12
ORD101540,2025-12-02,Central,Headphones,Apple AirPods,18131.59,12.6,1,4.4,152,UPI,3-4 days,15847.01,15847.01,December,12
ORD102460,2025-12-03,West,Smartphones,Motorola Edge,54221.43,20.1,1,3.8,216,UPI,3-4 days,43322.92,43322.92,December,12
ORD100500,2025-12-03,East,Accessories,Anker Charger,7518.06,21.6,2,3.5,182,UPI,3-4 days,5894.16,11788.32,December,12
ORD100728,2025-12-03,South,Monitors,Acer Nitro,52188.34,27.6,3,4.4,196,Credit Card,3-4 days,37784.36,113353.08,December,12
ORD101547,2025-12-03,South,Monitors,LG UltraGear,34642.28,9.4,1,4.1,167,UPI,3-4 days,31385.91,31385.91,December,12
ORD101942,2025-12-03,East,Smartphones,Google Pixel,90700.48,19.6,1,3.7,166,Credit Card,1-2 days,72923.19,72923.19,December,12
ORD100707,2025-12-03,Central,Smartphones,iPhone,67945.14,21.2,2,4.6,172,Cash on Delivery,3-4 days,53540.77,107081.54,December,12
ORD101768,2025-12-03,Central,Smartphones,Samsung Galaxy,19066.92,3.4,2,3.6,206,Net Banking,3-4 days,18418.64,36837.28,December,12
ORD101943,2025-12-04,North,Monitors,Dell UltraSharp,31390.55,28.6,1,4.4,200,UPI,5-7 days,22412.85,22412.85,December,12
ORD100013,2025-12-04,South,Monitors,Acer Nitro,29055.78,13.6,1,4.7,182,UPI,5-7 days,25104.19,25104.19,December,12
ORD100882,2025-12-04,North,Headphones,Noise Buds,17050.12,22.8,1,4.0,164,Cash on Delivery,3-4 days,13162.69,13162.69,December,12
ORD101077,2025-12-04,Central,Smartphones,Motorola Edge,74212.28,22.4,2,4.6,175,Net Banking,3-4 days,57588.73,115177.46,December,12
ORD102144,2025-12-04,North,Smartphones,Samsung Galaxy,37377.76,14.9,1,4.6,202,Credit Card,5-7 days,31808.47,31808.47,December,12
ORD100497,2025-12-04,South,Headphones,Noise Buds,25292.09,22.5,1,4.4,180,Credit Card,3-4 days,19601.37,19601.37,December,12
ORD100444,2025-12-05,South,Smartphones,OnePlus Nord,43580.0,16.7,1,3.3,201,Credit Card,5-7 days,36302.14,36302.14,December,12
ORD100706,2025-12-05,South,Accessories,Anker Charger,5983.55,12.6,2,4.1,189,Credit Card,5-7 days,5229.62,10459.24,December,12
ORD100334,2025-12-05,North,Laptops,HP Pavilion,82142.48,2.3,4,4.0,159,Cash on Delivery,5-7 days,80253.2,321012.8,December,12
ORD100457,2025-12-05,North,Laptops,Lenovo IdeaPad,67157.32,16.3,1,4.2,162,Credit Card,3-4 days,56210.68,56210.68,December,12
ORD100267,2025-12-05,Central,Headphones,Noise Buds,24466.53,28.5,1,4.0,191,Debit Card,1-2 days,17493.57,17493.57,December,12
ORD101844,2025-12-05,North,Headphones,JBL Tune,8599.13,21.7,4,3.7,194,Credit Card,1-2 days,6733.12,26932.48,December,12
ORD101400,2025-12-05,Central,Headphones,Sony WH Series,13579.53,14.2,5,4.6,171,UPI,3-4 days,11651.24,58256.2,December,12
ORD101756,2025-12-05,South,Monitors,Acer Nitro,37609.09,3.3,1,4.3,192,Debit Card,3-4 days,36367.99,36367.99,December,12
ORD101862,2025-12-05,South,Headphones,Apple AirPods,19793.16,27.4,1,3.3,210,Credit Card,5-7 days,14369.83,14369.83,December,12
ORD100547,2025-12-05,Central,Laptops,Acer Aspire,98915.93,8.2,2,3.8,194,Credit Card,3-4 days,90804.82,181609.64,December,12
ORD101831,2025-12-06,West,Accessories,TP-Link Adapter,596.09,14.9,4,4.4,215,Net Banking,5-7 days,507.27,2029.08,December,12
ORD101337,2025-12-06,East,Laptops,HP Pavilion,105912.11,14.1,1,3.6,186,Debit Card,3-4 days,90978.5,90978.5,December,12
ORD100450,2025-12-06,South,Laptops,HP Pavilion,57475.15,10.1,2,4.7,192,Debit Card,5-7 days,51670.16,103340.32,December,12
ORD100463,2025-12-07,Central,Monitors,Samsung Monitor,15364.94,21.5,4,4.5,168,UPI,3-4 days,12061.48,48245.92,December,12
ORD100107,2025-12-07,East,Smartphones,OnePlus Nord,67556.63,14.4,1,3.3,185,Credit Card,3-4 days,57828.48,57828.48,December,12
ORD101906,2025-12-07,East,Laptops,Lenovo IdeaPad,64043.45,17.8,2,4.0,184,Net Banking,5-7 days,52643.72,105287.44,December,12
ORD101048,2025-12-07,East,Laptops,HP Pavilion,65592.2,6.3,1,4.3,195,Cash on Delivery,5-7 days,61459.89,61459.89,December,12
ORD101045,2025-12-07,West,Accessories,Logitech Mouse,9982.9,0.3,1,3.8,197,Credit Card,1-2 days,9952.95,9952.95,December,12
ORD101201,2025-12-08,North,Monitors,LG UltraGear,32609.98,4.9,1,3.8,180,Credit Card,1-2 days,31012.09,31012.09,December,12
ORD101659,2025-12-08,Central,Smartphones,Google Pixel,72013.74,27.1,1,4.6,191,Net Banking,5-7 days,52498.02,52498.02,December,12
ORD102261,2025-12-08,South,Monitors,Acer Nitro,34406.79,24.8,5,4.3,179,Cash on Delivery,1-2 days,25873.91,129369.55,December,12
ORD100935,2025-12-08,North,Laptops,Dell Inspiron,73185.16,27.4,1,3.4,188,UPI,3-4 days,53132.43,53132.43,December,12
ORD100792,2025-12-08,East,Headphones,Sony WH Series,2848.42,14.4,1,3.9,189,UPI,1-2 days,2438.25,2438.25,December,12
ORD101248,2025-12-08,East,Laptops,Acer Aspire,55357.31,24.5,1,3.8,169,Credit Card,3-4 days,41794.77,41794.77,December,12
ORD100206,2025-12-08,East,Laptops,ASUS VivoBook,73473.45,16.4,2,3.6,188,Debit Card,3-4 days,61423.8,122847.6,December,12
ORD101551,2025-12-08,South,Accessories,HP Keyboard,7895.07,5.2,4,4.3,163,Debit Card,3-4 days,7484.53,29938.12,December,12
ORD100989,2025-12-09,Central,Smartphones,Samsung Galaxy,57980.3,1.7,1,4.2,172,Net Banking,3-4 days,56994.63,56994.63,December,12
ORD101593,2025-12-09,East,Laptops,Acer Aspire,44541.87,27.1,1,3.6,165,UPI,5-7 days,32471.02,32471.02,December,12
ORD101009,2025-12-09,Central,Smartphones,Samsung Galaxy,36612.62,1.8,1,5.0,154,Cash on Delivery,3-4 days,35953.59,35953.59,December,12
ORD102338,2025-12-09,Central,Smartphones,Motorola Edge,64219.19,22.1,1,4.1,185,Credit Card,1-2 days,50026.75,50026.75,December,12
ORD100455,2025-12-09,South,Laptops,Dell Inspiron,85004.86,25.6,1,4.0,188,Net Banking,3-4 days,63243.62,63243.62,December,12
ORD101603,2025-12-10,North,Laptops,ASUS VivoBook,97787.15,19.1,1,3.2,199,Credit Card,3-4 days,79109.8,79109.8,December,12
ORD100480,2025-12-10,West,Headphones,Noise Buds,6722.0,15.2,2,3.7,202,Debit Card,1-2 days,5700.26,11400.52,December,12
ORD100861,2025-12-10,South,Monitors,BenQ Monitor,19855.84,2.8,2,4.4,177,Debit Card,5-7 days,19299.88,38599.76,December,12
ORD102391,2025-12-10,South,Smartphones,OnePlus Nord,16832.05,1.6,2,3.1,197,Cash on Delivery,3-4 days,16562.74,33125.48,December,12
ORD101760,2025-12-11,South,Headphones,JBL Tune,24351.16,24.4,1,3.5,176,Net Banking,3-4 days,18409.48,18409.48,December,12
ORD100758,2025-12-11,Central,Headphones,Apple AirPods,24831.69,13.1,3,4.0,186,Cash on Delivery,1-2 days,21578.74,64736.22,December,12
ORD100356,2025-12-11,East,Headphones,Sony WH Series,18091.54,10.9,1,4.2,170,Debit Card,5-7 days,16119.56,16119.56,December,12
ORD101726,2025-12-11,West,Laptops,Lenovo IdeaPad,49064.54,22.8,4,3.5,194,UPI,5-7 days,37877.82,151511.28,December,12
ORD102292,2025-12-11,Central,Smartphones,iPhone,67321.64,16.7,1,4.9,201,Net Banking,1-2 days,56078.93,56078.93,December,12
ORD102237,2025-12-12,West,Accessories,AmazonBasics Cable,9194.09,29.7,1,3.9,203,Debit Card,1-2 days,6463.45,6463.45,December,12
ORD102316,2025-12-12,North,Laptops,ASUS VivoBook,42956.88,5.2,2,4.5,179,Cash on Delivery,5-7 days,40723.12,81446.24,December,12
ORD100955,2025-12-12,Central,Smartphones,Motorola Edge,30744.69,10.6,4,4.3,169,UPI,1-2 days,27485.75,109943.0,December,12
ORD101110,2025-12-12,West,Laptops,HP Pavilion,91483.91,17.0,2,4.5,196,UPI,5-7 days,75931.65,151863.3,December,12
ORD100595,2025-12-12,Central,Accessories,Logitech Mouse,7009.16,19.2,2,4.9,157,Debit Card,3-4 days,5663.4,11326.8,December,12
ORD100550,2025-12-12,South,Monitors,Samsung Monitor,37681.88,28.5,5,3.6,161,Credit Card,1-2 days,26942.54,134712.7,December,12
ORD102490,2025-12-12,South,Smartphones,Google Pixel,13286.35,28.8,4,3.8,200,Cash on Delivery,3-4 days,9459.88,37839.52,December,12
ORD102114,2025-12-13,East,Accessories,HP Keyboard,1158.39,17.6,1,3.7,147,Cash on Delivery,3-4 days,954.51,954.51,December,12
ORD101426,2025-12-13,North,Accessories,AmazonBasics Cable,3054.14,29.5,1,3.6,181,Debit Card,3-4 days,2153.17,2153.17,December,12
ORD101190,2025-12-13,South,Headphones,Noise Buds,7624.89,29.4,1,4.6,194,Net Banking,5-7 days,5383.17,5383.17,December,12
ORD101966,2025-12-13,South,Headphones,Sony WH Series,15381.17,25.1,1,3.2,189,Net Banking,3-4 days,11520.5,11520.5,December,12
ORD100198,2025-12-13,West,Accessories,AmazonBasics Cable,2966.23,0.3,2,4.2,189,Cash on Delivery,3-4 days,2957.33,5914.66,December,12
ORD101998,2025-12-13,North,Laptops,Acer Aspire,75281.26,8.8,4,4.7,179,Cash on Delivery,1-2 days,68656.51,274626.04,December,12
ORD101533,2025-12-14,West,Headphones,boAt Rockerz,18030.6,5.0,1,3.8,192,Cash on Delivery,8+ days,17129.07,17129.07,December,12
ORD101082,2025-12-14,North,Laptops,Acer Aspire,85020.2,11.6,1,3.1,191,Debit Card,3-4 days,75157.86,75157.86,December,12
ORD101056,2025-12-14,North,Smartphones,Motorola Edge,33172.75,21.9,2,4.7,189,Debit Card,3-4 days,25907.92,51815.84,December,12
ORD101215,2025-12-15,Central,Headphones,Sony WH Series,2775.16,7.6,1,4.7,210,UPI,3-4 days,2564.25,2564.25,December,12
ORD102429,2025-12-15,South,Smartphones,Google Pixel,77617.11,23.8,1,4.2,171,Net Banking,3-4 days,59144.24,59144.24,December,12
ORD101254,2025-12-15,West,Laptops,Acer Aspire,86042.05,19.5,1,4.8,185,Cash on Delivery,3-4 days,69263.85,69263.85,December,12
ORD102123,2025-12-15,Central,Accessories,TP-Link Adapter,1359.71,5.1,3,3.7,191,Cash on Delivery,3-4 days,1290.36,3871.08,December,12
ORD102310,2025-12-15,North,Smartphones,iPhone,82794.37,11.3,2,4.1,201,Net Banking,1-2 days,73438.61,146877.22,December,12
ORD100648,2025-12-15,North,Headphones,JBL Tune,11045.73,12.5,3,4.1,178,Net Banking,3-4 days,9665.01,28995.03,December,12
ORD102188,2025-12-15,East,Monitors,Samsung Monitor,19456.82,11.3,1,4.4,208,Debit Card,3-4 days,17258.2,17258.2,December,12
ORD102230,2025-12-15,West,Smartphones,iPhone,21477.25,12.1,1,4.0,209,Credit Card,1-2 days,18878.5,18878.5,December,12
ORD100700,2025-12-15,East,Smartphones,Samsung Galaxy,36007.24,12.2,1,3.4,215,Debit Card,3-4 days,31614.36,31614.36,December,12
ORD100316,2025-12-15,Central,Headphones,Sony WH Series,7550.65,27.7,2,4.0,168,Net Banking,1-2 days,5459.12,10918.24,December,12
ORD102049,2025-12-16,West,Headphones,JBL Tune,22728.37,25.7,3,3.3,181,Debit Card,1-2 days,16887.18,50661.54,December,12
ORD101867,2025-12-16,West,Laptops,ASUS VivoBook,54958.1,12.9,1,3.1,173,Net Banking,3-4 days,47868.51,47868.51,December,12
ORD100217,2025-12-16,West,Smartphones,Samsung Galaxy,18059.3,4.9,2,4.5,166,Cash on Delivery,3-4 days,17174.39,34348.78,December,12
ORD101430,2025-12-16,East,Accessories,TP-Link Adapter,9812.48,26.9,1,3.3,198,Debit Card,5-7 days,7172.92,7172.92,December,12
ORD101036,2025-12-16,Central,Headphones,JBL Tune,17678.55,5.5,2,4.3,200,Net Banking,1-2 days,16706.23,33412.46,December,12
ORD102213,2025-12-16,South,Laptops,Dell Inspiron,46625.65,1.7,3,3.6,205,Debit Card,3-4 days,45833.01,137499.03,December,12
ORD100870,2025-12-16,Central,Accessories,TP-Link Adapter,8788.94,24.8,1,4.6,180,Net Banking,5-7 days,6609.28,6609.28,December,12
ORD101209,2025-12-17,West,Smartphones,Motorola Edge,31658.51,0.1,2,3.9,181,UPI,3-4 days,31626.85,63253.7,December,12
ORD100582,2025-12-17,Central,Accessories,Logitech Mouse,6710.97,9.4,1,4.7,183,UPI,5-7 days,6080.14,6080.14,December,12
ORD100936,2025-12-17,Central,Smartphones,iPhone,23563.52,26.4,1,4.1,191,UPI,3-4 days,17342.75,17342.75,December,12
ORD100600,2025-12-17,East,Laptops,HP Pavilion,42173.05,20.3,5,3.6,204,Net Banking,1-2 days,33611.92,168059.6,December,12
ORD101474,2025-12-17,South,Smartphones,iPhone,67388.54,8.6,3,3.7,192,Credit Card,3-4 days,61593.13,184779.39,December,12
ORD101543,2025-12-18,East,Headphones,boAt Rockerz,27631.85,23.8,1,3.8,200,Cash on Delivery,1-2 days,21055.47,21055.47,December,12
ORD100512,2025-12-18,South,Smartphones,Google Pixel,16756.76,4.5,2,4.0,186,Debit Card,5-7 days,16002.71,32005.42,December,12
ORD100767,2025-12-19,West,Monitors,Acer Nitro,32991.35,15.0,4,4.1,165,Cash on Delivery,1-2 days,28042.65,112170.6,December,12
ORD101482,2025-12-19,North,Laptops,Lenovo IdeaPad,50977.65,27.8,1,3.9,169,Credit Card,1-2 days,36805.86,36805.86,December,12
ORD100167,2025-12-19,Central,Smartphones,Samsung Galaxy,87655.72,4.3,1,4.4,180,Cash on Delivery,1-2 days,83886.52,83886.52,December,12
ORD101166,2025-12-19,Central,Monitors,Samsung Monitor,19225.01,6.1,1,3.4,213,Cash on Delivery,1-2 days,18052.28,18052.28,December,12
ORD101616,2025-12-20,North,Headphones,boAt Rockerz,21342.28,28.4,1,3.7,177,UPI,3-4 days,15281.07,15281.07,December,12
ORD100353,2025-12-20,North,Headphones,JBL Tune,20143.64,9.0,1,4.2,199,UPI,3-4 days,18330.71,18330.71,December,12
ORD101740,2025-12-20,East,Smartphones,iPhone,51258.22,3.4,3,4.4,180,Cash on Delivery,3-4 days,49515.44,148546.32,December,12
ORD102131,2025-12-20,North,Laptops,Lenovo IdeaPad,67851.63,19.0,1,4.1,206,,5-7 days,54959.82,54959.82,December,12
ORD101147,2025-12-20,Central,Monitors,Acer Nitro,46222.96,3.2,1,3.6,190,Net Banking,3-4 days,44743.83,44743.83,December,12
ORD101927,2025-12-21,South,Headphones,JBL Tune,13612.45,29.6,2,4.5,198,Net Banking,1-2 days,9583.16,19166.32,December,12
ORD100001,2025-12-21,South,Smartphones,iPhone,60811.77,9.3,4,4.6,163,Debit Card,5-7 days,55156.28,220625.12,December,12
ORD100243,2025-12-21,South,Accessories,Logitech Mouse,7933.75,9.8,2,3.9,162,Cash on Delivery,8+ days,7156.24,14312.48,December,12
ORD102254,2025-12-21,South,Monitors,Dell UltraSharp,46111.79,24.3,3,3.9,181,Cash on Delivery,3-4 days,34906.63,104719.89,December,12
ORD102265,2025-12-21,North,Headphones,Noise Buds,23616.17,19.3,2,4.5,168,UPI,3-4 days,19058.25,38116.5,December,12
ORD101015,2025-12-21,North,Headphones,Noise Buds,18049.01,23.3,1,3.7,185,Cash on Delivery,5-7 days,13843.59,13843.59,December,12
ORD100525,2025-12-21,North,Monitors,BenQ Monitor,20445.68,13.8,1,3.8,209,Credit Card,3-4 days,17624.18,17624.18,December,12
ORD102142,2025-12-21,Central,Headphones,Sony WH Series,12376.08,10.0,4,4.4,190,Cash on Delivery,3-4 days,11138.47,44553.88,December,12
ORD101583,2025-12-22,North,Headphones,Apple AirPods,9315.76,26.4,4,4.5,188,Credit Card,3-4 days,6856.4,27425.6,December,12
ORD101470,2025-12-22,East,Monitors,LG UltraGear,52852.55,24.0,1,4.0,181,Debit Card,5-7 days,40167.94,40167.94,December,12
ORD101466,2025-12-22,Central,Laptops,HP Pavilion,36077.97,22.9,1,3.7,163,UPI,1-2 days,27816.11,27816.11,December,12
ORD101050,2025-12-23,North,Laptops,Acer Aspire,36623.42,3.9,1,3.6,173,Cash on Delivery,3-4 days,35195.11,35195.11,December,12
ORD100735,2025-12-23,South,Smartphones,OnePlus Nord,47429.24,20.1,1,3.5,170,Net Banking,3-4 days,37895.96,37895.96,December,12
ORD101199,2025-12-23,North,Monitors,Samsung Monitor,35430.78,27.9,4,4.4,177,Cash on Delivery,3-4 days,25545.59,102182.36,December,12
ORD100642,2025-12-23,West,Smartphones,Google Pixel,49372.98,9.0,1,4.2,184,Credit Card,5-7 days,44929.41,44929.41,December,12
ORD102217,2025-12-24,North,Monitors,Samsung Monitor,49872.53,10.2,3,3.9,168,UPI,3-4 days,44785.53,134356.59,December,12
ORD100667,2025-12-24,West,Smartphones,Samsung Galaxy,20236.06,18.6,1,4.5,185,Debit Card,3-4 days,16472.15,16472.15,December,12
ORD100402,2025-12-24,Central,Accessories,HP Keyboard,6000.17,19.6,1,4.5,170,Net Banking,1-2 days,4824.14,4824.14,December,12
ORD101195,2025-12-24,South,Laptops,ASUS VivoBook,70179.48,3.2,1,4.0,173,Debit Card,1-2 days,67933.74,67933.74,December,12
ORD101249,2025-12-24,Central,Accessories,HP Keyboard,535.17,1.9,5,4.2,207,UPI,8+ days,525.0,2625.0,December,12
ORD100953,2025-12-24,North,Laptops,Lenovo IdeaPad,109470.76,1.1,1,4.2,171,UPI,1-2 days,108266.58,108266.58,December,12
ORD100622,2025-12-24,East,Laptops,Acer Aspire,90963.47,10.7,3,4.1,183,Debit Card,3-4 days,81230.38,243691.14,December,12
ORD100553,2025-12-24,West,Headphones,boAt Rockerz,20575.37,8.9,1,4.9,191,Cash on Delivery,5-7 days,18744.16,18744.16,December,12
ORD101687,2025-12-24,North,Accessories,TP-Link Adapter,3497.76,20.2,1,3.9,174,Debit Card,1-2 days,2791.21,2791.21,December,12
ORD100154,2025-12-24,West,Smartphones,Samsung Galaxy,37422.98,3.0,1,3.9,172,Debit Card,3-4 days,36300.29,36300.29,December,12
ORD100736,2025-12-25,Central,Accessories,Logitech Mouse,1555.93,28.8,3,4.2,188,Credit Card,3-4 days,1107.82,3323.46,December,12
ORD100823,2025-12-25,North,Smartphones,Google Pixel,62646.27,20.4,3,4.0,168,Debit Card,1-2 days,49866.43,149599.29,December,12
ORD100966,2025-12-25,Central,Smartphones,Samsung Galaxy,20666.48,25.2,3,3.6,191,Net Banking,1-2 days,15458.53,46375.59,December,12
ORD100030,2025-12-25,South,Laptops,Dell Inspiron,54949.83,24.9,2,4.0,174,UPI,5-7 days,41267.32,82534.64,December,12
ORD101973,2025-12-25,East,Smartphones,Google Pixel,44260.0,18.7,1,3.6,188,Cash on Delivery,3-4 days,35983.38,35983.38,December,12
ORD101462,2025-12-25,North,Headphones,boAt Rockerz,16650.35,12.6,1,4.1,175,Debit Card,1-2 days,14552.41,14552.41,December,12
ORD101031,2025-12-25,West,Laptops,ASUS VivoBook,64002.23,21.2,1,4.3,206,UPI,3-4 days,50433.76,50433.76,December,12
ORD101716,2025-12-26,West,Accessories,AmazonBasics Cable,3864.46,13.4,1,3.8,193,Credit Card,5-7 days,3346.62,3346.62,December,12
ORD100640,2025-12-26,East,Smartphones,iPhone,90369.33,21.8,3,4.4,203,Debit Card,8+ days,70668.82,212006.46,December,12
ORD101912,2025-12-26,West,Accessories,TP-Link Adapter,5162.7,3.2,1,3.6,177,UPI,8+ days,4997.49,4997.49,December,12
ORD102454,2025-12-26,North,Smartphones,iPhone,36278.75,17.8,1,4.2,206,Credit Card,3-4 days,29821.13,29821.13,December,12
ORD102452,2025-12-26,South,Accessories,HP Keyboard,6604.97,5.1,1,4.0,207,Net Banking,5-7 days,6268.12,6268.12,December,12
ORD102010,2025-12-26,South,Smartphones,iPhone,31306.12,8.4,1,4.3,194,Net Banking,5-7 days,28676.41,28676.41,December,12
ORD102048,2025-12-27,Central,Headphones,Apple AirPods,11025.1,10.9,3,5.0,171,UPI,5-7 days,9823.36,29470.08,December,12
ORD101796,2025-12-27,Central,Laptops,Dell Inspiron,77146.11,22.8,2,4.8,196,UPI,1-2 days,59556.8,119113.6,December,12
ORD102103,2025-12-27,North,Laptops,HP Pavilion,92537.8,28.8,2,4.1,177,Cash on Delivery,3-4 days,65886.91,131773.82,December,12
ORD100783,2025-12-28,Central,Smartphones,Samsung Galaxy,59179.85,9.6,1,3.7,199,Debit Card,1-2 days,53498.58,53498.58,December,12
ORD102043,2025-12-28,Central,Headphones,Noise Buds,20682.4,22.1,1,4.0,172,Cash on Delivery,3-4 days,16111.59,16111.59,December,12
ORD102276,2025-12-28,West,Headphones,JBL Tune,29948.02,0.5,1,3.7,185,Cash on Delivery,5-7 days,29798.28,29798.28,December,12
ORD101312,2025-12-28,West,Accessories,Anker Charger,8659.86,3.8,4,4.6,209,Debit Card,3-4 days,8330.79,33323.16,December,12
ORD101108,2025-12-28,West,Monitors,Acer Nitro,35796.55,1.0,1,3.7,181,Credit Card,1-2 days,35438.58,35438.58,December,12
ORD101922,2025-12-28,Central,Laptops,HP Pavilion,84261.14,9.4,4,4.6,179,Cash on Delivery,5-7 days,76340.59,305362.36,December,12
ORD101294,2025-12-29,Central,Headphones,Noise Buds,5336.3,27.9,4,4.0,167,Cash on Delivery,1-2 days,3847.47,15389.88,December,12
ORD102258,2025-12-29,South,Smartphones,Google Pixel,60815.93,29.9,1,3.3,184,Debit Card,3-4 days,42631.97,42631.97,December,12
ORD102390,2025-12-29,West,Headphones,Noise Buds,3207.09,21.1,3,4.6,169,UPI,3-4 days,2530.39,7591.17,December,12
ORD100947,2025-12-29,West,Laptops,Lenovo IdeaPad,90995.24,18.1,1,3.6,179,UPI,3-4 days,74525.1,74525.1,December,12
ORD100607,2025-12-29,Central,Laptops,Lenovo IdeaPad,58804.16,12.2,1,3.9,179,Cash on Delivery,3-4 days,51630.05,51630.05,December,12
ORD100451,2025-12-29,South,Monitors,BenQ Monitor,53256.7,9.3,3,4.0,189,Debit Card,5-7 days,48303.83,144911.49,December,12
ORD100375,2025-12-30,West,Laptops,Dell Inspiron,75911.78,24.4,4,3.7,180,Debit Card,3-4 days,57389.31,229557.24,December,12
ORD102284,2025-12-30,South,Laptops,HP Pavilion,94129.96,5.4,2,4.7,197,Debit Card,5-7 days,89046.94,178093.88,December,12
ORD102073,2025-12-30,Central,Laptops,ASUS VivoBook,71215.89,26.2,3,4.6,209,Net Banking,3-4 days,52557.33,157671.99,December,12
ORD100372,2025-12-31,North,Laptops,ASUS VivoBook,62029.55,17.7,3,4.0,203,UPI,5-7 days,51050.32,153150.96,December,12
ORD100389,2025-12-31,East,Monitors,LG UltraGear,29413.48,2.7,1,4.4,158,Debit Card,3-4 days,28619.32,28619.32,December,12
ORD100976,2025-12-31,East,Smartphones,iPhone,71943.94,7.8,2,3.9,197,Net Banking,3-4 days,66332.31,132664.62,December,12
ORD102434,2025-12-31,North,Smartphones,Samsung Galaxy,85665.98,2.2,3,3.8,199,Cash on Delivery,5-7 days,83781.33,251343.99,December,12
